case,c_ns,rust_ns,percent_of_c,percent_lower,percent_upper,timing_run,outlined_before_rust_ns,outlined_before_c_ns,outlined_speedup,input_bytes,window_bits,c_compressed_bytes,rust_compressed_bytes,compressed_fraction,start_rust_ns,speedup_from_start,passes
cold/q0/mbrotli/binary-256KiB,312024.2637301588,503781.0212409811,61.93648640465627,60.59204187576579,63.34568044211891,outlined-output,514651.17038780655,314591.80797732424,1.0215771311115465,262144,22,142114,142114,0.5421218872070312,536913.7210209235,1.0657680587059937,False
cold/q0/mbrotli/compressible-256KiB,38081.07479453571,39958.188706407134,95.30230480249361,93.0458732879845,97.66847999935436,outlined-output,38959.22758792966,40289.163096555974,0.974999839812126,262144,22,220,220,0.0008392333984375,91147.59766005291,2.281074308191496,True
cold/q0/mbrotli/incompressible-256KiB,19812.79932625793,32138.65203899958,61.64788523866998,60.63382471119009,62.61609707492184,outlined-output,32059.638570257994,19319.619450251645,0.9975414815579166,262144,22,262149,262149,1.0000190734863281,41224.716853830774,1.2827145582772248,False
cold/q0/mbrotli/text-1KiB,1778.879142544239,1919.7721521164021,92.66095148755859,90.27686610504504,95.1883735870093,outlined-output,1974.3513178398207,1741.7549314124979,1.0284300226270338,1024,22,229,229,0.2236328125,2164.784283221225,1.1276256303826033,False
cold/q0/mbrotli/text-1MiB,94888.092579023,101676.89336640212,93.32316265514226,91.69264218667044,95.00545852420372,outlined-output,101548.01323522927,111698.19356201934,0.9987324540816918,1048576,22,27963,27963,0.02666759490966797,369607.28654513886,3.63511584891982,False
cold/q0/mbrotli/vendor-alice29.txt,370737.97585449734,372865.86502380954,99.42931510526545,96.53194183520402,102.033163848749,outlined-output,388090.01657029486,364085.0988530466,1.0408301026577296,152089,22,65795,65795,0.4326085384215821,396205.7076955782,1.062595814905927,True
cold/q0/mbrotli/vendor-lcet10.txt,1007951.011053391,989247.2537533069,101.89070601198236,99.70139362026435,104.20786986531363,outlined-output,1019680.9722510822,1020053.2327128428,1.0307645215918533,426754,22,173662,173662,0.40693701757921424,1042881.1986574074,1.0542169257489549,True
cold/q0/mbrotli/vendor-mapsdatazrh,473777.91648378194,527047.4292743762,89.8928426870549,88.0465765385033,91.55541795485358,outlined-output,525768.1565665153,477243.68620427884,0.9975727560048586,285886,22,187191,187191,0.6547749802368776,545392.2586428572,1.0348067903371383,False
cold/q0/mbrotli/vendor-plrabn12.txt,1393411.746815476,1379385.9753621032,101.01681267635703,99.78865461941197,102.26627020562927,outlined-output,1423511.629905754,1394846.8467906746,1.0319893454999551,481861,22,235170,235170,0.48804530767171445,1435762.0972222222,1.0408704473345973,True
cold/q0/mbrotli/vendor-quickfox_repeated,19027.962251406738,20046.5004297748,94.91912225809129,91.69294402949158,97.85840572552827,outlined-output,19520.219855472766,19591.96774369419,0.9737470100506742,176128,22,203,203,0.0011525708575581396,54493.93235634921,2.718376334425439,False
cold/q0/mbrotli/vendor-random_org_10k.bin,8156.134098750779,10007.611782166028,81.4993054914994,80.1226847310324,83.07492665779166,outlined-output,9948.526925138463,7896.528839622008,0.9940960082871264,10000,22,10004,10004,1.0004,10192.794297581962,1.0185041665730816,False
cold/q1/mbrotli/binary-256KiB,641294.2261811391,688339.0770312499,93.16545400080854,91.49107672618331,94.82811122485401,outlined-output,707936.9443824404,644915.8035008819,1.0284712404178977,262144,22,118708,118708,0.4528350830078125,657406.9100925925,0.9550626021813765,False
cold/q1/mbrotli/compressible-256KiB,16815.853832702298,14193.682034669468,118.4742182587148,117.37637216337184,119.7313620139644,outlined-output,14286.11760904887,16943.737196820533,1.0065124450550336,262144,22,57,57,0.000217437744140625,65200.6923899282,4.593641891559152,True
cold/q1/mbrotli/incompressible-256KiB,25572.8148406116,34691.00876358904,73.71597353909263,72.54414214411705,74.86234188725905,outlined-output,35090.97062173538,25901.405481886533,1.0115292657204635,262144,22,262149,262149,1.0000190734863281,45650.099924272494,1.3159058081985178,False
cold/q1/mbrotli/text-1KiB,2421.078565702567,2730.3866511539463,88.67163794107124,87.70151363177678,89.70168936906582,outlined-output,2696.6601190868505,2460.0199670711745,0.9876477084105132,1024,22,176,176,0.171875,2844.8427556114398,1.0419193759276257,False
cold/q1/mbrotli/text-1MiB,175908.1922286226,171687.23908789386,102.45851302819766,99.04992382777534,106.15323368250117,outlined-output,168962.5041610863,172420.24813926092,0.9841296595991468,1048576,22,10001,10001,0.009537696838378906,508820.60408369405,2.9636483572504044,True
cold/q1/mbrotli/vendor-alice29.txt,487825.03439441,539986.163159486,90.34028419175064,89.28960953503501,91.35148579577488,outlined-output,560942.1086031746,494575.330820707,1.0388083007925133,152089,22,60292,60292,0.3964257770121442,529967.4660714286,0.9814463818305316,False
cold/q1/mbrotli/vendor-lcet10.txt,1355551.196000882,1404043.425406746,96.5462443305971,94.46263791328306,99.10589542565464,outlined-output,1460080.403015873,1341197.781525573,1.0399111427717367,426754,22,154908,154908,0.36299132521312044,1381955.4993154763,0.9842683454859161,True
cold/q1/mbrotli/vendor-mapsdatazrh,656818.1559897292,758679.1480608465,86.57390382594937,85.28882855967284,87.7809446770142,outlined-output,760737.1538492063,655074.1003384687,1.0027126167809146,285886,22,181028,181028,0.6332174363207712,723978.0159672619,0.9542611231872138,False
cold/q1/mbrotli/vendor-plrabn12.txt,1834762.4130555554,1987144.0452050262,92.33162625944671,90.98450051304872,93.7019972002211,outlined-output,2048394.3010119046,1839350.0995833334,1.030823259116356,481861,22,206088,206088,0.4276918032378632,1936462.5408201057,0.9744953041994038,False
cold/q1/mbrotli/vendor-quickfox_repeated,13976.338876478316,13011.518456994105,107.41512547265833,105.10370525204773,109.66763406788002,outlined-output,13026.02820190285,14261.565405717989,1.0011151461650463,176128,22,89,89,0.0005053143168604651,47134.86061145618,3.622548802989223,True
cold/q1/mbrotli/vendor-random_org_10k.bin,22318.9622676901,17039.33913387999,130.98490553141482,129.76145466079038,132.23870613924254,outlined-output,16548.779599980342,22515.63791002575,0.9712101783968694,10000,22,10004,10004,1.0004,16069.47577033583,0.9430809284371986,True
cold/q10/mbrotli/binary-256KiB,334497297.7,383040566.7,87.32685954957365,86.3930768708951,88.3014504326392,per-case-final,,,,262144,22,99708,99708,0.3803558349609375,388133067.4,1.0132949382982417,False
cold/q10/mbrotli/compressible-256KiB,4674435.48375,5744113.23261111,81.37784361930369,80.319142883621,82.4013930518458,per-case-final,,,,262144,22,20,20,7.62939453125e-05,6824863.473427581,1.1881491880558197,False
cold/q10/mbrotli/incompressible-256KiB,21440084.22888889,24665406.085912697,86.9237025906259,86.10441598132016,87.68108672950713,per-case-final,,,,262144,22,262149,262149,1.0000190734863281,26797214.641732804,1.086429088108047,False
cold/q10/mbrotli/text-1KiB,275757.54992422427,319502.8671532392,86.3083177879484,85.17420444479063,87.42289085973141,per-case-final,,,,1024,22,124,124,0.12109375,319646.4703569135,1.0004494582629377,False
cold/q10/mbrotli/text-1MiB,103237446.73003969,114789967.66666667,89.93594895838474,89.16507539510515,90.7184030303428,per-case-final,,,,1048576,22,5647,5647,0.005385398864746094,124212071.06666668,1.0820812444808803,False
cold/q10/mbrotli/vendor-alice29.txt,45958272.364285715,51989045.05992064,88.39991638876214,87.39890983874842,89.38328543628046,per-case-final,,,,152089,22,47477,47477,0.3121659028595099,52887606.347817466,1.0172836659504167,False
cold/q10/mbrotli/vendor-lcet10.txt,150487673.35,170635780.0,88.19233184857244,87.33348663880685,88.98687823574122,per-case-final,,,,426754,22,116022,116022,0.2718709139223065,173670261.35,1.017783382535597,False
cold/q10/mbrotli/vendor-mapsdatazrh,128196064.46666667,139383128.06666666,91.97387534978462,91.52559426797507,92.46923723399824,per-case-final,,,,285886,22,160499,160499,0.5614090931350258,143136424.5333333,1.026927910994159,False
cold/q10/mbrotli/vendor-plrabn12.txt,167383348.0,182518525.05,91.70759403964402,90.60589349922186,92.95974268230513,per-case-final,,,,481861,22,168094,168094,0.3488433386391511,189983217.4,1.0408982723696407,False
cold/q10/mbrotli/vendor-quickfox_repeated,2660793.9093707483,3823842.4376798943,69.58429780347272,68.70394216070605,70.66443045681555,per-case-final,,,,176128,22,57,57,0.0003236282703488372,4246288.926657508,1.1104769602468065,False
cold/q10/mbrotli/vendor-random_org_10k.bin,4740945.9364384925,5439845.1754127,87.15222186592499,86.64116427533439,87.74959848891348,per-case-final,,,,10000,22,10004,10004,1.0004,5470462.994464285,1.0056284357484977,False
cold/q11/mbrotli/binary-256KiB,444541555.1,495694816.0,89.68049306773464,88.940238843087,90.40501773068308,per-case-final,,,,262144,22,66420,66420,0.2533721923828125,502116984.0,1.0129558909891847,False
cold/q11/mbrotli/compressible-256KiB,6059939.25723545,7198497.749513889,84.18338753588795,83.43837656607995,84.93977568254782,per-case-final,,,,262144,22,20,20,7.62939453125e-05,8262386.652641724,1.1477931840986793,False
cold/q11/mbrotli/incompressible-256KiB,36228940.11978175,41029839.534742065,88.2990051401611,86.74241108004574,89.74850807869176,per-case-final,,,,262144,22,262149,262149,1.0000190734863281,47518482.2130754,1.1581444809902088,False
cold/q11/mbrotli/text-1KiB,1401381.595919821,1443898.2537781955,97.05542563354982,95.7491773415709,98.41896877275465,per-case-final,,,,1024,22,124,124,0.12109375,1677449.0455062527,1.1617501725740949,True
cold/q11/mbrotli/text-1MiB,1722777438.8,1677856867.7,102.67725882730252,102.14361440373685,103.17200461493405,per-case-final,,,,1048576,22,8038,8038,0.0076656341552734375,2297969397.2,1.3695860722315651,True
cold/q11/mbrotli/vendor-alice29.txt,133163440.03333333,139309810.49999997,95.58798447531689,94.95384821214915,96.17243323468172,per-case-final,,,,152089,22,46487,46487,0.305656556358448,143938416.96666667,1.0332252728652351,True
cold/q11/mbrotli/vendor-lcet10.txt,398531583.3,416761881.1,95.62572811316548,93.34717700729291,97.33128128473128,per-case-final,,,,426754,22,113416,113416,0.26576435135933113,427995896.1,1.026955476279042,True
cold/q11/mbrotli/vendor-mapsdatazrh,373297964.1,388476193.7,96.09288037564501,95.30400895292614,96.9454583450612,per-case-final,,,,285886,22,159339,159339,0.5573515317294306,401348578.7,1.0331355825884678,True
cold/q11/mbrotli/vendor-plrabn12.txt,429931720.6,448381723.0,95.88520194878684,95.18164261119395,96.58455082403172,per-case-final,,,,481861,22,163267,163267,0.33882592697894204,453386101.5,1.0111609778973976,True
cold/q11/mbrotli/vendor-quickfox_repeated,3552611.2196279755,4759378.7583267195,74.64443155343632,73.74221693032706,75.53280490671963,per-case-final,,,,176128,22,57,57,0.0003236282703488372,5238571.436626984,1.1006838712850702,False
cold/q11/mbrotli/vendor-random_org_10k.bin,10376663.555509258,11294094.749809522,91.87689483200292,91.27292496864906,92.49993621602223,per-case-final,,,,10000,22,10004,10004,1.0004,11490246.779214287,1.0173676628140624,False
cold/q2/mbrotli/binary-256KiB,881108.2505853174,1067012.2076785716,82.57714806302795,81.39458690258441,83.86727686046116,per-case-final,,,,262144,22,99597,99597,0.3799324035644531,1240796.1945079365,1.1628697268679384,False
cold/q2/mbrotli/compressible-256KiB,109347.6289105339,24373.16765340364,448.63938272407455,438.7162553338479,458.1039107464913,per-case-final,,,,262144,22,28,28,0.0001068115234375,348104.0412053572,14.282265077545038,True
cold/q2/mbrotli/incompressible-256KiB,121130.11022005773,129177.14894708995,93.7705400741363,84.7734019132986,102.67950120234386,per-case-final,,,,262144,22,262149,262149,1.0000190734863281,314144.9878813933,2.431892873019398,False
cold/q2/mbrotli/text-1KiB,2400.7417681127345,3935.9910178058294,60.994594684086955,59.1532044375948,62.53654213674716,per-case-final,,,,1024,22,174,174,0.169921875,6617.086606998733,1.6811742143373885,False
cold/q2/mbrotli/text-1MiB,631071.1836772487,954440.083234127,66.11951810938822,65.03386220203407,67.27392186376998,per-case-final,,,,1048576,22,8176,8176,0.0077972412109375,1139425.218063492,1.1938153458544423,False
cold/q2/mbrotli/vendor-alice29.txt,897151.4043095236,999511.3083829365,89.75900490420501,86.83820040530942,92.73948817492261,per-case-final,,,,152089,22,57383,57383,0.3772988184549836,1198389.9773095236,1.19897590678423,False
cold/q2/mbrotli/vendor-lcet10.txt,2441041.002480159,2664217.582857142,91.62318491503815,87.48075296187244,96.10563570680308,per-case-final,,,,426754,22,148449,148449,0.34785614194594544,2854657.8338690475,1.0714807425028983,False
cold/q2/mbrotli/vendor-mapsdatazrh,1198723.7640972224,1337238.9374338624,89.64170355355878,87.56353287873412,91.69555167271031,per-case-final,,,,285886,22,177027,177027,0.6192223473692311,1535850.1396031748,1.148523346583404,False
cold/q2/mbrotli/vendor-plrabn12.txt,3126509.111984127,3503212.7326785713,89.24690992412513,86.00514766957994,92.69037079285253,per-case-final,,,,481861,22,198935,198935,0.41284727338381816,3588941.385079365,1.024471437775132,False
cold/q2/mbrotli/vendor-quickfox_repeated,73598.17036507938,15758.651484407925,467.03342883050357,454.68430216497893,479.3025100642023,per-case-final,,,,176128,22,65,65,0.0003690497819767442,293734.2848287385,18.639557142269936,True
cold/q2/mbrotli/vendor-random_org_10k.bin,28145.057027747484,27774.587802079488,101.33384238969788,99.45333804310013,102.99701567163655,per-case-final,,,,10000,22,10004,10004,1.0004,31676.24880287182,1.1404759281612171,True
cold/q3/mbrotli/binary-256KiB,1353576.8806878305,1572911.1791666665,86.05551913013677,83.47560985749058,88.90682400998634,per-case-final,,,,262144,22,99347,99347,0.3789787292480469,1761023.3567460317,1.1195949142398667,False
cold/q3/mbrotli/compressible-256KiB,112427.6741592262,27720.81339405965,405.5713393435943,394.4983802056837,416.6863580527462,per-case-final,,,,262144,22,19,19,7.2479248046875e-05,364877.1416216931,13.162569814776193,True
cold/q3/mbrotli/incompressible-256KiB,123766.32683597882,185611.05756991683,66.68047068766792,57.34001181549696,75.5165434967123,per-case-final,,,,262144,22,262149,262149,1.0000190734863281,443355.01014550263,2.388623910396597,False
cold/q3/mbrotli/text-1KiB,5873.80998280211,8595.845713630577,68.3331248429449,66.53430277093467,70.02793146853286,per-case-final,,,,1024,22,157,157,0.1533203125,10480.739421506561,1.2192796114159048,False
cold/q3/mbrotli/text-1MiB,806418.1541428572,1098569.0549404763,73.4062324545043,69.47445138461337,77.19127939036598,per-case-final,,,,1048576,22,8222,8222,0.007841110229492188,1324153.184722222,1.2053436047258481,False
cold/q3/mbrotli/vendor-alice29.txt,1061156.8713194446,1186841.3338591268,89.41017143959697,87.34762788385017,91.28260531396892,per-case-final,,,,152089,22,56863,56863,0.37387976776755716,1409876.5050496033,1.1879233262505753,False
cold/q3/mbrotli/vendor-lcet10.txt,2800835.0928968256,3185114.9970039683,87.93513250012606,83.64119516261795,91.62269212816132,per-case-final,,,,426754,22,146522,146522,0.3433406599586647,3358943.6565476186,1.0545753166548648,False
cold/q3/mbrotli/vendor-mapsdatazrh,1503757.6453968254,1674851.9721825395,89.7845105342201,86.40158594948706,93.43271532191524,per-case-final,,,,285886,22,175749,175749,0.6147520340275494,1907302.0022619045,1.1387884027604265,False
cold/q3/mbrotli/vendor-plrabn12.txt,3752973.289047619,4069158.1231746026,92.22972358025969,90.20795181688433,94.23662764698138,per-case-final,,,,481861,22,198153,198153,0.41122439873739525,4301560.6925595235,1.0571131822234545,False
cold/q3/mbrotli/vendor-quickfox_repeated,74027.04188015872,17363.393123362614,426.3397214715747,419.40240847083936,433.4979675591256,per-case-final,,,,176128,22,48,48,0.00027252906976744186,291373.1579427736,16.78088815202417,True
cold/q3/mbrotli/vendor-random_org_10k.bin,30372.73303840463,32829.94633705134,92.51532953048559,88.95893616930645,96.19816188353887,per-case-final,,,,10000,22,10004,10004,1.0004,35489.59935455135,1.0810130175113435,False
cold/q4/mbrotli/binary-256KiB,2199698.816349206,2848123.603333333,77.23326381533316,75.24039092993574,79.41671853100647,per-case-final,,,,262144,22,96205,96205,0.3669929504394531,3048860.225654762,1.070480305730585,False
cold/q4/mbrotli/compressible-256KiB,102719.11593776107,35688.0676000162,287.8248188974918,276.4402939397701,300.6939799365457,per-case-final,,,,262144,22,19,19,7.2479248046875e-05,341301.1501438492,9.563452803583411,True
cold/q4/mbrotli/incompressible-256KiB,158408.574268461,236771.10739335316,66.90367588022185,64.967766141979,68.73173027493378,per-case-final,,,,262144,22,262149,262149,1.0000190734863281,418468.1681379732,1.7673954087766401,False
cold/q4/mbrotli/text-1KiB,9063.877684233077,13107.965157131228,69.14786220118982,67.57006130984067,70.81837143113476,per-case-final,,,,1024,22,157,157,0.1533203125,17524.80918773103,1.336958786329766,False
cold/q4/mbrotli/text-1MiB,2134438.929345238,1374390.9059920635,155.3007168513354,150.25023200447103,161.86457173234106,per-case-final,,,,1048576,22,7647,7647,0.007292747497558594,4105265.9601388886,2.9869711318961496,True
cold/q4/mbrotli/vendor-alice29.txt,1547915.3428439156,1806492.3255555555,85.68623962284926,84.19231893775853,87.23818757764785,per-case-final,,,,152089,22,55504,55504,0.3649442102979177,1993960.9110317458,1.1037749138616118,False
cold/q4/mbrotli/vendor-lcet10.txt,3975731.053095238,4522580.715753968,87.90845985890682,86.3205521012728,89.72669202748082,per-case-final,,,,426754,22,141896,141896,0.33250069126475673,4846775.818313492,1.0716836520861248,False
cold/q4/mbrotli/vendor-mapsdatazrh,1975534.9019246034,2464337.120634921,80.16496141630246,77.94423303240666,82.66470313339438,per-case-final,,,,285886,22,172868,172868,0.6046745905710668,2724054.115026455,1.1053902050238238,False
cold/q4/mbrotli/vendor-plrabn12.txt,5257301.315952381,6192440.55829365,84.89869650684301,82.51843396942675,87.20563277215459,per-case-final,,,,481861,22,193873,193873,0.40234216921477356,6566481.271944445,1.0604027943634977,False
cold/q4/mbrotli/vendor-quickfox_repeated,60990.452760290565,27329.00994767784,223.17110234530452,216.9087745447134,229.37473265322356,per-case-final,,,,176128,22,52,52,0.00029523982558139533,283430.58163888886,10.371051940100454,True
cold/q4/mbrotli/vendor-random_org_10k.bin,44699.274572800314,59077.69028149803,75.66185197798643,70.73564259592801,79.1469530013632,per-case-final,,,,10000,22,10004,10004,1.0004,64047.7001442577,1.0841266786003003,False
cold/q5/mbrotli/binary-256KiB,2733618.0108531746,5148744.5107936505,53.09290459300343,51.31537847191051,55.173151006119326,per-case-final,,,,262144,22,94650,94650,0.36106109619140625,5495966.740912699,1.0674382326392664,False
cold/q5/mbrotli/compressible-256KiB,103621.86054308391,40129.892136614944,258.2161451875377,249.68427102989784,265.85346369212107,per-case-final,,,,262144,22,19,19,7.2479248046875e-05,335901.1866643324,8.37034860499544,True
cold/q5/mbrotli/incompressible-256KiB,308758.47042460315,658964.2681878307,46.855115721782184,42.0345002120908,54.20938132980513,per-case-final,,,,262144,22,262149,262149,1.0000190734863281,796574.6868140589,1.2088283466486893,False
cold/q5/mbrotli/text-1KiB,9588.423730802231,14968.679145600627,64.05657865691055,62.60853792106675,65.65867316286257,per-case-final,,,,1024,22,146,146,0.142578125,15351.443785560394,1.025571036444606,False
cold/q5/mbrotli/text-1MiB,2722903.2742261905,3288029.9997222223,82.81260433926167,77.74764255103254,87.60918639080502,per-case-final,,,,1048576,22,8254,8254,0.007871627807617188,3756547.9800992063,1.1424920029368848,False
cold/q5/mbrotli/vendor-alice29.txt,2306328.290297619,3751513.268412699,61.47727930796973,59.44966053038482,63.67640537092313,per-case-final,,,,152089,22,52809,52809,0.34722432260058256,3992238.0142658735,1.0641673715724396,False
cold/q5/mbrotli/vendor-lcet10.txt,6026396.004603175,10160809.266666666,59.31019711562977,58.134345046129425,60.563821822529334,per-case-final,,,,426754,22,133991,133991,0.3139771390543498,10635862.29547619,1.0467534638572513,False
cold/q5/mbrotli/vendor-mapsdatazrh,2927220.4997420637,4255410.050515873,68.78821229900521,66.13034756770872,71.22053054805556,per-case-final,,,,285886,22,167912,167912,0.5873390092554375,4548393.911150794,1.0688497364900011,False
cold/q5/mbrotli/vendor-plrabn12.txt,8284122.366666665,13608622.6,60.87406940557427,59.30337253890795,62.42566281051535,per-case-final,,,,481861,22,186038,186038,0.38608229344146966,14274782.7,1.0489513244345536,False
cold/q5/mbrotli/vendor-quickfox_repeated,61474.591454802256,27573.867103789835,222.9451212751838,215.205698363024,230.16861912511953,per-case-final,,,,176128,22,51,51,0.000289562136627907,271285.4990041572,9.838500272124358,True
cold/q5/mbrotli/vendor-random_org_10k.bin,46899.08664757886,76586.35046048279,61.236873627733395,57.9576337596637,64.23556733495771,per-case-final,,,,10000,22,10004,10004,1.0004,73726.35248873873,0.9626565575386731,False
cold/q6/mbrotli/binary-256KiB,3382800.186984127,6862974.843888888,49.29058118282817,47.64679310883233,50.83117421216921,per-case-final,,,,262144,22,94648,94648,0.361053466796875,7282975.484523809,1.0611980446072753,False
cold/q6/mbrotli/compressible-256KiB,104463.10578117914,38859.4687052516,268.82278441203096,262.7358300645437,275.21987031765985,per-case-final,,,,262144,22,19,19,7.2479248046875e-05,335661.1265172736,8.637820786054936,True
cold/q6/mbrotli/incompressible-256KiB,642613.096600529,637935.2876256614,100.73327327482981,91.17925098136564,110.86100751099917,per-case-final,,,,262144,22,262149,262149,1.0000190734863281,920445.155952381,1.4428503545840776,True
cold/q6/mbrotli/text-1KiB,10397.487443103064,15374.373754692748,67.6286892006214,64.21957083683587,70.69410714183098,per-case-final,,,,1024,22,146,146,0.142578125,15630.747102837358,1.016675368521359,False
cold/q6/mbrotli/text-1MiB,4511910.000515873,3705182.808412698,121.77293898350935,109.70586235149081,134.74074469734427,per-case-final,,,,1048576,22,8254,8254,0.007871627807617188,4932786.68156746,1.3313207300777334,True
cold/q6/mbrotli/vendor-alice29.txt,2519474.981587302,4509302.354404761,55.87283316955309,54.993344015196435,56.80173489220686,per-case-final,,,,152089,22,51967,51967,0.34168809052594207,4837322.2949206345,1.0727429466324114,False
cold/q6/mbrotli/vendor-lcet10.txt,6937404.776031747,12213481.8,56.80120451836876,56.04146744009656,57.53971447241024,per-case-final,,,,426754,22,131169,131169,0.3073644300932153,13282004.933333334,1.0874871843124483,False
cold/q6/mbrotli/vendor-mapsdatazrh,3213211.319246032,4618143.790674603,69.5779833822943,68.05780740128965,71.16268544745844,per-case-final,,,,285886,22,167828,167828,0.5870451858433082,5142950.301686509,1.1136401408876972,False
cold/q6/mbrotli/vendor-plrabn12.txt,10756224.3,17196358.45,62.54943063250697,61.22303669827416,63.75509304406896,per-case-final,,,,481861,22,182408,182408,0.37854900064541436,18312934.8,1.0649309767092,False
cold/q6/mbrotli/vendor-quickfox_repeated,61514.58922619048,26645.003515406162,230.86725881129158,226.72854552152123,235.3486312163856,per-case-final,,,,176128,22,51,51,0.000289562136627907,270935.57828798186,10.168344625337605,True
cold/q6/mbrotli/vendor-random_org_10k.bin,45002.788906249996,78908.74153726708,57.031436605786,53.8944261861224,59.93582966709098,per-case-final,,,,10000,22,10004,10004,1.0004,77038.00543197278,0.976292409828754,False
cold/q7/mbrotli/binary-256KiB,7129726.865753969,12184807.7,58.51324896784353,57.254461619036555,59.77342979058916,per-case-final,,,,262144,22,94208,94208,0.359375,14234082.4,1.1681827691051703,False
cold/q7/mbrotli/compressible-256KiB,151927.00157936505,40604.37537141074,374.1641145558314,363.8193556030502,384.9284678374383,per-case-final,,,,262144,22,19,19,7.2479248046875e-05,338112.4509871032,8.326995499730453,True
cold/q7/mbrotli/incompressible-256KiB,2194430.828055556,862227.8384920635,254.50707227144986,248.1153382133638,260.2793287563593,per-case-final,,,,262144,22,262149,262149,1.0000190734863281,1053146.1663756615,1.2214244534454977,True
cold/q7/mbrotli/text-1KiB,10070.772268666313,16930.279320155736,59.48379278466432,58.89947663944054,60.14361359914626,per-case-final,,,,1024,22,146,146,0.142578125,18009.995900498714,1.06377429219715,False
cold/q7/mbrotli/text-1MiB,4174620.540595238,3425916.5685912697,121.85412157634165,111.31947562943292,133.60643085489127,per-case-final,,,,1048576,22,7586,7586,0.0072345733642578125,4322457.173035715,1.261693647960931,True
cold/q7/mbrotli/vendor-alice29.txt,4741195.006468254,4788390.582619048,99.01437496928291,92.69737774834843,103.68534714968487,per-case-final,,,,152089,22,51451,51451,0.3382953402284189,4771495.9051190475,0.9964717419749917,True
cold/q7/mbrotli/vendor-lcet10.txt,10494896.75,13036136.2,80.50619132070744,79.02650044681279,81.98960370379396,per-case-final,,,,426754,22,129087,129087,0.30248574119984817,17263799.9,1.3243034312574917,False
cold/q7/mbrotli/vendor-mapsdatazrh,6274903.410873016,6887404.289880952,91.1069416977913,88.84840835498849,93.48658381465992,per-case-final,,,,285886,22,167591,167591,0.586216184073372,10217590.116507936,1.4835182728447827,False
cold/q7/mbrotli/vendor-plrabn12.txt,14536942.8,18066678.15,80.46273188300529,79.11615497261732,81.9971988762752,per-case-final,,,,481861,22,179659,179659,0.3728440359356744,22732667.8,1.2582649456231112,False
cold/q7/mbrotli/vendor-quickfox_repeated,115732.50676011264,29374.121739047616,393.99478148913323,387.3110596245841,400.4634854464194,per-case-final,,,,176128,22,51,51,0.000289562136627907,274108.03906349203,9.331616498991854,True
cold/q7/mbrotli/vendor-random_org_10k.bin,44846.28401091271,70366.13426129427,63.732766453223995,62.35514851714582,65.13872860606595,per-case-final,,,,10000,22,10004,10004,1.0004,72771.17675978836,1.0341789771989367,False
cold/q8/mbrotli/binary-256KiB,7093499.957301587,12202920.4,58.129527398224994,56.22334011786769,60.5660531158542,per-case-final,,,,262144,22,94208,94208,0.359375,19426675.0,1.5919693289157242,False
cold/q8/mbrotli/compressible-256KiB,104601.05087414966,41984.74782963564,249.1405957672925,245.2667340863164,252.6083733828564,per-case-final,,,,262144,22,19,19,7.2479248046875e-05,336377.86073164677,8.011906183087964,True
cold/q8/mbrotli/incompressible-256KiB,581219.7732936508,864470.5349999999,67.2341913068964,65.13229152868243,69.3129851733064,per-case-final,,,,262144,22,262149,262149,1.0000190734863281,1056831.2352777778,1.2225185156574225,False
cold/q8/mbrotli/text-1KiB,10814.032022557709,18326.559422488113,59.007431636557214,57.92600716552543,60.43075791757091,per-case-final,,,,1024,22,146,146,0.142578125,18819.328248359416,1.026888234420403,False
cold/q8/mbrotli/text-1MiB,3092073.1561309528,3131722.4291071435,98.7339467697495,87.31030760715261,111.37339048991959,per-case-final,,,,1048576,22,7586,7586,0.0072345733642578125,3615805.1568055553,1.154573956874085,True
cold/q8/mbrotli/vendor-alice29.txt,3409417.671924603,5348478.834880953,63.745557890021836,62.01065001520446,65.54714201438375,per-case-final,,,,152089,22,51187,51187,0.33655951449480237,5388326.724761905,1.0074503220656084,False
cold/q8/mbrotli/vendor-lcet10.txt,10311336.6,15159790.9,68.01767034926583,66.79770728679452,69.2908739131118,per-case-final,,,,426754,22,128078,128078,0.3001213814047437,15859053.7,1.0461261507241502,False
cold/q8/mbrotli/vendor-mapsdatazrh,5390088.3658730155,7597221.9333333345,70.94814937844096,68.19949696122058,74.72867963342803,per-case-final,,,,285886,22,167602,167602,0.5862546609487698,7451724.146825397,0.9808485538813134,False
cold/q8/mbrotli/vendor-plrabn12.txt,14639498.5,21077901.6,69.45425013275515,67.29656087774919,71.71372116248511,per-case-final,,,,481861,22,178163,178163,0.3697394061773001,22329674.0,1.0593879041545577,False
cold/q8/mbrotli/vendor-quickfox_repeated,62334.44271859026,29069.856586031743,214.42982539013408,209.76957694569148,219.12837371656605,per-case-final,,,,176128,22,51,51,0.000289562136627907,274889.7283862434,9.456177658555417,True
cold/q8/mbrotli/vendor-random_org_10k.bin,50688.892208632315,69952.66240460926,72.46170548226677,70.44480326377067,74.30756077305678,per-case-final,,,,10000,22,10004,10004,1.0004,70760.04687641723,1.0115418690876699,False
cold/q9/mbrotli/binary-256KiB,19179871.25,23998329.7,79.92169242511908,77.06339249541735,82.74628097164593,per-case-final,,,,262144,22,94116,94116,0.3590240478515625,30561610.7,1.2734890753667745,False
cold/q9/mbrotli/compressible-256KiB,48484.841374269,44242.39030837636,109.58910907914809,105.76501785159493,113.92453130220632,per-case-final,,,,262144,22,19,19,7.2479248046875e-05,228774.88462632275,5.170943139186788,True
cold/q9/mbrotli/incompressible-256KiB,8242752.6,1135687.7334920634,725.7939270555311,695.8491286903821,758.1002762027631,per-case-final,,,,262144,22,262149,262149,1.0000190734863281,3096442.086607143,2.726490737983111,True
cold/q9/mbrotli/text-1KiB,140474.76353479855,20421.421000440918,687.8794748502837,662.1951935833894,718.061571252465,per-case-final,,,,1024,22,146,146,0.142578125,20435.50551345887,1.0006896930932303,True
cold/q9/mbrotli/text-1MiB,10407674.65,3450190.6682142853,301.6550576721228,270.50233295110274,330.02358328146016,per-case-final,,,,1048576,22,7542,7542,0.0071926116943359375,3983639.8674999997,1.1546144113715928,True
cold/q9/mbrotli/vendor-alice29.txt,11251908.7,6243985.830158731,180.2039435396022,172.65909905202972,187.5004015436582,per-case-final,,,,152089,22,51054,51054,0.3356850265305183,6276499.195714286,1.0052071491575965,True
cold/q9/mbrotli/vendor-lcet10.txt,20404914.2,19052576.45,107.09792585558685,103.43873271323093,110.97903488189908,per-case-final,,,,426754,22,127437,127437,0.29861934510279925,23944760.9,1.2567728549909585,True
cold/q9/mbrotli/vendor-mapsdatazrh,16107527.9,17318715.85,93.00647946135105,89.23419121733983,97.25134884652815,per-case-final,,,,285886,22,166978,166978,0.5840719727443806,23557492.15,1.3602331924627078,False
cold/q9/mbrotli/vendor-plrabn12.txt,26495062.2,28168923.5,94.05777327628441,90.92311871726957,97.3335537433233,per-case-final,,,,481861,22,177362,177362,0.368077101072716,33355052.9,1.1841081857458982,False
cold/q9/mbrotli/vendor-quickfox_repeated,64396.61216201422,31372.13477038393,205.26691165054604,202.11211002633527,208.64663507160037,per-case-final,,,,176128,22,51,51,0.000289562136627907,30662.593493887973,0.9773830731734016,True
cold/q9/mbrotli/vendor-random_org_10k.bin,2133275.7159920637,97124.24650689223,2196.439913529399,2108.078370071997,2276.924805709174,per-case-final,,,,10000,22,10004,10004,1.0004,96379.14223475356,0.9923283392259233,True
dictionary/q11/mbrotli/alice29-half,74839678.0577381,80628844.30531746,92.81998111537168,92.30990238448146,93.38784406487211,per-case-final,,,,76045,22,22230,22230,0.2923269116970215,,,False
dictionary/q5/mbrotli/alice29-half,1861885.0028174606,2744893.1489285715,67.83087361867692,66.7322367971566,69.14523393352786,per-case-final,,,,76045,22,24334,24334,0.31999473995660466,,,False
dictionary/q9/mbrotli/alice29-half,8536968.133333333,3361587.893472222,253.95641595184952,248.1952927185543,260.204610109941,per-case-final,,,,76045,22,24024,24024,0.3159182063252022,,,True
flush/q1/mbrotli/1,54914.32484956171,49406.80505684256,111.14728990547505,107.11557873306108,115.4591407278659,per-case-final,,,,262144,22,2674,2674,0.01020050048828125,,,True
flush/q1/mbrotli/256,880815.0258571428,953120.7137400793,92.41379535240542,90.16983746058135,94.75626280196342,per-case-final,,,,262144,22,46375,46375,0.17690658569335938,,,False
flush/q1/mbrotli/32,150909.59190934064,152491.96320436505,98.96232479287858,94.9256573690293,103.14819156745297,per-case-final,,,,262144,22,8560,8560,0.03265380859375,,,True
flush/q1/mbrotli/4,69560.63131105006,62224.3705,111.79001209992164,105.67677524447106,117.02607335992866,per-case-final,,,,262144,22,3224,3224,0.012298583984375,,,True
flush/q11/mbrotli/1,370087647.1,365696635.0,101.20072532250673,100.42928915995816,101.98378534463882,per-case-final,,,,262144,22,2330,2330,0.00888824462890625,,,True
flush/q11/mbrotli/256,428239832.9,412464020.0,103.82477310384552,102.94024444410485,104.62582661582007,per-case-final,,,,262144,22,5540,5540,0.0211334228515625,,,True
flush/q11/mbrotli/32,403573942.0,389370065.7,103.64791173005676,102.96717999676757,104.39898021060482,per-case-final,,,,262144,22,2712,2712,0.010345458984375,,,True
flush/q11/mbrotli/4,367309742.3,360451625.1,101.90264565962141,101.16888523480563,102.6842139331135,per-case-final,,,,262144,22,2326,2326,0.00887298583984375,,,True
flush/q2/mbrotli/1,167827.75238636363,225132.90090525793,74.5460799872117,72.31984125847751,77.13899671834608,per-case-final,,,,262144,22,2362,2362,0.00901031494140625,,,False
flush/q2/mbrotli/256,214180.17616246495,282650.8382814408,75.7755319123454,74.27702032556758,77.38762778343639,per-case-final,,,,262144,22,9035,9035,0.034465789794921875,,,False
flush/q2/mbrotli/32,170224.91680083144,240173.58276190475,70.8757869384758,69.03335705822715,72.8345378423142,per-case-final,,,,262144,22,4662,4662,0.01778411865234375,,,False
flush/q2/mbrotli/4,171607.60764430015,235658.81978670633,72.8203628447352,70.33169374929929,75.17050256009065,per-case-final,,,,262144,22,2157,2157,0.008228302001953125,,,False
flush/q5/mbrotli/1,541707.3152721089,803443.3229285714,67.42321453336272,64.31104785325162,70.4600728095556,per-case-final,,,,262144,22,2353,2353,0.008975982666015625,,,False
flush/q5/mbrotli/256,1461522.1111507935,1809387.1456746035,80.7744276643397,77.60963976155597,83.58457047934992,per-case-final,,,,262144,22,5535,5535,0.021114349365234375,,,False
flush/q5/mbrotli/32,733374.0200595238,876293.9426904761,83.69041303741677,78.27954527279921,88.8217459267113,per-case-final,,,,262144,22,2390,2390,0.00911712646484375,,,False
flush/q5/mbrotli/4,574922.7520691609,790793.6745079365,72.70199175871012,69.65851829601877,75.84603146497574,per-case-final,,,,262144,22,2292,2292,0.0087432861328125,,,False
flush/q9/mbrotli/1,2718232.352837302,922771.6913690476,294.5725771891054,261.64540970622505,335.35903256269995,per-case-final,,,,262144,22,2187,2187,0.008342742919921875,,,True
flush/q9/mbrotli/256,3840089.8134523807,2362329.906626984,162.55518768483074,153.183440449922,172.48079354498927,per-case-final,,,,262144,22,5510,5510,0.02101898193359375,,,True
flush/q9/mbrotli/32,2831607.8740873015,1171141.1891765872,241.78193886922935,222.99297337969753,263.8571420418263,per-case-final,,,,262144,22,2348,2348,0.0089569091796875,,,True
flush/q9/mbrotli/4,2651909.279543651,874026.727688492,303.4128357329601,276.51434011381264,334.32349796256136,per-case-final,,,,262144,22,2049,2049,0.007816314697265625,,,True
presized/q0/mbrotli/binary-256KiB,307004.91915674595,514551.12838293647,59.66460905868782,57.58008162144031,61.14607846412437,per-case-final,,,,262144,22,142114,142114,0.5421218872070312,,,False
presized/q0/mbrotli/compressible-256KiB,38739.65327001013,38423.58819782168,100.82258083383886,99.60307664030479,101.97559146692632,per-case-final,,,,262144,22,220,220,0.0008392333984375,,,True
presized/q0/mbrotli/incompressible-256KiB,19184.816415954414,30789.542666733363,62.30952055251765,59.82624709268766,65.30211932222645,per-case-final,,,,262144,22,262149,262149,1.0000190734863281,,,False
presized/q0/mbrotli/text-1KiB,1730.7393426909052,1702.3074250131722,101.67019877020822,99.19075697020071,103.82466249175347,per-case-final,,,,1024,22,229,229,0.2236328125,,,True
presized/q0/mbrotli/text-1MiB,103035.44092630385,97867.54598901099,105.2804991532874,101.2803425534498,108.17370709527533,per-case-final,,,,1048576,22,27963,27963,0.02666759490966797,,,True
presized/q0/mbrotli/vendor-alice29.txt,360154.4409090909,384897.8558531745,93.57143341595481,91.5922528870976,95.63261268851436,per-case-final,,,,152089,22,65795,65795,0.4326085384215821,,,False
presized/q0/mbrotli/vendor-lcet10.txt,989001.589484127,1052432.2402281745,93.97294682550819,88.23207416883974,99.11270847771236,per-case-final,,,,426754,22,173662,173662,0.40693701757921424,,,False
presized/q0/mbrotli/vendor-mapsdatazrh,466665.67815972224,521056.47544217686,89.56143914413543,87.68074654876465,91.4921064082965,per-case-final,,,,285886,22,187191,187191,0.6547749802368776,,,False
presized/q0/mbrotli/vendor-plrabn12.txt,1392138.1057804232,1400929.9121428572,99.3724306772074,97.95617609418403,100.97555831349237,per-case-final,,,,481861,22,235170,235170,0.48804530767171445,,,True
presized/q0/mbrotli/vendor-quickfox_repeated,19212.340932851326,19381.74270725389,99.12597243209115,92.26129771681708,104.42579339743352,per-case-final,,,,176128,22,203,203,0.0011525708575581396,,,True
presized/q0/mbrotli/vendor-random_org_10k.bin,7694.259630192503,9456.448652745252,81.36521344044758,80.31565488632589,82.3112973115193,per-case-final,,,,10000,22,10004,10004,1.0004,,,False
presized/q1/mbrotli/binary-256KiB,632213.3813822751,688655.6419642856,91.8039935865453,89.39138873270787,94.05452532509258,per-case-final,,,,262144,22,118708,118708,0.4528350830078125,,,False
presized/q1/mbrotli/compressible-256KiB,16510.688651329903,14398.0476359241,114.6731075547675,105.63110623484084,121.2489821030806,per-case-final,,,,262144,22,57,57,0.000217437744140625,,,True
presized/q1/mbrotli/incompressible-256KiB,26059.821636473433,35577.8778125,73.24726273391586,70.07629262310043,76.49416299501868,per-case-final,,,,262144,22,262149,262149,1.0000190734863281,,,False
presized/q1/mbrotli/text-1KiB,2390.195348689772,2344.7137908663253,101.93974880860158,99.86467648045118,103.99169261663168,per-case-final,,,,1024,22,176,176,0.171875,,,True
presized/q1/mbrotli/text-1MiB,172385.6611147186,166633.42124098126,103.45203250998404,99.94322140301804,107.22866175792265,per-case-final,,,,1048576,22,10001,10001,0.009537696838378906,,,True
presized/q1/mbrotli/vendor-alice29.txt,488611.36601686507,547467.3158106575,89.24941305278801,86.268858765051,91.70877035571503,per-case-final,,,,152089,22,60292,60292,0.3964257770121442,,,False
presized/q1/mbrotli/vendor-lcet10.txt,1337496.0409259258,1417500.376547619,94.35595665825873,92.48480472074158,96.3687167438943,per-case-final,,,,426754,22,154908,154908,0.36299132521312044,,,False
presized/q1/mbrotli/vendor-mapsdatazrh,646784.2185119047,732229.911920635,88.33075622592271,86.67132693229297,89.84290819194067,per-case-final,,,,285886,22,181028,181028,0.6332174363207712,,,False
presized/q1/mbrotli/vendor-plrabn12.txt,1838536.329365079,1978823.0503373016,92.9105979967077,90.77400356846456,95.05021047972886,per-case-final,,,,481861,22,206088,206088,0.4276918032378632,,,False
presized/q1/mbrotli/vendor-quickfox_repeated,13850.516303488443,12518.871077256077,110.63710312227482,108.79704505552631,112.2854129763171,per-case-final,,,,176128,22,89,89,0.0005053143168604651,,,True
presized/q1/mbrotli/vendor-random_org_10k.bin,21915.89199679671,16200.409198272228,135.27986687604186,131.2314979328444,138.67340937261304,per-case-final,,,,10000,22,10004,10004,1.0004,,,True
presized/q10/mbrotli/binary-256KiB,334493415.2,383332883.1,87.25925427919543,86.61269363225487,87.89470165252243,per-case-final,,,,262144,22,99708,99708,0.3803558349609375,,,False
presized/q10/mbrotli/compressible-256KiB,4674380.5887334645,5282184.402947331,88.49332458225565,87.86445424962723,89.20161907731678,per-case-final,,,,262144,22,20,20,7.62939453125e-05,,,False
presized/q10/mbrotli/incompressible-256KiB,21276210.418981485,23593748.01551587,90.17732326796781,89.25678407084335,91.08111155484515,per-case-final,,,,262144,22,262149,262149,1.0000190734863281,,,False
presized/q10/mbrotli/text-1KiB,271567.02806243126,270495.09501196456,100.39628557790273,99.18168881054531,101.60418227568117,per-case-final,,,,1024,22,124,124,0.12109375,,,True
presized/q10/mbrotli/text-1MiB,102023152.83678572,111808310.46666667,91.24827341631443,90.32046021209624,92.0817894722911,per-case-final,,,,1048576,22,5647,5647,0.005385398864746094,,,False
presized/q10/mbrotli/vendor-alice29.txt,45966632.7620238,50964695.2138492,90.19308870414432,89.43890218968299,91.0014286831896,per-case-final,,,,152089,22,47477,47477,0.3121659028595099,,,False
presized/q10/mbrotli/vendor-lcet10.txt,149939803.8,168146873.75,89.17192479173286,88.21966426606554,90.13011129633549,per-case-final,,,,426754,22,116022,116022,0.2718709139223065,,,False
presized/q10/mbrotli/vendor-mapsdatazrh,129133265.99999997,141605723.7,91.19212318957977,89.68066982749372,92.48545893785369,per-case-final,,,,285886,22,160499,160499,0.5614090931350258,,,False
presized/q10/mbrotli/vendor-plrabn12.txt,166819807.1,184151936.1,90.58813642307398,89.66854076543567,91.53390813640353,per-case-final,,,,481861,22,168094,168094,0.3488433386391511,,,False
presized/q10/mbrotli/vendor-quickfox_repeated,2597799.3512585037,3482251.026733631,74.60115113226782,74.01738617975005,75.22308041788204,per-case-final,,,,176128,22,57,57,0.0003236282703488372,,,False
presized/q10/mbrotli/vendor-random_org_10k.bin,4863559.785049603,5378518.826948052,90.4256346688173,89.30316578836948,91.5363638073441,per-case-final,,,,10000,22,10004,10004,1.0004,,,False
presized/q11/mbrotli/binary-256KiB,445898216.7,488814475.4,91.22033800965461,90.30676385190657,92.02875485842375,per-case-final,,,,262144,22,66420,66420,0.2533721923828125,,,False
presized/q11/mbrotli/compressible-256KiB,6069314.881538801,6668000.400440917,91.02151345308064,90.09426957228602,91.92374518593816,per-case-final,,,,262144,22,20,20,7.62939453125e-05,,,False
presized/q11/mbrotli/incompressible-256KiB,36136036.74376984,39752226.97958334,90.90317571976341,89.81068383710861,92.01920902386652,per-case-final,,,,262144,22,262149,262149,1.0000190734863281,,,False
presized/q11/mbrotli/text-1KiB,1384189.8233501986,1373523.7675615079,100.77654686730516,99.97351909253854,101.52318244548798,per-case-final,,,,1024,22,124,124,0.12109375,,,True
presized/q11/mbrotli/text-1MiB,1714087350.6,1681071454.0,101.96397937288393,101.25444576915626,102.63086606513838,per-case-final,,,,1048576,22,8038,8038,0.0076656341552734375,,,True
presized/q11/mbrotli/vendor-alice29.txt,134211845.03333335,140070082.03333333,95.81763863134893,95.18709652880091,96.47709452205082,per-case-final,,,,152089,22,46487,46487,0.305656556358448,,,True
presized/q11/mbrotli/vendor-lcet10.txt,399319243.7,417281433.7,95.69542554512174,95.0208325554989,96.3993015954899,per-case-final,,,,426754,22,113416,113416,0.26576435135933113,,,True
presized/q11/mbrotli/vendor-mapsdatazrh,369290395.7,383818344.1,96.21488951132181,95.74103168116265,96.7090996959263,per-case-final,,,,285886,22,159339,159339,0.5573515317294306,,,True
presized/q11/mbrotli/vendor-plrabn12.txt,422863370.3,440240189.6,96.05287756308925,95.42171838448515,96.7333143267882,per-case-final,,,,481861,22,163267,163267,0.33882592697894204,,,True
presized/q11/mbrotli/vendor-quickfox_repeated,3583440.1173933535,4435771.04781746,80.78505582826507,79.87520071534841,81.67933155777764,per-case-final,,,,176128,22,57,57,0.0003236282703488372,,,False
presized/q11/mbrotli/vendor-random_org_10k.bin,10318237.612493385,11077456.98520635,93.14626656888053,92.31774002572364,94.09602889291932,per-case-final,,,,10000,22,10004,10004,1.0004,,,False
presized/q2/mbrotli/binary-256KiB,886877.573904762,1055278.695029762,84.0420239773484,82.05000430770893,85.8821069218823,per-case-final,,,,262144,22,99597,99597,0.3799324035644531,,,False
presized/q2/mbrotli/compressible-256KiB,110088.23983766235,14888.405102390749,739.4226519265292,729.6628433030425,750.4315655576011,per-case-final,,,,262144,22,28,28,0.0001068115234375,,,True
presized/q2/mbrotli/incompressible-256KiB,130385.67941844554,126040.66138888888,103.44731452665931,97.35783832365674,109.25150559785358,per-case-final,,,,262144,22,262149,262149,1.0000190734863281,,,True
presized/q2/mbrotli/text-1KiB,2168.1165161113495,2951.845817634392,73.44951769360627,71.44645760974348,75.58980090512354,per-case-final,,,,1024,22,174,174,0.169921875,,,False
presized/q2/mbrotli/text-1MiB,607694.6980621692,905044.4225099206,67.14528955129913,65.53682814357562,68.99612238938138,per-case-final,,,,1048576,22,8176,8176,0.0077972412109375,,,False
presized/q2/mbrotli/vendor-alice29.txt,899043.7173412697,976113.7265873015,92.10440267903161,89.7465858432249,95.32494120072586,per-case-final,,,,152089,22,57383,57383,0.3772988184549836,,,False
presized/q2/mbrotli/vendor-lcet10.txt,2361353.1782539682,2611176.3986507934,90.43254141980182,88.98835900567565,92.06669672899004,per-case-final,,,,426754,22,148449,148449,0.34785614194594544,,,False
presized/q2/mbrotli/vendor-mapsdatazrh,1222733.2018386242,1352120.8499867725,90.4307630379774,88.15494583332398,92.85931484031667,per-case-final,,,,285886,22,177027,177027,0.6192223473692311,,,False
presized/q2/mbrotli/vendor-plrabn12.txt,3169111.685178571,3418606.6879761904,92.7018512051961,90.97749760350685,94.4676674143573,per-case-final,,,,481861,22,198935,198935,0.41284727338381816,,,False
presized/q2/mbrotli/vendor-quickfox_repeated,72299.69422063492,10010.753650137742,722.2202917723395,711.1374007328774,735.0945353318762,per-case-final,,,,176128,22,65,65,0.0003690497819767442,,,True
presized/q2/mbrotli/vendor-random_org_10k.bin,27785.512851993215,27347.890122985576,101.6002065499006,99.11102123103662,104.36014638080967,per-case-final,,,,10000,22,10004,10004,1.0004,,,True
presized/q3/mbrotli/binary-256KiB,1323347.0714814814,1548644.478015873,85.45196074808318,84.23641151764012,86.575800689486,per-case-final,,,,262144,22,99347,99347,0.3789787292480469,,,False
presized/q3/mbrotli/compressible-256KiB,112510.9321031746,17899.262440281665,628.5785935512777,616.7401551641649,641.9999745322474,per-case-final,,,,262144,22,19,19,7.2479248046875e-05,,,True
presized/q3/mbrotli/incompressible-256KiB,119018.50840885816,169846.20196078432,70.07428310721853,62.63155136156146,78.01109103624435,per-case-final,,,,262144,22,262149,262149,1.0000190734863281,,,False
presized/q3/mbrotli/text-1KiB,5836.982791346645,6648.165180688309,87.7984020057444,87.22948758900448,88.48114256739036,per-case-final,,,,1024,22,157,157,0.1533203125,,,False
presized/q3/mbrotli/text-1MiB,803730.2380634921,1046892.0575793652,76.77298077147377,75.0679329823543,78.45338316011372,per-case-final,,,,1048576,22,8222,8222,0.007841110229492188,,,False
presized/q3/mbrotli/vendor-alice29.txt,1061554.7307638887,1179563.5672023809,89.99555092072075,88.65753063600793,91.39948468060443,per-case-final,,,,152089,22,56863,56863,0.37387976776755716,,,False
presized/q3/mbrotli/vendor-lcet10.txt,2805395.5577182537,3054772.4191666665,91.83648314081472,89.87126105851375,93.91845376348331,per-case-final,,,,426754,22,146522,146522,0.3433406599586647,,,False
presized/q3/mbrotli/vendor-mapsdatazrh,1490271.6381481483,1685826.6590873015,88.40005169659462,86.75734298977186,90.13285538632081,per-case-final,,,,285886,22,175749,175749,0.6147520340275494,,,False
presized/q3/mbrotli/vendor-plrabn12.txt,3704639.2355555547,4043223.4873809526,91.62588333585488,89.73584020802215,93.60811285521673,per-case-final,,,,481861,22,198153,198153,0.41122439873739525,,,False
presized/q3/mbrotli/vendor-quickfox_repeated,72797.88658650793,11077.808965955284,657.1505864583238,645.1929900805941,667.9695687113434,per-case-final,,,,176128,22,48,48,0.00027252906976744186,,,True
presized/q3/mbrotli/vendor-random_org_10k.bin,30751.373491071434,32237.74009516104,95.38935856017801,90.58001079875915,100.72507512478238,per-case-final,,,,10000,22,10004,10004,1.0004,,,True
presized/q4/mbrotli/binary-256KiB,2216964.267301588,2935201.3741666665,75.53022722098603,73.20197081106575,77.78210760877279,per-case-final,,,,262144,22,96205,96205,0.3669929504394531,,,False
presized/q4/mbrotli/compressible-256KiB,99570.65265532881,24728.564230539247,402.6544029287442,394.29440849292655,414.54229929331467,per-case-final,,,,262144,22,19,19,7.2479248046875e-05,,,True
presized/q4/mbrotli/incompressible-256KiB,158797.90874051067,219872.7185807657,72.2226521623598,70.6209691442824,73.89325228058492,per-case-final,,,,262144,22,262149,262149,1.0000190734863281,,,False
presized/q4/mbrotli/text-1KiB,8934.395483753733,10345.261839695842,86.36219771133807,83.71684962675542,89.2107879512706,per-case-final,,,,1024,22,157,157,0.1533203125,,,False
presized/q4/mbrotli/text-1MiB,1106964.493293651,1368976.5547486774,80.86073420715903,75.73130516288528,86.39879537624802,per-case-final,,,,1048576,22,7647,7647,0.007292747497558594,,,False
presized/q4/mbrotli/vendor-alice29.txt,1553735.1664682538,1825453.9806944444,85.11500059164337,82.35208617713013,87.79241889032129,per-case-final,,,,152089,22,55504,55504,0.3649442102979177,,,False
presized/q4/mbrotli/vendor-lcet10.txt,3988112.9098809524,4559317.28515873,87.47171254922014,84.70821156215406,90.44569521334554,per-case-final,,,,426754,22,141896,141896,0.33250069126475673,,,False
presized/q4/mbrotli/vendor-mapsdatazrh,1970117.284206349,2419378.362063492,81.43072266406617,78.91556955763069,83.83194577821473,per-case-final,,,,285886,22,172868,172868,0.6046745905710668,,,False
presized/q4/mbrotli/vendor-plrabn12.txt,5456621.317539683,6042553.255238095,90.30323916151691,85.65575850334208,95.1161101094343,per-case-final,,,,481861,22,193873,193873,0.40234216921477356,,,False
presized/q4/mbrotli/vendor-quickfox_repeated,61472.22934457671,18759.36620314083,327.688199478107,317.00461778605666,338.5244005360982,per-case-final,,,,176128,22,52,52,0.00029523982558139533,,,True
presized/q4/mbrotli/vendor-random_org_10k.bin,44840.2030021556,55591.86514446924,80.65964846767997,79.20554911275728,82.14784915565023,per-case-final,,,,10000,22,10004,10004,1.0004,,,False
presized/q5/mbrotli/binary-256KiB,2708434.7885515867,4983556.998214286,54.34742272481436,52.969514750525825,55.73854242592963,per-case-final,,,,262144,22,94650,94650,0.36106109619140625,,,False
presized/q5/mbrotli/compressible-256KiB,103728.95028549383,29801.76209876543,348.06314452725235,336.75227314414514,358.6614791604559,per-case-final,,,,262144,22,19,19,7.2479248046875e-05,,,True
presized/q5/mbrotli/incompressible-256KiB,298207.61652930395,360306.027005772,82.76509249858503,77.35405155360729,89.30641542802637,per-case-final,,,,262144,22,262149,262149,1.0000190734863281,,,False
presized/q5/mbrotli/text-1KiB,9613.56806128512,11555.87151702509,83.19206428629458,80.47991444110909,85.68795486279294,per-case-final,,,,1024,22,146,146,0.142578125,,,False
presized/q5/mbrotli/text-1MiB,2533307.197321429,3071872.5002380954,82.46784972765234,78.37816878983226,87.1547042757675,per-case-final,,,,1048576,22,8254,8254,0.007871627807617188,,,False
presized/q5/mbrotli/vendor-alice29.txt,2274705.057619048,3579087.4328373014,63.55544814997124,61.847389019151414,65.34370430200596,per-case-final,,,,152089,22,52809,52809,0.34722432260058256,,,False
presized/q5/mbrotli/vendor-lcet10.txt,6138169.276666666,9606053.333333332,63.898971447170815,62.49017000504535,65.56782169333496,per-case-final,,,,426754,22,133991,133991,0.3139771390543498,,,False
presized/q5/mbrotli/vendor-mapsdatazrh,2895783.0312698414,4238387.6172222225,68.3227513100299,65.34235285901761,71.30537054782529,per-case-final,,,,285886,22,167912,167912,0.5873390092554375,,,False
presized/q5/mbrotli/vendor-plrabn12.txt,8242127.0,13172364.35,62.571356067902876,60.65807507322249,64.42331712462553,per-case-final,,,,481861,22,186038,186038,0.38608229344146966,,,False
presized/q5/mbrotli/vendor-quickfox_repeated,61605.30882095776,19513.00356303015,315.71412684860474,307.9266141663158,323.5302089541231,per-case-final,,,,176128,22,51,51,0.000289562136627907,,,True
presized/q5/mbrotli/vendor-random_org_10k.bin,44306.57831736353,56704.113705357144,78.13644446959701,74.30600033108422,81.49418903484792,per-case-final,,,,10000,22,10004,10004,1.0004,,,False
presized/q6/mbrotli/binary-256KiB,3326065.585595238,6809765.7485714285,48.84258443534551,46.54417305234263,51.03625158395095,per-case-final,,,,262144,22,94648,94648,0.361053466796875,,,False
presized/q6/mbrotli/compressible-256KiB,103885.85598544974,28975.699289776276,358.5275197209981,349.55980450131324,367.4753986068174,per-case-final,,,,262144,22,19,19,7.2479248046875e-05,,,True
presized/q6/mbrotli/incompressible-256KiB,635342.0551455027,408105.8252777778,155.6807121567197,139.29289866108186,169.29296392678265,per-case-final,,,,262144,22,262149,262149,1.0000190734863281,,,True
presized/q6/mbrotli/text-1KiB,10052.101839735897,11955.154415430652,84.08173989590244,80.58602622017754,88.03544476699247,per-case-final,,,,1024,22,146,146,0.142578125,,,False
presized/q6/mbrotli/text-1MiB,3070871.0484325397,3439221.740952381,89.28970795532834,83.80814524051704,96.40505996231735,per-case-final,,,,1048576,22,8254,8254,0.007871627807617188,,,False
presized/q6/mbrotli/vendor-alice29.txt,2586061.5722420635,4408139.164047619,58.66560641582611,56.67348681687955,60.65006010519613,per-case-final,,,,152089,22,51967,51967,0.34168809052594207,,,False
presized/q6/mbrotli/vendor-lcet10.txt,6986260.62,12504986.9,55.867796390894256,54.46129179840317,57.2584853839663,per-case-final,,,,426754,22,131169,131169,0.3073644300932153,,,False
presized/q6/mbrotli/vendor-mapsdatazrh,3318714.52218254,4797571.098134921,69.17488984108452,66.95851686839586,71.357934875692,per-case-final,,,,285886,22,167828,167828,0.5870451858433082,,,False
presized/q6/mbrotli/vendor-plrabn12.txt,9749628.333333332,17440554.8,55.90205383451065,53.76812090470442,58.03076136716529,per-case-final,,,,481861,22,182408,182408,0.37854900064541436,,,False
presized/q6/mbrotli/vendor-quickfox_repeated,62054.2539593596,19560.943918970814,317.23547808537734,310.0951299461912,324.8506290454739,per-case-final,,,,176128,22,51,51,0.000289562136627907,,,True
presized/q6/mbrotli/vendor-random_org_10k.bin,47765.79619586518,56485.95251536098,84.56225675379306,81.11788382884843,87.8803580752323,per-case-final,,,,10000,22,10004,10004,1.0004,,,False
presized/q7/mbrotli/binary-256KiB,5244993.944722222,8908886.366666667,58.87373268500538,57.36177987929271,60.37091275013574,per-case-final,,,,262144,22,94208,94208,0.359375,,,False
presized/q7/mbrotli/compressible-256KiB,104276.86391723357,28524.10822940287,365.5744925611528,356.5472736197485,375.2945291241712,per-case-final,,,,262144,22,19,19,7.2479248046875e-05,,,True
presized/q7/mbrotli/incompressible-256KiB,531052.6692311509,700998.8127777777,75.7565718445088,68.21621791314601,85.13637322850538,per-case-final,,,,262144,22,262149,262149,1.0000190734863281,,,False
presized/q7/mbrotli/text-1KiB,10230.44894223458,12819.519299304196,79.80368610849438,76.98116251890028,82.69680668013109,per-case-final,,,,1024,22,146,146,0.142578125,,,False
presized/q7/mbrotli/text-1MiB,2594510.73890873,3475744.8727182536,74.64617898953145,63.2768797033249,88.39165163248194,per-case-final,,,,1048576,22,7586,7586,0.0072345733642578125,,,False
presized/q7/mbrotli/vendor-alice29.txt,3091227.7125000004,4406101.6804761905,70.15788414955315,67.28327685154085,73.20474589522618,per-case-final,,,,152089,22,51451,51451,0.3382953402284189,,,False
presized/q7/mbrotli/vendor-lcet10.txt,8546950.166666666,13014559.95,65.67221788137883,63.08306378430926,67.89614782003756,per-case-final,,,,426754,22,129087,129087,0.30248574119984817,,,False
presized/q7/mbrotli/vendor-mapsdatazrh,4789852.924880953,6755861.118492064,70.89922129645655,66.86911439954895,74.61026236974108,per-case-final,,,,285886,22,167591,167591,0.586216184073372,,,False
presized/q7/mbrotli/vendor-plrabn12.txt,12214025.45,17944230.4,68.06658841161558,66.30319445830163,69.84419483650213,per-case-final,,,,481861,22,179659,179659,0.3728440359356744,,,False
presized/q7/mbrotli/vendor-quickfox_repeated,63821.11381509328,20254.17755572903,315.1009891144212,304.7858771284425,327.09461880530694,per-case-final,,,,176128,22,51,51,0.000289562136627907,,,True
presized/q7/mbrotli/vendor-random_org_10k.bin,46792.63185307018,62571.47713624338,74.78268692807703,71.82333496288607,77.58332054908043,per-case-final,,,,10000,22,10004,10004,1.0004,,,False
presized/q8/mbrotli/binary-256KiB,6940595.759960318,11955144.4,58.05530680131574,55.7555310334659,60.19357266163997,per-case-final,,,,262144,22,94208,94208,0.359375,,,False
presized/q8/mbrotli/compressible-256KiB,103670.60100226756,28803.200767301587,359.9273630726419,353.7346486501403,366.224923664874,per-case-final,,,,262144,22,19,19,7.2479248046875e-05,,,True
presized/q8/mbrotli/incompressible-256KiB,605621.5975283446,691861.9303306878,87.5350371191658,81.46871013765166,94.81604386425718,per-case-final,,,,262144,22,262149,262149,1.0000190734863281,,,False
presized/q8/mbrotli/text-1KiB,11699.88115598091,12351.108950485668,94.72737389723089,92.04942189087768,97.04552705689122,per-case-final,,,,1024,22,146,146,0.142578125,,,False
presized/q8/mbrotli/text-1MiB,3198156.5454761903,4259982.868749999,75.07439921735227,65.05500795461475,88.69373601441438,per-case-final,,,,1048576,22,7586,7586,0.0072345733642578125,,,False
presized/q8/mbrotli/vendor-alice29.txt,3488791.3401190476,4804270.3065476185,72.61854803140994,69.92345517294002,75.3837693670411,per-case-final,,,,152089,22,51187,51187,0.33655951449480237,,,False
presized/q8/mbrotli/vendor-lcet10.txt,10116500.0,14766662.0,68.50905099608835,67.17328027136269,69.9243443190529,per-case-final,,,,426754,22,128078,128078,0.3001213814047437,,,False
presized/q8/mbrotli/vendor-mapsdatazrh,5298486.308095238,7142457.528333333,74.18295855560545,72.66992130869598,75.96738048037118,per-case-final,,,,285886,22,167602,167602,0.5862546609487698,,,False
presized/q8/mbrotli/vendor-plrabn12.txt,14569483.5,21509968.6,67.73363444147472,66.39810121656136,69.22517969040179,per-case-final,,,,481861,22,178163,178163,0.3697394061773001,,,False
presized/q8/mbrotli/vendor-quickfox_repeated,61791.8299764595,19782.279537752038,312.35950264749533,303.4340464785324,320.35175900464094,per-case-final,,,,176128,22,51,51,0.000289562136627907,,,True
presized/q8/mbrotli/vendor-random_org_10k.bin,52124.98704805997,62209.15375162634,83.78989892094017,79.33555585301386,88.70966313874449,per-case-final,,,,10000,22,10004,10004,1.0004,,,False
presized/q9/mbrotli/binary-256KiB,18903990.7,23692762.3,79.78804016448517,77.55303242933638,82.0951650318515,per-case-final,,,,262144,22,94116,94116,0.3590240478515625,,,False
presized/q9/mbrotli/compressible-256KiB,46913.32452686202,30377.642020171956,154.43372627707484,151.6449192873408,156.8086059629779,per-case-final,,,,262144,22,19,19,7.2479248046875e-05,,,True
presized/q9/mbrotli/incompressible-256KiB,7966209.733333332,964218.3012500001,826.1832121425243,809.6400331811506,842.283189864914,per-case-final,,,,262144,22,262149,262149,1.0000190734863281,,,True
presized/q9/mbrotli/text-1KiB,136740.1782615995,14124.610474609497,968.0987557667848,947.3382981250659,994.1276717246686,per-case-final,,,,1024,22,146,146,0.142578125,,,True
presized/q9/mbrotli/text-1MiB,10222391.5,3796193.147777778,269.2800682700774,241.77074234985008,304.1361203173704,per-case-final,,,,1048576,22,7542,7542,0.0071926116943359375,,,True
presized/q9/mbrotli/vendor-alice29.txt,11115599.05,5958150.966944444,186.56121860068413,177.9617494594012,193.58818068227848,per-case-final,,,,152089,22,51054,51054,0.3356850265305183,,,True
presized/q9/mbrotli/vendor-lcet10.txt,20001632.4,18348946.5,109.00697977401589,106.31452050225714,111.94962563969133,per-case-final,,,,426754,22,127437,127437,0.29861934510279925,,,True
presized/q9/mbrotli/vendor-mapsdatazrh,15589126.6,13646421.15,114.23600685224345,112.16075064640928,116.15988471991999,per-case-final,,,,285886,22,166978,166978,0.5840719727443806,,,True
presized/q9/mbrotli/vendor-plrabn12.txt,26275650.2,27664947.0,94.97813315890322,92.0882549839351,98.1841820517727,per-case-final,,,,481861,22,177362,177362,0.368077101072716,,,False
presized/q9/mbrotli/vendor-quickfox_repeated,62537.192906914184,21156.089599693678,295.5990170689184,289.82339805881224,301.4570268965073,per-case-final,,,,176128,22,51,51,0.000289562136627907,,,True
presized/q9/mbrotli/vendor-random_org_10k.bin,2167921.757083333,83113.69804144622,2608.3808182885305,2555.317532294111,2668.185211396061,per-case-final,,,,10000,22,10004,10004,1.0004,,,True
reused/q0/mbrotli/binary-256KiB,311959.07855930337,498380.2674386725,62.594588698817425,61.24267664782709,63.91065773166049,outlined-output,516135.7784722222,316739.26516203705,1.035626432653124,262144,22,142114,142114,0.5421218872070312,,,False
reused/q0/mbrotli/compressible-256KiB,38080.687509263866,39677.136536322556,95.97640060139618,93.38814969082432,98.31262004823857,outlined-output,38930.40679180839,40514.58756086645,0.9811798478997956,262144,22,220,220,0.0008392333984375,,,True
reused/q0/mbrotli/incompressible-256KiB,19789.16888330182,32048.947692298818,61.746704051868285,60.57123616566128,62.91241722334362,outlined-output,31589.07488392571,19038.868498505908,0.9856509233068014,262144,22,262149,262149,1.0000190734863281,,,False
reused/q0/mbrotli/text-1KiB,1793.283837405482,1739.6052884069165,103.08567405240086,100.2193579099818,105.9670503604191,outlined-output,1753.545784391322,1742.326047694995,1.0080135971517836,1024,22,229,229,0.2236328125,,,True
reused/q0/mbrotli/text-1MiB,95282.18265107213,101838.15262487259,93.56236360850947,91.10457596306357,96.16402551029765,outlined-output,103821.68226533882,107834.79899445214,1.019477274374494,1048576,22,27963,27963,0.02666759490966797,,,False
reused/q0/mbrotli/vendor-alice29.txt,370061.8876666667,375480.290968254,98.55694068852063,96.16092944534856,100.92866582199859,outlined-output,390514.5416312358,365812.87385449733,1.040040052766053,152089,22,65795,65795,0.4326085384215821,,,True
reused/q0/mbrotli/vendor-lcet10.txt,1008798.289054834,998258.153617725,101.05585267687634,99.1485917790402,102.9634428802515,outlined-output,1014789.0270454545,997707.4644516595,1.0165597179124668,426754,22,173662,173662,0.40693701757921424,,,True
reused/q0/mbrotli/vendor-mapsdatazrh,477295.07551759836,528007.9347789116,90.39543614386253,89.12381106848336,91.7347036324215,outlined-output,532637.8191080877,469167.9870006613,1.008768588546145,285886,22,187191,187191,0.6547749802368776,,,False
reused/q0/mbrotli/vendor-plrabn12.txt,1400914.7399751986,1386434.4366170636,101.04442756005594,98.85500574121842,103.1610701576033,outlined-output,1415371.1549900793,1380974.334032738,1.0208713211449234,481861,22,235170,235170,0.48804530767171445,,,True
reused/q0/mbrotli/vendor-quickfox_repeated,18792.104944005812,19408.095034472422,96.82611771339488,94.6343663597065,99.11009308866666,outlined-output,18761.67177214409,19359.996546006507,0.9666931112414607,176128,22,203,203,0.0011525708575581396,,,True
reused/q0/mbrotli/vendor-random_org_10k.bin,8097.601830125832,9744.603049559084,83.09832415895305,80.84285850976724,85.40153554809406,outlined-output,9665.931424539513,7732.981401017215,0.9919266465119756,10000,22,10004,10004,1.0004,,,False
reused/q1/mbrotli/binary-256KiB,648623.4571615312,686110.9952256944,94.53622834715952,92.42402576256681,96.60917417289669,outlined-output,686305.7564136905,628047.2928593474,1.0002838625081822,262144,22,118708,118708,0.4528350830078125,,,False
reused/q1/mbrotli/compressible-256KiB,16912.896423694925,14221.235080393124,118.92705751705634,115.62211406956226,122.59135794815336,outlined-output,14046.357923005566,16777.570460041305,0.9877030963626596,262144,22,57,57,0.000217437744140625,,,True
reused/q1/mbrotli/incompressible-256KiB,25757.651809693067,35049.39912358277,73.48956744985163,71.95977316614339,75.09397841417359,outlined-output,34976.15679471575,26144.13081283069,0.9979103114262026,262144,22,262149,262149,1.0000190734863281,,,False
reused/q1/mbrotli/text-1KiB,2398.8995673463423,2467.7963218916857,97.20816690039757,95.00043594062143,99.51436122562232,outlined-output,2390.8383792274317,2379.546966897573,0.9688151157445352,1024,22,176,176,0.171875,,,True
reused/q1/mbrotli/text-1MiB,177467.82882023178,166000.00104029308,106.90832994462158,103.43470177569684,110.13023988605302,outlined-output,164074.13030324568,170135.1022203621,0.9883983691266367,1048576,22,10001,10001,0.009537696838378906,,,True
reused/q1/mbrotli/vendor-alice29.txt,495134.4422826087,554112.2034047619,89.35635043592937,86.34919961731255,92.89219200439376,outlined-output,549071.0902738095,490194.08021911664,0.9909023603884248,152089,22,60292,60292,0.3964257770121442,,,False
reused/q1/mbrotli/vendor-lcet10.txt,1350132.4667901234,1423154.9844841273,94.8689694031832,93.15915527287196,96.35453272003599,outlined-output,1437363.2104861112,1350557.029801587,1.009983611171579,426754,22,154908,154908,0.36299132521312044,,,False
reused/q1/mbrotli/vendor-mapsdatazrh,662670.8036788049,758031.6304894178,87.41994093979378,85.05637488626496,89.55163215224077,outlined-output,753238.0618650794,644328.2731652663,0.993676294719729,285886,22,181028,181028,0.6332174363207712,,,False
reused/q1/mbrotli/vendor-plrabn12.txt,1840553.4111507933,1991445.6913624338,92.42297789660493,90.38344936402025,94.54312466199343,outlined-output,2014314.111851852,1829970.4974272486,1.011483326202972,481861,22,206088,206088,0.4276918032378632,,,False
reused/q1/mbrotli/vendor-quickfox_repeated,14335.166819735245,12996.326111111111,110.30168600862902,107.26540229307946,113.52308416163532,outlined-output,12581.044352159468,14210.122772154316,0.9680462189544011,176128,22,89,89,0.0005053143168604651,,,True
reused/q1/mbrotli/vendor-random_org_10k.bin,22627.153575388576,16933.686827680267,133.6221332403621,130.74932472125826,136.87089152001857,outlined-output,16485.132800708107,22290.211028249418,0.9735111419304778,10000,22,10004,10004,1.0004,,,True
reused/q10/mbrotli/binary-256KiB,333979327.2,383874955.3,87.00211425332337,86.41603859069632,87.62052313878935,per-case-final,,,,262144,22,99708,99708,0.3803558349609375,,,False
reused/q10/mbrotli/compressible-256KiB,4665371.483845899,5289697.871309524,88.19731480601432,86.86909364957667,89.40380069326645,per-case-final,,,,262144,22,20,20,7.62939453125e-05,,,False
reused/q10/mbrotli/incompressible-256KiB,21142205.813386247,23512085.876534395,89.92058775392046,89.01089368175846,90.69655436228312,per-case-final,,,,262144,22,262149,262149,1.0000190734863281,,,False
reused/q10/mbrotli/text-1KiB,276524.09777618246,274506.63738195447,100.7349404784777,99.34838447100918,102.06038922658145,per-case-final,,,,1024,22,124,124,0.12109375,,,True
reused/q10/mbrotli/text-1MiB,102060057.20920634,110757477.63333333,92.14732891180485,91.15149881815245,93.11705751443415,per-case-final,,,,1048576,22,5647,5647,0.005385398864746094,,,False
reused/q10/mbrotli/vendor-alice29.txt,45489302.38426588,50501150.75791667,90.07577392112175,89.51842973426795,90.74400429372272,per-case-final,,,,152089,22,47477,47477,0.3121659028595099,,,False
reused/q10/mbrotli/vendor-lcet10.txt,149648483.93333334,165552288.55,90.39348549273397,89.46411989659235,91.46551795651688,per-case-final,,,,426754,22,116022,116022,0.2718709139223065,,,False
reused/q10/mbrotli/vendor-mapsdatazrh,128783795.6,139144898.8333333,92.55373116786426,91.5662232386203,93.56806133345157,per-case-final,,,,285886,22,160499,160499,0.5614090931350258,,,False
reused/q10/mbrotli/vendor-plrabn12.txt,166737810.0,183033146.4,91.09705716122683,90.28890588257507,91.93974515409114,per-case-final,,,,481861,22,168094,168094,0.3488433386391511,,,False
reused/q10/mbrotli/vendor-quickfox_repeated,2594669.5421938775,3491981.341483135,74.30364851525393,73.60838176041828,74.98460790191592,per-case-final,,,,176128,22,57,57,0.0003236282703488372,,,False
reused/q10/mbrotli/vendor-random_org_10k.bin,4754231.525433201,5364221.82001443,88.62854082011866,88.02697499285061,89.2643557001678,per-case-final,,,,10000,22,10004,10004,1.0004,,,False
reused/q11/mbrotli/binary-256KiB,440731962.9,492020210.1,89.5759877039246,88.92939023435572,90.27540380746494,per-case-final,,,,262144,22,66420,66420,0.2533721923828125,,,False
reused/q11/mbrotli/compressible-256KiB,6054692.57574956,6678850.109911816,90.65471564879158,89.47775481993627,91.76357606148652,per-case-final,,,,262144,22,20,20,7.62939453125e-05,,,False
reused/q11/mbrotli/incompressible-256KiB,35899628.003234126,39674507.28416667,90.48537829620626,89.40877246318128,91.48420276432266,per-case-final,,,,262144,22,262149,262149,1.0000190734863281,,,False
reused/q11/mbrotli/text-1KiB,1381540.030844246,1379262.6794781745,100.1651136799361,99.18595869932462,101.10499474421859,per-case-final,,,,1024,22,124,124,0.12109375,,,True
reused/q11/mbrotli/text-1MiB,1711150259.8,1658401578.7,103.18069409589859,102.67767998607484,103.69133798695866,per-case-final,,,,1048576,22,8038,8038,0.0076656341552734375,,,True
reused/q11/mbrotli/vendor-alice29.txt,133975054.46666665,139655659.8333333,95.93242023026782,95.16729051121537,96.61628893505855,per-case-final,,,,152089,22,46487,46487,0.305656556358448,,,True
reused/q11/mbrotli/vendor-lcet10.txt,399605701.3,414634335.7,96.37544865293702,95.69085169211587,97.10991056262398,per-case-final,,,,426754,22,113416,113416,0.26576435135933113,,,True
reused/q11/mbrotli/vendor-mapsdatazrh,369832559.2,382422631.5,96.70781191724528,96.11074574159228,97.32796810814813,per-case-final,,,,285886,22,159339,159339,0.5573515317294306,,,True
reused/q11/mbrotli/vendor-plrabn12.txt,423114208.5,439293853.9,96.3168969343962,95.52178043448009,97.11715499255274,per-case-final,,,,481861,22,163267,163267,0.33882592697894204,,,True
reused/q11/mbrotli/vendor-quickfox_repeated,3520039.5160962297,4416860.678000611,79.69550711954203,78.94562325821255,80.40090356604063,per-case-final,,,,176128,22,57,57,0.0003236282703488372,,,False
reused/q11/mbrotli/vendor-random_org_10k.bin,10286761.238492064,11015873.75223016,93.38125572117703,92.6396125834375,94.17062724292484,per-case-final,,,,10000,22,10004,10004,1.0004,,,False
reused/q2/mbrotli/binary-256KiB,884062.5967559523,1079331.291626984,81.90836341113732,79.57291459473569,84.06644404772565,per-case-final,,,,262144,22,99597,99597,0.3799324035644531,,,False
reused/q2/mbrotli/compressible-256KiB,110256.17250962001,14948.992166018788,737.5492025492405,723.7918020787907,751.5008378474754,per-case-final,,,,262144,22,28,28,0.0001068115234375,,,True
reused/q2/mbrotli/incompressible-256KiB,107286.36988977072,115919.08797747055,92.55280710164176,88.80697427706046,95.59134203945301,per-case-final,,,,262144,22,262149,262149,1.0000190734863281,,,False
reused/q2/mbrotli/text-1KiB,2311.2531677799325,3136.3587292262423,73.69224528567024,71.94652775670006,75.56619674827772,per-case-final,,,,1024,22,174,174,0.169921875,,,False
reused/q2/mbrotli/text-1MiB,624105.1716005291,924267.8016765872,67.52427926932278,65.50679264243738,69.5319406208144,per-case-final,,,,1048576,22,8176,8176,0.0077972412109375,,,False
reused/q2/mbrotli/vendor-alice29.txt,889973.6689980158,1004477.082906746,88.6006942460667,87.06358793804732,90.4846660736165,per-case-final,,,,152089,22,57383,57383,0.3772988184549836,,,False
reused/q2/mbrotli/vendor-lcet10.txt,2447086.776845238,2640594.148968254,92.67182455135621,89.70992655339097,95.98141484160732,per-case-final,,,,426754,22,148449,148449,0.34785614194594544,,,False
reused/q2/mbrotli/vendor-mapsdatazrh,1244785.8520370373,1376627.193452381,90.42287250735583,87.69773231015324,93.03353404507797,per-case-final,,,,285886,22,177027,177027,0.6192223473692311,,,False
reused/q2/mbrotli/vendor-plrabn12.txt,3232064.757678571,3479634.8480555555,92.88517039322882,89.51478552638093,96.59440833932625,per-case-final,,,,481861,22,198935,198935,0.41284727338381816,,,False
reused/q2/mbrotli/vendor-quickfox_repeated,73975.85649578879,10270.291604341062,720.2897380685915,706.4307132379947,734.9799054648107,per-case-final,,,,176128,22,65,65,0.0003690497819767442,,,True
reused/q2/mbrotli/vendor-random_org_10k.bin,28294.04654383976,27631.056856900523,102.39943658461137,99.88346065450894,105.41295787041909,per-case-final,,,,10000,22,10004,10004,1.0004,,,True
reused/q3/mbrotli/binary-256KiB,1339261.3131613757,1555246.9511111113,86.1124538585059,84.50384238523098,87.9027079611595,per-case-final,,,,262144,22,99347,99347,0.3789787292480469,,,False
reused/q3/mbrotli/compressible-256KiB,113490.94884559885,18100.070392202186,627.0193783030405,613.4510208016895,641.5103458940285,per-case-final,,,,262144,22,19,19,7.2479248046875e-05,,,True
reused/q3/mbrotli/incompressible-256KiB,122574.06417350848,242658.14908928573,50.51306318520031,43.91042581063223,60.37932496489327,per-case-final,,,,262144,22,262149,262149,1.0000190734863281,,,False
reused/q3/mbrotli/text-1KiB,5946.918026103161,6823.480301380774,87.15373626710353,83.46243679088458,91.1338935357977,per-case-final,,,,1024,22,157,157,0.1533203125,,,False
reused/q3/mbrotli/text-1MiB,818781.538920635,1049383.554265873,78.02500197303335,74.64369985811639,81.07927924504284,per-case-final,,,,1048576,22,8222,8222,0.007841110229492188,,,False
reused/q3/mbrotli/vendor-alice29.txt,1062844.898234127,1182928.8260218254,89.8485923120549,87.8651140254411,91.76665550555823,per-case-final,,,,152089,22,56863,56863,0.37387976776755716,,,False
reused/q3/mbrotli/vendor-lcet10.txt,2817013.143293651,3172708.8720238097,88.78889481897949,85.81634115499881,91.7244722467347,per-case-final,,,,426754,22,146522,146522,0.3433406599586647,,,False
reused/q3/mbrotli/vendor-mapsdatazrh,1523131.6039285716,1714879.55771164,88.81857603813648,86.38489919393575,91.34909507873316,per-case-final,,,,285886,22,175749,175749,0.6147520340275494,,,False
reused/q3/mbrotli/vendor-plrabn12.txt,3818278.9605555558,4169337.4167857147,91.57999410609463,85.14571443842189,98.75408134058722,per-case-final,,,,481861,22,198153,198153,0.41122439873739525,,,False
reused/q3/mbrotli/vendor-quickfox_repeated,75211.31176666668,11168.348484539583,673.4327091492729,646.517490404066,701.7608636982258,per-case-final,,,,176128,22,48,48,0.00027252906976744186,,,True
reused/q3/mbrotli/vendor-random_org_10k.bin,31181.774259483453,31780.107963448372,98.11726975675133,93.52700747549831,102.81447864862903,per-case-final,,,,10000,22,10004,10004,1.0004,,,True
reused/q4/mbrotli/binary-256KiB,2250655.6688492065,2839321.333035714,79.2673813514047,77.60848156081708,81.17805764029559,per-case-final,,,,262144,22,96205,96205,0.3669929504394531,,,False
reused/q4/mbrotli/compressible-256KiB,100064.37123787479,24958.9249501287,400.916191053168,384.78779370655025,417.9480556106541,per-case-final,,,,262144,22,19,19,7.2479248046875e-05,,,True
reused/q4/mbrotli/incompressible-256KiB,156353.71805224867,223524.76182787697,69.94917107780985,68.28658839898705,71.49676118608886,per-case-final,,,,262144,22,262149,262149,1.0000190734863281,,,False
reused/q4/mbrotli/text-1KiB,9023.009362934363,10158.027815868467,88.82638959541907,85.48906006849997,92.87758709944377,per-case-final,,,,1024,22,157,157,0.1533203125,,,False
reused/q4/mbrotli/text-1MiB,1051965.9194146825,1357365.7135846564,77.50055190627691,74.14728162543882,80.82270214994847,per-case-final,,,,1048576,22,7647,7647,0.007292747497558594,,,False
reused/q4/mbrotli/vendor-alice29.txt,1569254.2783862432,1833585.252857143,85.58392776888819,82.43948650985601,88.63893083443183,per-case-final,,,,152089,22,55504,55504,0.3649442102979177,,,False
reused/q4/mbrotli/vendor-lcet10.txt,4006330.505833333,4502547.493928572,88.97919480551045,87.41200873974176,90.45434783339545,per-case-final,,,,426754,22,141896,141896,0.33250069126475673,,,False
reused/q4/mbrotli/vendor-mapsdatazrh,1969378.594563492,2383812.782599206,82.61465031730249,81.26570595677308,84.02825536388771,per-case-final,,,,285886,22,172868,172868,0.6046745905710668,,,False
reused/q4/mbrotli/vendor-plrabn12.txt,5295474.186626985,6021342.709087303,87.9450720955502,85.52884271587266,90.47071877322136,per-case-final,,,,481861,22,193873,193873,0.40234216921477356,,,False
reused/q4/mbrotli/vendor-quickfox_repeated,61554.95210721012,18588.317224840866,331.1485992123587,323.2408779946686,337.2987859942656,per-case-final,,,,176128,22,52,52,0.00029523982558139533,,,True
reused/q4/mbrotli/vendor-random_org_10k.bin,44085.755285905536,55772.76601098901,79.04530909802686,77.56189987041631,80.68079548945148,per-case-final,,,,10000,22,10004,10004,1.0004,,,False
reused/q5/mbrotli/binary-256KiB,2729822.0205555554,4928893.564801587,55.384073213710074,53.80639674155035,56.92668053541089,per-case-final,,,,262144,22,94650,94650,0.36106109619140625,,,False
reused/q5/mbrotli/compressible-256KiB,105177.0076458917,28510.454503499564,368.9068079675179,361.45337097459515,378.0703174991264,per-case-final,,,,262144,22,19,19,7.2479248046875e-05,,,True
reused/q5/mbrotli/incompressible-256KiB,298518.97664224665,374311.86394345236,79.75140662048163,68.57614922863081,91.83640993951352,per-case-final,,,,262144,22,262149,262149,1.0000190734863281,,,False
reused/q5/mbrotli/text-1KiB,9733.773479296991,11655.297741540347,83.51372650571679,82.10760903631889,85.0805382809196,per-case-final,,,,1024,22,146,146,0.142578125,,,False
reused/q5/mbrotli/text-1MiB,2466699.841706349,3022532.6019841274,81.61036344445368,80.35104002743725,82.80225194614141,per-case-final,,,,1048576,22,8254,8254,0.007871627807617188,,,False
reused/q5/mbrotli/vendor-alice29.txt,2288722.972361111,3543360.488968254,64.59187484555191,63.37265541798758,65.81118030565264,per-case-final,,,,152089,22,52809,52809,0.34722432260058256,,,False
reused/q5/mbrotli/vendor-lcet10.txt,6133726.227857143,9507355.366666667,64.51558810310529,62.69133666649615,66.51247736849419,per-case-final,,,,426754,22,133991,133991,0.3139771390543498,,,False
reused/q5/mbrotli/vendor-mapsdatazrh,2828826.9506349205,3915657.344444445,72.24398617638172,71.11911599223617,73.42169762029783,per-case-final,,,,285886,22,167912,167912,0.5873390092554375,,,False
reused/q5/mbrotli/vendor-plrabn12.txt,8201445.766666668,13062750.6,62.78498317702451,61.56291828578281,64.1081147345028,per-case-final,,,,481861,22,186038,186038,0.38608229344146966,,,False
reused/q5/mbrotli/vendor-quickfox_repeated,61377.10391041163,18648.93274103469,329.118586906364,323.4903446582731,334.49857658726745,per-case-final,,,,176128,22,51,51,0.000289562136627907,,,True
reused/q5/mbrotli/vendor-random_org_10k.bin,42603.3578146592,57480.03948933125,74.11852565370404,72.73101671622632,75.48895221161901,per-case-final,,,,10000,22,10004,10004,1.0004,,,False
reused/q6/mbrotli/binary-256KiB,3328497.3424206353,6612017.937777778,50.34011361952391,48.9064727807715,51.75592797772851,per-case-final,,,,262144,22,94648,94648,0.361053466796875,,,False
reused/q6/mbrotli/compressible-256KiB,103482.5294829932,28871.17001396825,358.42859653047316,352.9984484856713,364.000804761716,per-case-final,,,,262144,22,19,19,7.2479248046875e-05,,,True
reused/q6/mbrotli/incompressible-256KiB,476685.0830026455,393671.1875044092,121.08711486468808,104.67807741407331,139.15642587967307,per-case-final,,,,262144,22,262149,262149,1.0000190734863281,,,True
reused/q6/mbrotli/text-1KiB,10036.08274729538,11724.407723711924,85.59991245440905,83.7199595895258,87.54406192537675,per-case-final,,,,1024,22,146,146,0.142578125,,,False
reused/q6/mbrotli/text-1MiB,2861983.418154762,3274405.1349007934,87.40468269029493,85.72442622178059,89.20116144050797,per-case-final,,,,1048576,22,8254,8254,0.007871627807617188,,,False
reused/q6/mbrotli/vendor-alice29.txt,2594410.6008531745,4180260.1146031744,62.06337715181768,60.69121073965051,63.59352105207671,per-case-final,,,,152089,22,51967,51967,0.34168809052594207,,,False
reused/q6/mbrotli/vendor-lcet10.txt,7016815.251825397,11974182.25,58.59953611300176,57.60558642059486,59.68800668534308,per-case-final,,,,426754,22,131169,131169,0.3073644300932153,,,False
reused/q6/mbrotli/vendor-mapsdatazrh,3220829.5801984123,4724787.678849206,68.16876861190288,66.14965778408693,69.89689754744231,per-case-final,,,,285886,22,167828,167828,0.5870451858433082,,,False
reused/q6/mbrotli/vendor-plrabn12.txt,9678303.233333334,16957586.25,57.07358990041012,56.22412420293696,57.937304557159834,per-case-final,,,,481861,22,182408,182408,0.37854900064541436,,,False
reused/q6/mbrotli/vendor-quickfox_repeated,62490.31710727969,19367.058676756165,322.66292032397735,315.29207715744855,329.68113058228585,per-case-final,,,,176128,22,51,51,0.000289562136627907,,,True
reused/q6/mbrotli/vendor-random_org_10k.bin,47336.482876984126,61800.61905098198,76.5954833525765,72.56770692890271,80.53130872401574,per-case-final,,,,10000,22,10004,10004,1.0004,,,False
reused/q7/mbrotli/binary-256KiB,5507966.952738095,8699127.066666666,63.31631795382706,61.22865585725224,65.16509808898827,per-case-final,,,,262144,22,94208,94208,0.359375,,,False
reused/q7/mbrotli/compressible-256KiB,106104.79327210884,29817.22048259089,355.85071832587244,340.7699000363551,371.37822030119577,per-case-final,,,,262144,22,19,19,7.2479248046875e-05,,,True
reused/q7/mbrotli/incompressible-256KiB,790382.9617460318,698641.2373346561,113.1314499501023,107.40799855231363,120.55931282301262,per-case-final,,,,262144,22,262149,262149,1.0000190734863281,,,True
reused/q7/mbrotli/text-1KiB,10721.070546218485,13586.475612353082,78.9098722296361,74.22835221778654,83.42490242346642,per-case-final,,,,1024,22,146,146,0.142578125,,,False
reused/q7/mbrotli/text-1MiB,3121249.802242064,3394778.0381349204,91.94267687547749,82.76040608734493,103.52956553777975,per-case-final,,,,1048576,22,7586,7586,0.0072345733642578125,,,False
reused/q7/mbrotli/vendor-alice29.txt,3056958.9133730154,4261115.341428571,71.74081592328236,70.16491886176837,73.23320387917524,per-case-final,,,,152089,22,51451,51451,0.3382953402284189,,,False
reused/q7/mbrotli/vendor-lcet10.txt,8882952.2,12696036.65,69.96634024366965,67.52687547067788,72.65770977925901,per-case-final,,,,426754,22,129087,129087,0.30248574119984817,,,False
reused/q7/mbrotli/vendor-mapsdatazrh,4791425.143015873,6624047.913849207,72.33379355542124,69.58482376711028,74.79495467428316,per-case-final,,,,285886,22,167591,167591,0.586216184073372,,,False
reused/q7/mbrotli/vendor-plrabn12.txt,12528284.75,18000313.1,69.60037128465281,67.73129529608154,71.67208645297735,per-case-final,,,,481861,22,179659,179659,0.3728440359356744,,,False
reused/q7/mbrotli/vendor-quickfox_repeated,64025.567969924814,20154.72733628242,317.67022645186756,308.45203578290995,327.510835745421,per-case-final,,,,176128,22,51,51,0.000289562136627907,,,True
reused/q7/mbrotli/vendor-random_org_10k.bin,45940.78410267857,59546.31659966173,77.15134491280952,75.00158808282706,79.3491223546689,per-case-final,,,,10000,22,10004,10004,1.0004,,,False
reused/q8/mbrotli/binary-256KiB,7071464.777777778,11890843.45,59.46983330083097,57.38744699128301,61.52099074372269,per-case-final,,,,262144,22,94208,94208,0.359375,,,False
reused/q8/mbrotli/compressible-256KiB,106457.20309637189,30037.177933531744,354.41812587037117,344.0347378130879,366.5998735656984,per-case-final,,,,262144,22,19,19,7.2479248046875e-05,,,True
reused/q8/mbrotli/incompressible-256KiB,758806.6067380954,691432.8145238094,109.74408370546985,100.18708072534801,118.19241280089055,per-case-final,,,,262144,22,262149,262149,1.0000190734863281,,,True
reused/q8/mbrotli/text-1KiB,11964.18530877976,12667.299534890686,94.44937554232237,89.80273853173655,98.95075058588424,per-case-final,,,,1024,22,146,146,0.142578125,,,False
reused/q8/mbrotli/text-1MiB,2794413.408055556,3922582.64845238,71.23912122433077,63.92873797983422,80.81657390427802,per-case-final,,,,1048576,22,7586,7586,0.0072345733642578125,,,False
reused/q8/mbrotli/vendor-alice29.txt,3426401.4972023806,4813147.2793650795,71.18837837961131,68.6615657948245,73.73882294714001,per-case-final,,,,152089,22,51187,51187,0.33655951449480237,,,False
reused/q8/mbrotli/vendor-lcet10.txt,10247492.7,14622647.25,70.07959998487961,68.09817183001732,72.25810319177357,per-case-final,,,,426754,22,128078,128078,0.3001213814047437,,,False
reused/q8/mbrotli/vendor-mapsdatazrh,5661995.568253969,7136697.320357142,79.33635565716588,75.91632982289111,83.88782071182202,per-case-final,,,,285886,22,167602,167602,0.5862546609487698,,,False
reused/q8/mbrotli/vendor-plrabn12.txt,14854190.9,20277058.5,73.25614265007916,70.80712520192996,75.7295545968779,per-case-final,,,,481861,22,178163,178163,0.3697394061773001,,,False
reused/q8/mbrotli/vendor-quickfox_repeated,63473.32944305206,20294.998877073303,312.7535499139944,304.63993394566063,322.4722759621009,per-case-final,,,,176128,22,51,51,0.000289562136627907,,,True
reused/q8/mbrotli/vendor-random_org_10k.bin,52575.99810884354,60606.7687718254,86.74938323602697,82.44897251461192,90.83443299106365,per-case-final,,,,10000,22,10004,10004,1.0004,,,False
reused/q9/mbrotli/binary-256KiB,19503873.4,18861419.45,103.40618028088018,100.16452576592012,106.66068624583907,per-case-final,,,,262144,22,94116,94116,0.3590240478515625,,,True
reused/q9/mbrotli/compressible-256KiB,47865.684667397654,31150.112149880606,153.6613558149938,145.09202414972557,163.93389417757922,per-case-final,,,,262144,22,19,19,7.2479248046875e-05,,,True
reused/q9/mbrotli/incompressible-256KiB,8415272.266666668,969086.783313492,868.3713792786701,835.1405692412698,902.2940500520593,per-case-final,,,,262144,22,262149,262149,1.0000190734863281,,,True
reused/q9/mbrotli/text-1KiB,143857.79819444445,14108.723039034663,1019.6372683511645,970.351924553443,1078.6949108332196,per-case-final,,,,1024,22,146,146,0.142578125,,,True
reused/q9/mbrotli/text-1MiB,10359447.4,3741106.0,276.90868422332863,243.1801121402254,318.95679364244006,per-case-final,,,,1048576,22,7542,7542,0.0071926116943359375,,,True
reused/q9/mbrotli/vendor-alice29.txt,11554185.65,5896900.522301586,195.93658747172404,189.05957304356076,203.27752265451016,per-case-final,,,,152089,22,51054,51054,0.3356850265305183,,,True
reused/q9/mbrotli/vendor-lcet10.txt,21145220.8,18416704.1,114.81544518055215,110.34999352439948,119.42043079615227,per-case-final,,,,426754,22,127437,127437,0.29861934510279925,,,True
reused/q9/mbrotli/vendor-mapsdatazrh,15831713.8,10637173.55,148.83383941780286,144.0111867566927,153.39627266530692,per-case-final,,,,285886,22,166978,166978,0.5840719727443806,,,True
reused/q9/mbrotli/vendor-plrabn12.txt,26614865.3,27273231.5,97.58603523018532,94.49172934946291,101.0009083788414,per-case-final,,,,481861,22,177362,177362,0.368077101072716,,,True
reused/q9/mbrotli/vendor-quickfox_repeated,60566.21465722496,21212.430584916052,285.5222762651867,275.0902324051628,295.4007062677037,per-case-final,,,,176128,22,51,51,0.000289562136627907,,,True
reused/q9/mbrotli/vendor-random_org_10k.bin,2171349.249821429,83056.21123015873,2614.3129064777104,2494.3088378713687,2719.1541883933887,per-case-final,,,,10000,22,10004,10004,1.0004,,,True
streaming/q1/mbrotli-reader/binary-256KiB,657975.0342923279,718483.4990608466,91.57830836092808,88.3500346816057,94.94913646643884,per-case-final,,,,262144,22,118708,118708,0.4528350830078125,,,False
streaming/q1/mbrotli-session/binary-256KiB,657975.0342923279,702575.9328439154,93.65180381698386,91.2498076861224,96.15537089514426,per-case-final,,,,262144,22,118708,118708,0.4528350830078125,,,False
streaming/q1/mbrotli-writer/binary-256KiB,657975.0342923279,712313.1438492064,92.3715980778839,89.14749436578153,95.59449456498514,per-case-final,,,,262144,22,118708,118708,0.4528350830078125,,,False
streaming/q1/mbrotli-reader/compressible-256KiB,29366.17846105109,26357.90954796411,111.4131543991103,106.97250042011835,115.89504605433781,per-case-final,,,,262144,22,57,57,0.000217437744140625,,,True
streaming/q1/mbrotli-session/compressible-256KiB,29366.17846105109,17950.842081958195,163.59220546297422,159.4131381960367,168.34048255210791,per-case-final,,,,262144,22,57,57,0.000217437744140625,,,True
streaming/q1/mbrotli-writer/compressible-256KiB,29366.17846105109,20018.677836534243,146.69389607468273,142.35426603558113,151.8324617682875,per-case-final,,,,262144,22,57,57,0.000217437744140625,,,True
streaming/q1/mbrotli-reader/incompressible-256KiB,39141.42081349206,82201.54113756615,47.616407517211876,46.01652866429073,49.22411031548074,per-case-final,,,,262144,22,262149,262149,1.0000190734863281,,,False
streaming/q1/mbrotli-session/incompressible-256KiB,39141.42081349206,63672.186376109756,61.473341880055486,59.77438996348368,63.30168973884885,per-case-final,,,,262144,22,262149,262149,1.0000190734863281,,,False
streaming/q1/mbrotli-writer/incompressible-256KiB,39141.42081349206,64179.796457307064,60.98713765714302,58.08553387174817,63.58208971865483,per-case-final,,,,262144,22,262149,262149,1.0000190734863281,,,False
streaming/q1/mbrotli-reader/text-1MiB,240215.53079613097,218301.2432490079,110.03855370723943,105.95877399606734,114.18891952980964,per-case-final,,,,1048576,22,10001,10001,0.009537696838378906,,,True
streaming/q1/mbrotli-session/text-1MiB,240215.53079613097,195709.5490538847,122.74083301371894,119.34858536266569,126.46679864308857,per-case-final,,,,1048576,22,10001,10001,0.009537696838378906,,,True
streaming/q1/mbrotli-writer/text-1MiB,240215.53079613097,190713.9168452381,125.95595264873239,122.36772246757222,129.84914592285065,per-case-final,,,,1048576,22,10001,10001,0.009537696838378906,,,True
streaming/q1/mbrotli-reader/vendor-alice29.txt,498469.29521329363,563158.2362811791,88.51318565541018,85.55164290413374,91.5456063373972,per-case-final,,,,152089,22,60292,60292,0.3964257770121442,,,False
streaming/q1/mbrotli-session/vendor-alice29.txt,498469.29521329363,543470.1785997733,91.71971431764251,89.6907180985419,93.77226452317643,per-case-final,,,,152089,22,60292,60292,0.3964257770121442,,,False
streaming/q1/mbrotli-writer/vendor-alice29.txt,498469.29521329363,552985.724053288,90.14144010076815,87.62733266362038,92.69114974856076,per-case-final,,,,152089,22,60292,60292,0.3964257770121442,,,False
streaming/q1/mbrotli-reader/vendor-lcet10.txt,1362119.7013095238,1486005.648994709,91.66315768927295,89.20547039720564,93.79085655936225,per-case-final,,,,426754,22,154908,154908,0.36299132521312044,,,False
streaming/q1/mbrotli-session/vendor-lcet10.txt,1362119.7013095238,1420708.3512433863,95.8760959008521,94.67156921772383,96.9958143816609,per-case-final,,,,426754,22,154908,154908,0.36299132521312044,,,True
streaming/q1/mbrotli-writer/vendor-lcet10.txt,1362119.7013095238,1493427.0428835978,91.20764939942845,88.24838736950836,93.94980948221037,per-case-final,,,,426754,22,154908,154908,0.36299132521312044,,,False
streaming/q1/mbrotli-reader/vendor-mapsdatazrh,669842.5282010583,794630.2256507936,84.2961300210377,81.06581954172823,87.3775393628113,per-case-final,,,,285886,22,181028,181028,0.6332174363207712,,,False
streaming/q1/mbrotli-session/vendor-mapsdatazrh,669842.5282010583,776932.164452381,86.21634665790873,82.6080863573274,89.72117377412958,per-case-final,,,,285886,22,181028,181028,0.6332174363207712,,,False
streaming/q1/mbrotli-writer/vendor-mapsdatazrh,669842.5282010583,753416.3020714285,88.90735790550403,86.60960032809946,91.24426414103141,per-case-final,,,,285886,22,181028,181028,0.6332174363207712,,,False
streaming/q1/mbrotli-reader/vendor-plrabn12.txt,1841979.6736507937,2082970.8479960314,88.43041060430161,85.93293923428926,90.84205966544316,per-case-final,,,,481861,22,206088,206088,0.4276918032378632,,,False
streaming/q1/mbrotli-session/vendor-plrabn12.txt,1841979.6736507937,2045928.3967261906,90.03148285141616,88.30478486380714,91.76357390830233,per-case-final,,,,481861,22,206088,206088,0.4276918032378632,,,False
streaming/q1/mbrotli-writer/vendor-plrabn12.txt,1841979.6736507937,2045235.0569246032,90.06200374936648,87.50171353174932,92.25732011666518,per-case-final,,,,481861,22,206088,206088,0.4276918032378632,,,False
streaming/q1/mbrotli-reader/vendor-quickfox_repeated,21670.469943621756,21270.32185350529,101.8812507533849,99.00416103125782,105.09212998490493,per-case-final,,,,176128,22,89,89,0.0005053143168604651,,,True
streaming/q1/mbrotli-session/vendor-quickfox_repeated,21670.469943621756,15212.523024991557,142.45151779241945,139.0598758867963,146.45950415471006,per-case-final,,,,176128,22,89,89,0.0005053143168604651,,,True
streaming/q1/mbrotli-writer/vendor-quickfox_repeated,21670.469943621756,16850.5980282392,128.6035659227354,125.00626038071113,132.4785332674778,per-case-final,,,,176128,22,89,89,0.0005053143168604651,,,True
streaming/q11/mbrotli-reader/binary-256KiB,438725462.6,485292086.1,90.40441317017388,89.84701808717855,90.96910545237623,per-case-final,,,,262144,22,66420,66420,0.2533721923828125,,,False
streaming/q11/mbrotli-session/binary-256KiB,438725462.6,485146930.1,90.43146217777128,89.71087815755664,91.08584967851029,per-case-final,,,,262144,22,66420,66420,0.2533721923828125,,,False
streaming/q11/mbrotli-writer/binary-256KiB,438725462.6,484521603.8,90.54817353017273,90.13052459176369,90.96468344622744,per-case-final,,,,262144,22,66420,66420,0.2533721923828125,,,False
streaming/q11/mbrotli-reader/compressible-256KiB,6027562.411654762,6635704.261763668,90.83530811321494,90.08516831095537,91.56267553160608,per-case-final,,,,262144,22,20,20,7.62939453125e-05,,,False
streaming/q11/mbrotli-session/compressible-256KiB,6027562.411654762,6632435.55414903,90.8800750862045,90.12414068785125,91.69155755669847,per-case-final,,,,262144,22,20,20,7.62939453125e-05,,,False
streaming/q11/mbrotli-writer/compressible-256KiB,6027562.411654762,6628593.932420635,90.93274490950168,90.18138466807316,91.68678618444375,per-case-final,,,,262144,22,20,20,7.62939453125e-05,,,False
streaming/q11/mbrotli-reader/incompressible-256KiB,35932614.20224206,39457810.96599206,91.06590893552533,90.28241672697196,91.82942824067713,per-case-final,,,,262144,22,262149,262149,1.0000190734863281,,,False
streaming/q11/mbrotli-session/incompressible-256KiB,35932614.20224206,39218305.564742066,91.62204660505807,91.05201686623977,92.27401928141711,per-case-final,,,,262144,22,262149,262149,1.0000190734863281,,,False
streaming/q11/mbrotli-writer/incompressible-256KiB,35932614.20224206,39799136.41730159,90.28490926406468,88.86643812532216,91.73527275077379,per-case-final,,,,262144,22,262149,262149,1.0000190734863281,,,False
streaming/q11/mbrotli-reader/text-1MiB,1703585360.6,1656984569.8,102.81238532025829,102.56733678249968,103.04297476645291,per-case-final,,,,1048576,22,8038,8038,0.0076656341552734375,,,True
streaming/q11/mbrotli-session/text-1MiB,1703585360.6,1658254996.1,102.7336184487073,102.28743984392102,103.15167191758924,per-case-final,,,,1048576,22,8038,8038,0.0076656341552734375,,,True
streaming/q11/mbrotli-writer/text-1MiB,1703585360.6,1654529880.4,102.96491956906455,102.64930922479188,103.25493247189237,per-case-final,,,,1048576,22,8038,8038,0.0076656341552734375,,,True
streaming/q11/mbrotli-reader/vendor-alice29.txt,132868013.29999998,138523706.53333333,95.91716582318536,95.42284385150082,96.38152022439272,per-case-final,,,,152089,22,46487,46487,0.305656556358448,,,True
streaming/q11/mbrotli-session/vendor-alice29.txt,132868013.29999998,138948529.63333333,95.62390739263019,95.18351106693538,96.077305234018,per-case-final,,,,152089,22,46487,46487,0.305656556358448,,,True
streaming/q11/mbrotli-writer/vendor-alice29.txt,132868013.29999998,139031424.26666665,95.56689360036688,95.17080081569205,95.94222000672637,per-case-final,,,,152089,22,46487,46487,0.305656556358448,,,True
streaming/q11/mbrotli-reader/vendor-lcet10.txt,394401643.4,417883652.9,94.38073029728702,93.88133472437853,94.84996457241407,per-case-final,,,,426754,22,113416,113416,0.26576435135933113,,,False
streaming/q11/mbrotli-session/vendor-lcet10.txt,394401643.4,418301337.2,94.28648878820749,93.21100904359385,95.2748265024691,per-case-final,,,,426754,22,113416,113416,0.26576435135933113,,,False
streaming/q11/mbrotli-writer/vendor-lcet10.txt,394401643.4,413966313.2,95.27384978532113,94.53804947461391,95.92546282216935,per-case-final,,,,426754,22,113416,113416,0.26576435135933113,,,True
streaming/q11/mbrotli-reader/vendor-mapsdatazrh,369278851.3,389844721.5,94.724599548028,94.00178670756912,95.4612069615266,per-case-final,,,,285886,22,159339,159339,0.5573515317294306,,,False
streaming/q11/mbrotli-session/vendor-mapsdatazrh,369278851.3,391816826.3,94.24782870791172,93.64917345238472,94.86921740898687,per-case-final,,,,285886,22,159339,159339,0.5573515317294306,,,False
streaming/q11/mbrotli-writer/vendor-mapsdatazrh,369278851.3,390147337.3,94.65112689364496,93.93286038915234,95.38134488114935,per-case-final,,,,285886,22,159339,159339,0.5573515317294306,,,False
streaming/q11/mbrotli-reader/vendor-plrabn12.txt,422081780.0,440465892.5,95.82621201481565,95.17995435779791,96.45138451106625,per-case-final,,,,481861,22,163267,163267,0.33882592697894204,,,True
streaming/q11/mbrotli-session/vendor-plrabn12.txt,422081780.0,439288392.6,96.08307141962939,95.41889786033593,96.74006209820712,per-case-final,,,,481861,22,163267,163267,0.33882592697894204,,,True
streaming/q11/mbrotli-writer/vendor-plrabn12.txt,422081780.0,440459170.2,95.82767451710556,95.00138757671573,96.62726220511689,per-case-final,,,,481861,22,163267,163267,0.33882592697894204,,,True
streaming/q11/mbrotli-reader/vendor-quickfox_repeated,3585720.9442962958,4485284.023412699,79.94412228031088,78.91435764240559,81.01374983673216,per-case-final,,,,176128,22,57,57,0.0003236282703488372,,,False
streaming/q11/mbrotli-session/vendor-quickfox_repeated,3585720.9442962958,4448513.659139194,80.60492153215391,79.65316327218719,81.64959233785967,per-case-final,,,,176128,22,57,57,0.0003236282703488372,,,False
streaming/q11/mbrotli-writer/vendor-quickfox_repeated,3585720.9442962958,4480651.06163309,80.02678394218421,79.0826067422028,80.95676109860138,per-case-final,,,,176128,22,57,57,0.0003236282703488372,,,False
streaming/q2/mbrotli-reader/binary-256KiB,897639.5946904762,1079067.6887896827,83.1865882016445,80.72569667958705,85.46611706592542,per-case-final,,,,262144,22,99597,99597,0.3799324035644531,,,False
streaming/q2/mbrotli-session/binary-256KiB,897639.5946904762,1054086.0363293649,85.15809561583029,83.34056657219182,87.15809576742834,per-case-final,,,,262144,22,99597,99597,0.3799324035644531,,,False
streaming/q2/mbrotli-writer/binary-256KiB,897639.5946904762,1052403.0460813495,85.29427941441836,83.51210345490256,87.16382881482961,per-case-final,,,,262144,22,99597,99597,0.3799324035644531,,,False
streaming/q2/mbrotli-reader/compressible-256KiB,117692.57786354327,23952.745587248322,491.35318301964946,476.00353986219056,509.83849594663,per-case-final,,,,262144,22,28,28,0.0001068115234375,,,True
streaming/q2/mbrotli-session/compressible-256KiB,117692.57786354327,15801.389214181288,744.8242446804461,713.089300578247,778.3694437561039,per-case-final,,,,262144,22,28,28,0.0001068115234375,,,True
streaming/q2/mbrotli-writer/compressible-256KiB,117692.57786354327,17696.682242934574,665.0544788446557,640.6703222630615,693.5149579303701,per-case-final,,,,262144,22,28,28,0.0001068115234375,,,True
streaming/q2/mbrotli-reader/incompressible-256KiB,136921.69685626103,158830.58076058203,86.20612995343383,81.8460221910614,90.22730458523158,per-case-final,,,,262144,22,262149,262149,1.0000190734863281,,,False
streaming/q2/mbrotli-session/incompressible-256KiB,136921.69685626103,141904.82430130386,96.48840166669581,91.34476012878135,101.77927678001868,per-case-final,,,,262144,22,262149,262149,1.0000190734863281,,,True
streaming/q2/mbrotli-writer/incompressible-256KiB,136921.69685626103,132371.03909611993,103.43780466725556,96.77974712575246,109.6054321450485,per-case-final,,,,262144,22,262149,262149,1.0000190734863281,,,True
streaming/q2/mbrotli-reader/text-1MiB,665278.6640674605,955551.0151289683,69.62251659349339,67.36121319333992,71.80131388746314,per-case-final,,,,1048576,22,8176,8176,0.0077972412109375,,,False
streaming/q2/mbrotli-session/text-1MiB,665278.6640674605,1011457.2130753968,65.77427650593745,64.35311993881767,67.79287283979743,per-case-final,,,,1048576,22,8176,8176,0.0077972412109375,,,False
streaming/q2/mbrotli-writer/text-1MiB,665278.6640674605,915897.5519444445,72.6367990235456,70.89303195403485,74.39839622893712,per-case-final,,,,1048576,22,8176,8176,0.0077972412109375,,,False
streaming/q2/mbrotli-reader/vendor-alice29.txt,906983.3701587301,997844.9528373017,90.89421834321925,88.55358456930864,93.1951561618247,per-case-final,,,,152089,22,57383,57383,0.3772988184549836,,,False
streaming/q2/mbrotli-session/vendor-alice29.txt,906983.3701587301,978357.1757142857,92.70472917996983,91.03832371954023,94.43913034417052,per-case-final,,,,152089,22,57383,57383,0.3772988184549836,,,False
streaming/q2/mbrotli-writer/vendor-alice29.txt,906983.3701587301,991798.4371626982,91.44835645772905,89.54759915906868,93.4569368284817,per-case-final,,,,152089,22,57383,57383,0.3772988184549836,,,False
streaming/q2/mbrotli-reader/vendor-lcet10.txt,2428699.909940476,2674919.7869444443,90.7952426010791,87.71980401048292,94.19666886837798,per-case-final,,,,426754,22,148449,148449,0.34785614194594544,,,False
streaming/q2/mbrotli-session/vendor-lcet10.txt,2428699.909940476,2620290.3637499996,92.68819759595914,90.44298845183658,95.56598033138437,per-case-final,,,,426754,22,148449,148449,0.34785614194594544,,,False
streaming/q2/mbrotli-writer/vendor-lcet10.txt,2428699.909940476,2658378.952837302,91.36018427125718,88.81817808823736,94.44387523800923,per-case-final,,,,426754,22,148449,148449,0.34785614194594544,,,False
streaming/q2/mbrotli-reader/vendor-mapsdatazrh,1224952.1964550265,1369342.3023809525,89.45551410521192,86.55356591173627,92.23637950838867,per-case-final,,,,285886,22,177027,177027,0.6192223473692311,,,False
streaming/q2/mbrotli-session/vendor-mapsdatazrh,1224952.1964550265,1363991.0222619046,89.80647060445382,87.90592540842658,92.08022636268392,per-case-final,,,,285886,22,177027,177027,0.6192223473692311,,,False
streaming/q2/mbrotli-writer/vendor-mapsdatazrh,1224952.1964550265,1366111.89994709,89.66704678456203,87.53074180430552,92.16751899020238,per-case-final,,,,285886,22,177027,177027,0.6192223473692311,,,False
streaming/q2/mbrotli-reader/vendor-plrabn12.txt,3147381.483154762,3427184.1933730156,91.83578429314376,90.25303161828694,93.40235366985097,per-case-final,,,,481861,22,198935,198935,0.41284727338381816,,,False
streaming/q2/mbrotli-session/vendor-plrabn12.txt,3147381.483154762,3404626.9143055556,92.44424021704404,90.46306685736387,94.32056679970272,per-case-final,,,,481861,22,198935,198935,0.41284727338381816,,,False
streaming/q2/mbrotli-writer/vendor-plrabn12.txt,3147381.483154762,3399409.298452381,92.58612914272024,90.77673117595208,94.20031464392702,per-case-final,,,,481861,22,198935,198935,0.41284727338381816,,,False
streaming/q2/mbrotli-reader/vendor-quickfox_repeated,77529.2380243161,17078.940265854384,453.9464206647464,446.08331622623405,461.20417121356246,per-case-final,,,,176128,22,65,65,0.0003690497819767442,,,True
streaming/q2/mbrotli-session/vendor-quickfox_repeated,77529.2380243161,10491.223468857328,738.9913888924182,729.2240607422996,748.4971067881885,per-case-final,,,,176128,22,65,65,0.0003690497819767442,,,True
streaming/q2/mbrotli-writer/vendor-quickfox_repeated,77529.2380243161,12446.643355015547,622.8927415444472,610.2909236744229,634.6071957420022,per-case-final,,,,176128,22,65,65,0.0003690497819767442,,,True
streaming/q5/mbrotli-reader/binary-256KiB,2714050.590357143,4821701.753888888,56.2882303570136,54.857346379193984,57.86538243002669,per-case-final,,,,262144,22,94650,94650,0.36106109619140625,,,False
streaming/q5/mbrotli-session/binary-256KiB,2714050.590357143,4851457.621587302,55.94299284983054,54.37228506890819,57.598817835673145,per-case-final,,,,262144,22,94650,94650,0.36106109619140625,,,False
streaming/q5/mbrotli-writer/binary-256KiB,2714050.590357143,4869545.346269841,55.73519491786136,54.220457529899114,57.417732706845825,per-case-final,,,,262144,22,94650,94650,0.36106109619140625,,,False
streaming/q5/mbrotli-reader/compressible-256KiB,110694.83849446848,40999.41662059843,269.9912526044444,267.56848308646715,272.6463238597435,per-case-final,,,,262144,22,19,19,7.2479248046875e-05,,,True
streaming/q5/mbrotli-session/compressible-256KiB,110694.83849446848,31835.170082174463,347.71241431642324,343.5112978088115,352.0987578728487,per-case-final,,,,262144,22,19,19,7.2479248046875e-05,,,True
streaming/q5/mbrotli-writer/compressible-256KiB,110694.83849446848,34628.6215839638,319.66284949017506,314.90780966603853,324.3231117250859,per-case-final,,,,262144,22,19,19,7.2479248046875e-05,,,True
streaming/q5/mbrotli-reader/incompressible-256KiB,297176.3485846561,390754.7479246032,76.05188424786506,72.92464554967479,79.99587511498154,per-case-final,,,,262144,22,262149,262149,1.0000190734863281,,,False
streaming/q5/mbrotli-session/incompressible-256KiB,297176.3485846561,363798.88336507935,81.68698755637294,78.11549056450312,86.11666466257928,per-case-final,,,,262144,22,262149,262149,1.0000190734863281,,,False
streaming/q5/mbrotli-writer/incompressible-256KiB,297176.3485846561,385812.8316071428,77.02604067022281,68.10642562814189,85.36516200635417,per-case-final,,,,262144,22,262149,262149,1.0000190734863281,,,False
streaming/q5/mbrotli-reader/text-1MiB,2498691.724166666,3567292.1628968255,70.04449341591354,66.25858252172924,73.49160022292847,per-case-final,,,,1048576,22,8254,8254,0.007871627807617188,,,False
streaming/q5/mbrotli-session/text-1MiB,2498691.724166666,3490162.7931150794,71.59241193836995,68.37763600445457,74.74681753541816,per-case-final,,,,1048576,22,8254,8254,0.007871627807617188,,,False
streaming/q5/mbrotli-writer/text-1MiB,2498691.724166666,3459529.3784722225,72.22634788753042,69.43711734241762,74.99744971059269,per-case-final,,,,1048576,22,8254,8254,0.007871627807617188,,,False
streaming/q5/mbrotli-reader/vendor-alice29.txt,2298387.0702380957,3550076.2906150795,64.74190642928076,63.577436308221614,65.95198046341028,per-case-final,,,,152089,22,52809,52809,0.34722432260058256,,,False
streaming/q5/mbrotli-session/vendor-alice29.txt,2298387.0702380957,3555045.3226587297,64.65141402245723,63.29475541283343,66.08952925300333,per-case-final,,,,152089,22,52809,52809,0.34722432260058256,,,False
streaming/q5/mbrotli-writer/vendor-alice29.txt,2298387.0702380957,3539738.2772817453,64.93098896574595,63.43024204372647,66.32002751767625,per-case-final,,,,152089,22,52809,52809,0.34722432260058256,,,False
streaming/q5/mbrotli-reader/vendor-lcet10.txt,5982680.796071428,9656085.033333335,61.95762335790215,60.94897588312054,63.00974641157167,per-case-final,,,,426754,22,133991,133991,0.3139771390543498,,,False
streaming/q5/mbrotli-session/vendor-lcet10.txt,5982680.796071428,9529602.7,62.77996034474164,61.72508435625312,63.64176940155334,per-case-final,,,,426754,22,133991,133991,0.3139771390543498,,,False
streaming/q5/mbrotli-writer/vendor-lcet10.txt,5982680.796071428,9568932.3,62.52192625577911,61.485756389422654,63.554567248757444,per-case-final,,,,426754,22,133991,133991,0.3139771390543498,,,False
streaming/q5/mbrotli-reader/vendor-mapsdatazrh,2826067.824484127,4075829.485277778,69.3372437363268,67.3544632000866,70.97655533643689,per-case-final,,,,285886,22,167912,167912,0.5873390092554375,,,False
streaming/q5/mbrotli-session/vendor-mapsdatazrh,2826067.824484127,3953068.4053571434,71.49048624239032,70.34227582248711,72.7119671592215,per-case-final,,,,285886,22,167912,167912,0.5873390092554375,,,False
streaming/q5/mbrotli-writer/vendor-mapsdatazrh,2826067.824484127,3940412.2675000005,71.72010522333312,70.36809433829316,73.05348966629224,per-case-final,,,,285886,22,167912,167912,0.5873390092554375,,,False
streaming/q5/mbrotli-reader/vendor-plrabn12.txt,8077851.466666667,13081117.2,61.75199979606227,60.679380405653795,62.955126369068196,per-case-final,,,,481861,22,186038,186038,0.38608229344146966,,,False
streaming/q5/mbrotli-session/vendor-plrabn12.txt,8077851.466666667,13295666.05,60.75552316287807,59.171445604846056,62.302246179218585,per-case-final,,,,481861,22,186038,186038,0.38608229344146966,,,False
streaming/q5/mbrotli-writer/vendor-plrabn12.txt,8077851.466666667,13309847.75,60.69078789174479,59.25736999683293,62.22792971045705,per-case-final,,,,481861,22,186038,186038,0.38608229344146966,,,False
streaming/q5/mbrotli-reader/vendor-quickfox_repeated,65375.38254322562,27363.763809523807,238.9122453997797,234.35787759544556,243.45227028906965,per-case-final,,,,176128,22,51,51,0.000289562136627907,,,True
streaming/q5/mbrotli-session/vendor-quickfox_repeated,65375.38254322562,20850.838377976193,313.53838804044784,307.46901533789685,319.7907943897301,per-case-final,,,,176128,22,51,51,0.000289562136627907,,,True
streaming/q5/mbrotli-writer/vendor-quickfox_repeated,65375.38254322562,23273.486558371736,280.90068232475187,277.41799156512366,284.5190089498761,per-case-final,,,,176128,22,51,51,0.000289562136627907,,,True
streaming/q9/mbrotli-reader/binary-256KiB,19743294.85,18498176.05,106.73103551741795,102.27850490485056,111.97265872796716,per-case-final,,,,262144,22,94116,94116,0.3590240478515625,,,True
streaming/q9/mbrotli-session/binary-256KiB,19743294.85,18524411.35,106.57987709822693,101.33299498889994,112.32924671783378,per-case-final,,,,262144,22,94116,94116,0.3590240478515625,,,True
streaming/q9/mbrotli-writer/binary-256KiB,19743294.85,18407124.1,107.25898702448582,103.01618802802001,112.49125997710652,per-case-final,,,,262144,22,94116,94116,0.3590240478515625,,,True
streaming/q9/mbrotli-reader/compressible-256KiB,55635.149073472814,42762.86948225957,130.10153375360693,125.38340092098302,135.1646710287722,per-case-final,,,,262144,22,19,19,7.2479248046875e-05,,,True
streaming/q9/mbrotli-session/compressible-256KiB,55635.149073472814,34378.57891484943,161.83085755601684,157.6100397253959,166.9785943040558,per-case-final,,,,262144,22,19,19,7.2479248046875e-05,,,True
streaming/q9/mbrotli-writer/compressible-256KiB,55635.149073472814,36534.288833730156,152.2820091740991,147.69562734133422,157.74375579434698,per-case-final,,,,262144,22,19,19,7.2479248046875e-05,,,True
streaming/q9/mbrotli-reader/incompressible-256KiB,7884760.733333334,1009203.2216071427,781.2857276433341,761.0680229175045,800.1356439652034,per-case-final,,,,262144,22,262149,262149,1.0000190734863281,,,True
streaming/q9/mbrotli-session/incompressible-256KiB,7884760.733333334,987064.5299206348,798.8090438187776,772.4404081551793,820.4836492442709,per-case-final,,,,262144,22,262149,262149,1.0000190734863281,,,True
streaming/q9/mbrotli-writer/incompressible-256KiB,7884760.733333334,968462.010188492,814.1528165672416,797.5248114806277,829.7452535078847,per-case-final,,,,262144,22,262149,262149,1.0000190734863281,,,True
streaming/q9/mbrotli-reader/text-1MiB,10176168.9,3400382.5652777776,299.265412189546,267.8802060606009,329.86586197251876,per-case-final,,,,1048576,22,7542,7542,0.0071926116943359375,,,True
streaming/q9/mbrotli-session/text-1MiB,10176168.9,3147084.9999603177,323.3522100651337,305.8044229307379,338.4124893422697,per-case-final,,,,1048576,22,7542,7542,0.0071926116943359375,,,True
streaming/q9/mbrotli-writer/text-1MiB,10176168.9,3243601.919781746,313.7305116863641,291.1910928329904,336.5240075409137,per-case-final,,,,1048576,22,7542,7542,0.0071926116943359375,,,True
streaming/q9/mbrotli-reader/vendor-alice29.txt,11018199.5,5794547.829801587,190.14770131558785,185.8899981597891,194.6824418733983,per-case-final,,,,152089,22,51054,51054,0.3356850265305183,,,True
streaming/q9/mbrotli-session/vendor-alice29.txt,11018199.5,5799214.364126984,189.9946925251949,183.61652199887862,195.87983839351048,per-case-final,,,,152089,22,51054,51054,0.3356850265305183,,,True
streaming/q9/mbrotli-writer/vendor-alice29.txt,11018199.5,5856982.225912699,188.120760402052,183.30891181706244,193.10047511502376,per-case-final,,,,152089,22,51054,51054,0.3356850265305183,,,True
streaming/q9/mbrotli-reader/vendor-lcet10.txt,19954274.7,18105597.45,110.21052884394048,107.92132223503965,112.64178694901075,per-case-final,,,,426754,22,127437,127437,0.29861934510279925,,,True
streaming/q9/mbrotli-session/vendor-lcet10.txt,19954274.7,18064815.3,110.45933417320906,108.96058535237967,112.09842074255252,per-case-final,,,,426754,22,127437,127437,0.29861934510279925,,,True
streaming/q9/mbrotli-writer/vendor-lcet10.txt,19954274.7,18229518.8,109.46133531511539,107.47174514976679,111.80037777371034,per-case-final,,,,426754,22,127437,127437,0.29861934510279925,,,True
streaming/q9/mbrotli-reader/vendor-mapsdatazrh,15429516.75,10265749.0,150.30093517774495,145.27375978762845,155.48517620890172,per-case-final,,,,285886,22,166978,166978,0.5840719727443806,,,True
streaming/q9/mbrotli-session/vendor-mapsdatazrh,15429516.75,10420323.6,148.07137803282808,140.35638573553206,155.3993017135638,per-case-final,,,,285886,22,166978,166978,0.5840719727443806,,,True
streaming/q9/mbrotli-writer/vendor-mapsdatazrh,15429516.75,10100672.7,152.75731833187706,148.6340276599551,157.23130594242863,per-case-final,,,,285886,22,166978,166978,0.5840719727443806,,,True
streaming/q9/mbrotli-reader/vendor-plrabn12.txt,25983345.5,26867289.2,96.70996320685751,93.58995886632891,99.76048895045243,per-case-final,,,,481861,22,177362,177362,0.368077101072716,,,True
streaming/q9/mbrotli-session/vendor-plrabn12.txt,25983345.5,26613053.1,97.63383931323534,95.6106717427218,99.85981814192883,per-case-final,,,,481861,22,177362,177362,0.368077101072716,,,True
streaming/q9/mbrotli-writer/vendor-plrabn12.txt,25983345.5,26721176.2,97.23877910733586,94.69541358118363,99.82705258678472,per-case-final,,,,481861,22,177362,177362,0.368077101072716,,,True
streaming/q9/mbrotli-reader/vendor-quickfox_repeated,72128.12361422347,30417.434872615715,237.12756817360415,231.25133582464215,242.23994799666633,per-case-final,,,,176128,22,51,51,0.000289562136627907,,,True
streaming/q9/mbrotli-session/vendor-quickfox_repeated,72128.12361422347,23841.93958487941,302.52624102766885,291.3727427825582,312.01616874514514,per-case-final,,,,176128,22,51,51,0.000289562136627907,,,True
streaming/q9/mbrotli-writer/vendor-quickfox_repeated,72128.12361422347,26385.626675453514,273.361419462984,265.9914514698507,280.5366832565386,per-case-final,,,,176128,22,51,51,0.000289562136627907,,,True
tiny/q0/mbrotli/1024,1820.448638805452,1959.9660755847767,92.88164022238506,90.85934309163348,94.88755725540334,outlined-output,1989.1510818774386,1773.5873237333003,1.0148905670645112,1024,22,229,229,0.2236328125,,,False
tiny/q0/mbrotli-reused/1024,1820.448638805452,1712.177632084733,106.32358493019728,104.2881455053209,108.45656069964933,outlined-output,1740.8415283430288,1773.5873237333003,1.0167411930404644,1024,22,229,229,0.2236328125,,,True
tiny/q0/mbrotli/16,852.5667471202635,846.9243998693273,100.66621616425347,98.44393420262122,102.87351580926577,outlined-output,877.0057877424688,814.9051236088648,1.0355183861484953,16,22,20,20,1.25,,,True
tiny/q0/mbrotli-reused/16,852.5667471202635,676.5924344420151,126.00890931087253,123.13442419842643,128.49756174616385,outlined-output,710.4178221672166,814.9051236088648,1.0499937421752243,16,22,20,20,1.25,,,True
tiny/q0/mbrotli/256,1509.8256950850175,1612.7805694959877,93.61631232678202,91.22839655730871,95.76674572948647,outlined-output,1659.38142473763,1466.4082141415115,1.0288947276046396,256,22,207,207,0.80859375,,,False
tiny/q0/mbrotli-reused/256,1509.8256950850175,1432.094604864678,105.42779017226202,102.93750845969294,107.88382907841742,outlined-output,1457.6134705235104,1466.4082141415115,1.0178192596858806,256,22,207,207,0.80859375,,,True
tiny/q0/mbrotli/64,1062.3864658926545,1085.9338275426248,97.83160252929444,95.57888034592024,100.10558348854796,outlined-output,1133.8041872680917,1023.7992620964473,1.044082206955274,64,22,68,68,1.0625,,,True
tiny/q0/mbrotli-reused/64,1062.3864658926545,911.3915634574294,116.56751153833542,115.33214133433697,117.83059840726797,outlined-output,944.9963957000194,1023.7992620964473,1.0368720027592835,64,22,68,68,1.0625,,,True
tiny/q1/mbrotli/1024,2392.9928062573645,2734.1935865357837,87.52097210824346,86.55375322944903,88.40817928552465,outlined-output,2706.5455084486043,2492.7065208310632,0.9898880319874463,1024,22,176,176,0.171875,,,False
tiny/q1/mbrotli-reused/1024,2392.9928062573645,2443.3214832185777,97.94015329923285,96.58783091024205,99.13976909399045,outlined-output,2403.0502743718907,2492.7065208310632,0.9835178427712927,1024,22,176,176,0.171875,,,True
tiny/q1/mbrotli/16,1598.0531676119008,1836.8388580069125,87.00018298534312,84.80751568074028,89.25853174282149,outlined-output,1829.7076847363471,1541.2855363303331,0.9961176925022682,16,22,20,20,1.25,,,False
tiny/q1/mbrotli-reused/16,1598.0531676119008,1616.2812352748654,98.87222178509889,96.97719603367165,100.79809035713292,outlined-output,1584.6267527367067,1541.2855363303331,0.9804152384824443,16,22,20,20,1.25,,,True
tiny/q1/mbrotli/256,2258.961193402778,2552.9551808979077,88.48416965190403,86.71453135889439,90.20732522899557,outlined-output,2512.0302558662743,2300.236805914058,0.9839695873480867,256,22,163,163,0.63671875,,,False
tiny/q1/mbrotli-reused/256,2258.961193402778,2273.3326322112985,99.36782507738249,97.12583480595796,101.38371790389448,outlined-output,2272.274378521691,2300.236805914058,0.9995344923683349,256,22,163,163,0.63671875,,,True
tiny/q1/mbrotli/64,1819.2381283278185,2137.2429231145047,85.12079317950096,82.67354752793452,87.51580966827207,outlined-output,2058.850753358223,1796.2582172956595,0.9633208893062822,64,22,68,68,1.0625,,,False
tiny/q1/mbrotli-reused/64,1819.2381283278185,1853.2664811479,98.16387156589565,96.08445634560043,100.24717850555639,outlined-output,1824.6722772717906,1796.2582172956595,0.9845709161812507,64,22,68,68,1.0625,,,True
tiny/q10/mbrotli/1024,271048.18304825074,314794.7118341132,86.10315639326386,85.31886080515663,86.84079155876401,per-case-final,,,,1024,22,124,124,0.12109375,,,False
tiny/q10/mbrotli-reused/1024,271048.18304825074,270342.2838771825,100.2611131196143,99.5023786583958,100.98558043551706,per-case-final,,,,1024,22,124,124,0.12109375,,,True
tiny/q10/mbrotli/16,154938.72740259737,196960.66676486656,78.66480650553677,78.09204169656586,79.21001457489434,per-case-final,,,,16,22,20,20,1.25,,,False
tiny/q10/mbrotli-reused/16,154938.72740259737,160625.08516844592,96.45985696450506,95.56889429179259,97.33654771315574,per-case-final,,,,16,22,20,20,1.25,,,True
tiny/q10/mbrotli/256,252481.52873805855,296208.18243494665,85.23786435018845,84.36312350289796,86.10394890275246,per-case-final,,,,256,22,114,114,0.4453125,,,False
tiny/q10/mbrotli-reused/256,252481.52873805855,252413.82585886982,100.02682217543288,99.06649015904496,100.99824570405605,per-case-final,,,,256,22,114,114,0.4453125,,,True
tiny/q10/mbrotli/64,187237.7137896148,226710.13460367062,82.58903560572595,81.68598539203933,83.54834185586793,per-case-final,,,,64,22,67,67,1.046875,,,False
tiny/q10/mbrotli-reused/64,187237.7137896148,184631.79964299258,101.4114113341586,100.82209340365864,102.09596890863541,per-case-final,,,,64,22,67,67,1.046875,,,True
tiny/q11/mbrotli/1024,1383353.6850684525,1432187.2037552216,96.5902838289068,95.53869044884017,97.59783655690946,per-case-final,,,,1024,22,124,124,0.12109375,,,True
tiny/q11/mbrotli-reused/1024,1383353.6850684525,1379374.7001914682,100.28846294458147,99.19546972620587,101.34138970139303,per-case-final,,,,1024,22,124,124,0.12109375,,,True
tiny/q11/mbrotli/16,156301.22132060325,198682.459781241,78.66885757942521,77.61850613591649,79.80403713716072,per-case-final,,,,16,22,20,20,1.25,,,False
tiny/q11/mbrotli-reused/16,156301.22132060325,161636.43262905657,96.6992520054577,95.48786002564725,98.07296031841962,per-case-final,,,,16,22,20,20,1.25,,,True
tiny/q11/mbrotli/256,354740.1378452121,397608.2682478855,89.21850126719508,88.32353823892785,90.1671056790114,per-case-final,,,,256,22,114,114,0.4453125,,,False
tiny/q11/mbrotli-reused/256,354740.1378452121,352137.89454633894,100.73898417045564,99.75803867368388,101.81566102866408,per-case-final,,,,256,22,114,114,0.4453125,,,True
tiny/q11/mbrotli/64,200419.94811274513,240229.64027040312,83.42848446476127,82.49744128783,84.31505091917317,per-case-final,,,,64,22,67,67,1.046875,,,False
tiny/q11/mbrotli-reused/64,200419.94811274513,201702.95364359202,99.36391336484148,98.29937907908882,100.35183076179985,per-case-final,,,,64,22,67,67,1.046875,,,True
tiny/q2/mbrotli/1024,2319.3292906016572,3992.936876159555,58.08579906307986,54.09047161152603,61.55344349410329,per-case-final,,,,1024,22,174,174,0.169921875,,,False
tiny/q2/mbrotli-reused/1024,2319.3292906016572,2987.133150019037,77.6439875332265,74.04842067361257,81.56602384637497,per-case-final,,,,1024,22,174,174,0.169921875,,,False
tiny/q2/mbrotli/16,819.6061956030386,1038.282987163561,78.93861362807111,77.21316785592255,80.79738129576299,per-case-final,,,,16,22,20,20,1.25,,,False
tiny/q2/mbrotli-reused/16,819.6061956030386,792.319439582191,103.4439084361273,100.86734282249718,106.06243068006648,per-case-final,,,,16,22,20,20,1.25,,,True
tiny/q2/mbrotli/256,1574.712849441427,2590.408463349643,60.7901368344502,59.62391158656863,61.90672925553275,per-case-final,,,,256,22,160,160,0.625,,,False
tiny/q2/mbrotli-reused/256,1574.712849441427,1685.430863443738,93.43087774148815,91.97857187660017,95.00720193183999,per-case-final,,,,256,22,160,160,0.625,,,False
tiny/q2/mbrotli/64,1071.7240721078222,1556.085476509144,68.87308494852624,67.21272776604499,70.53182100991691,per-case-final,,,,64,22,68,68,1.0625,,,False
tiny/q2/mbrotli-reused/64,1071.7240721078222,1106.2050344752736,96.88295015003187,95.16897755415205,98.80915040181361,per-case-final,,,,64,22,68,68,1.0625,,,True
tiny/q3/mbrotli/1024,5860.74597414856,8672.069886262017,67.58185820703478,65.90422468119091,69.46149192677409,per-case-final,,,,1024,22,157,157,0.1533203125,,,False
tiny/q3/mbrotli-reused/1024,5860.74597414856,6598.493362657564,88.81945698871061,86.35855377001033,91.40703211218026,per-case-final,,,,1024,22,157,157,0.1533203125,,,False
tiny/q3/mbrotli/16,1597.1547309730972,2144.5874181982736,74.47375273305066,72.31645722818739,76.2887452235943,per-case-final,,,,16,22,20,20,1.25,,,False
tiny/q3/mbrotli-reused/16,1597.1547309730972,1643.0119957719733,97.20895130912724,94.65699856701617,99.6493667713046,per-case-final,,,,16,22,20,20,1.25,,,True
tiny/q3/mbrotli/256,4397.307876601645,5950.86357963005,73.89360918394662,70.38273542231133,76.76803300483337,per-case-final,,,,256,22,140,140,0.546875,,,False
tiny/q3/mbrotli-reused/256,4397.307876601645,4692.173466853407,93.71579946191758,91.44485131721686,96.13188088264123,per-case-final,,,,256,22,140,140,0.546875,,,False
tiny/q3/mbrotli/64,1953.416156297228,2809.5251756170073,69.52833785759664,67.43186423620828,71.72147288410297,per-case-final,,,,64,22,57,57,0.890625,,,False
tiny/q3/mbrotli-reused/64,1953.416156297228,2145.188264624394,91.06035999312425,88.832230075718,93.67754695229178,per-case-final,,,,64,22,57,57,0.890625,,,False
tiny/q4/mbrotli/1024,9230.297083085938,13355.690766607877,69.11134170733932,65.94315113045495,73.27534633468314,per-case-final,,,,1024,22,157,157,0.1533203125,,,False
tiny/q4/mbrotli-reused/1024,9230.297083085938,10120.389074675326,91.20496272404483,87.83139955035017,95.97907141476368,per-case-final,,,,1024,22,157,157,0.1533203125,,,False
tiny/q4/mbrotli/16,2701.3293121011293,3864.2799963311577,69.90511336305438,67.62120891353605,72.70234030462315,per-case-final,,,,16,22,20,20,1.25,,,False
tiny/q4/mbrotli-reused/16,2701.3293121011293,3103.3154018024156,87.04656028620838,84.34909546243247,90.34340746235186,per-case-final,,,,16,22,20,20,1.25,,,False
tiny/q4/mbrotli/256,7773.7246650663,10230.341237334203,75.98695375572787,72.84106219356815,79.17021134433988,per-case-final,,,,256,22,142,142,0.5546875,,,False
tiny/q4/mbrotli-reused/256,7773.7246650663,8545.86102550488,90.96479151563356,87.67567404640272,94.41389802385281,per-case-final,,,,256,22,142,142,0.5546875,,,False
tiny/q4/mbrotli/64,4712.778168581312,6042.799885659371,77.98997580187232,76.41205401675887,79.6349769740956,per-case-final,,,,64,22,54,54,0.84375,,,False
tiny/q4/mbrotli-reused/64,4712.778168581312,5161.722288585899,91.30243560376472,88.75727639166506,93.54613127727957,per-case-final,,,,64,22,54,54,0.84375,,,False
tiny/q5/mbrotli/1024,10083.189718135673,14931.977064142597,67.52749267442472,65.16966443325077,69.89592066621323,per-case-final,,,,1024,22,146,146,0.142578125,,,False
tiny/q5/mbrotli-reused/1024,10083.189718135673,11421.409506003256,88.2832343314177,85.3643518995677,91.26676867453703,per-case-final,,,,1024,22,146,146,0.142578125,,,False
tiny/q5/mbrotli/16,2777.2045469782115,5756.529815706324,48.24442217602672,46.894022189260426,49.71624171371047,per-case-final,,,,16,22,20,20,1.25,,,False
tiny/q5/mbrotli-reused/16,2777.2045469782115,3208.408439212755,86.56019330443017,84.69096833710348,88.62217966059383,per-case-final,,,,16,22,20,20,1.25,,,False
tiny/q5/mbrotli/256,8166.52326563439,12978.166573978566,62.92509206969497,61.631619181238634,64.635614003417,per-case-final,,,,256,22,131,131,0.51171875,,,False
tiny/q5/mbrotli-reused/256,8166.52326563439,9313.794579966016,87.68202042162915,85.9680087320205,89.86878322789981,per-case-final,,,,256,22,131,131,0.51171875,,,False
tiny/q5/mbrotli/64,5452.6724994572305,8771.556905713525,62.163109218450444,60.370699664081826,63.765349176167526,per-case-final,,,,64,22,58,58,0.90625,,,False
tiny/q5/mbrotli-reused/64,5452.6724994572305,6047.940471238304,90.15750940982406,87.10826514372853,93.22779348563783,per-case-final,,,,64,22,58,58,0.90625,,,False
tiny/q6/mbrotli/1024,10433.664660661918,15601.88627349624,66.87437966001677,63.81469902820073,70.28969779352737,per-case-final,,,,1024,22,146,146,0.142578125,,,False
tiny/q6/mbrotli-reused/1024,10433.664660661918,11711.8042421875,89.08674056451908,84.41558473908127,94.13889468145517,per-case-final,,,,1024,22,146,146,0.142578125,,,False
tiny/q6/mbrotli/16,2775.2083784159076,5787.608550519892,47.95086527001926,46.746956799308265,48.98304230614612,per-case-final,,,,16,22,20,20,1.25,,,False
tiny/q6/mbrotli-reused/16,2775.2083784159076,3199.189825843559,86.74722443780414,84.97339992653357,88.40649376254834,per-case-final,,,,16,22,20,20,1.25,,,False
tiny/q6/mbrotli/256,8325.534382766964,13330.045156466895,62.45691057338948,61.008903798802464,63.95016039076682,per-case-final,,,,256,22,131,131,0.51171875,,,False
tiny/q6/mbrotli-reused/256,8325.534382766964,9607.87620047494,86.65322292928184,84.20071962599039,89.20393714764435,per-case-final,,,,256,22,131,131,0.51171875,,,False
tiny/q6/mbrotli/64,5434.720518084242,8733.036056511763,62.23174257973959,60.87226675829074,63.405553736523046,per-case-final,,,,64,22,58,58,0.90625,,,False
tiny/q6/mbrotli-reused/64,5434.720518084242,5886.64926059104,92.32281859338393,91.33468692318725,93.3476355084621,per-case-final,,,,64,22,58,58,0.90625,,,False
tiny/q7/mbrotli/1024,10428.819546165885,17479.03449836713,59.66473461185818,57.650786638204394,61.925663149423826,per-case-final,,,,1024,22,146,146,0.142578125,,,False
tiny/q7/mbrotli-reused/1024,10428.819546165885,12604.700697786879,82.73754209806003,79.57550131623827,86.05141278127029,per-case-final,,,,1024,22,146,146,0.142578125,,,False
tiny/q7/mbrotli/16,2764.709873734605,6917.881817506282,39.96468784329727,38.55730862828509,41.161916473678446,per-case-final,,,,16,22,20,20,1.25,,,False
tiny/q7/mbrotli-reused/16,2764.709873734605,3271.9790352093646,84.49656443344843,82.1875253916315,86.88486117229515,per-case-final,,,,16,22,20,20,1.25,,,False
tiny/q7/mbrotli/256,8228.626256704356,13899.400624236872,59.20130284147513,57.896515194474816,60.63316700625049,per-case-final,,,,256,22,131,131,0.51171875,,,False
tiny/q7/mbrotli-reused/256,8228.626256704356,10200.408456777597,80.66957604268187,79.2487211656209,82.40277329198811,per-case-final,,,,256,22,131,131,0.51171875,,,False
tiny/q7/mbrotli/64,5454.522690594646,9720.978908515659,56.11083762167654,54.640332363849,57.69172848850492,per-case-final,,,,64,22,58,58,0.90625,,,False
tiny/q7/mbrotli-reused/64,5454.522690594646,6144.3991628523245,88.77227123477721,86.0569330642585,91.43570862599668,per-case-final,,,,64,22,58,58,0.90625,,,False
tiny/q8/mbrotli/1024,10946.31232526672,19265.418164782746,56.8184517545361,51.852051252869636,60.38835967785629,per-case-final,,,,1024,22,146,146,0.142578125,,,False
tiny/q8/mbrotli-reused/1024,10946.31232526672,13238.29249242019,82.68673872808155,80.03328238066801,85.7403467754556,per-case-final,,,,1024,22,146,146,0.142578125,,,False
tiny/q8/mbrotli/16,2769.682479746959,6842.887813559576,40.4753454273892,39.585618437682456,41.38029244004872,per-case-final,,,,16,22,20,20,1.25,,,False
tiny/q8/mbrotli-reused/16,2769.682479746959,3266.726843571213,84.7846364993015,83.48936184235791,86.17449025347791,per-case-final,,,,16,22,20,20,1.25,,,False
tiny/q8/mbrotli/256,8284.259306287033,14129.801873289547,58.62969191342513,56.761130344113376,60.37069707511752,per-case-final,,,,256,22,131,131,0.51171875,,,False
tiny/q8/mbrotli-reused/256,8284.259306287033,10523.392150304566,78.7223281995366,75.10863846688116,82.11100003784455,per-case-final,,,,256,22,131,131,0.51171875,,,False
tiny/q8/mbrotli/64,5492.897273548142,9594.285197242434,57.25176144572914,56.00537362915154,58.65204481621354,per-case-final,,,,64,22,58,58,0.90625,,,False
tiny/q8/mbrotli-reused/64,5492.897273548142,6180.067754800088,88.88085845469547,86.66099233690022,91.42352329375815,per-case-final,,,,64,22,58,58,0.90625,,,False
tiny/q9/mbrotli/1024,138005.1907738095,19886.366693342155,693.968852641206,681.6362404718124,705.8485306153681,per-case-final,,,,1024,22,146,146,0.142578125,,,True
tiny/q9/mbrotli-reused/1024,138005.1907738095,14357.441385531138,961.2101980293346,941.7133292382616,979.4420023873524,per-case-final,,,,1024,22,146,146,0.142578125,,,True
tiny/q9/mbrotli/16,19008.750317863185,6875.6699915984045,276.4639713815609,263.5344601956161,292.37756678241345,per-case-final,,,,16,22,20,20,1.25,,,True
tiny/q9/mbrotli-reused/16,19008.750317863185,3267.5553081614116,581.7422667761676,556.6586072385978,613.4536578963274,per-case-final,,,,16,22,20,20,1.25,,,True
tiny/q9/mbrotli/256,123664.69678708266,15389.034791666669,803.5896887701394,756.9005801037873,847.5394034152882,per-case-final,,,,256,22,131,131,0.51171875,,,True
tiny/q9/mbrotli-reused/256,123664.69678708266,11129.233560317462,1111.1699302279278,1076.7120878821859,1146.0874087886214,per-case-final,,,,256,22,131,131,0.51171875,,,True
tiny/q9/mbrotli/64,54004.01437733426,10043.614292309412,537.6950249740889,519.3118267957352,556.2328180745051,per-case-final,,,,64,22,58,58,0.90625,,,True
tiny/q9/mbrotli-reused/64,54004.01437733426,6269.071323966572,861.4356351454746,840.34343841944,881.6012059787412,per-case-final,,,,64,22,58,58,0.90625,,,True
universal/q0/mbrotli/binary-16KiB,153125.34092778893,170619.077578125,89.74690468460314,88.6823948704468,90.8378138629522,outlined-output,179878.72798724956,159740.75482317928,1.0542708971385961,16384,10,16433,16433,1.00299072265625,,,False
universal/q0/mbrotli/empty,144.51750444704103,29.191884002601693,495.0605601000644,485.6689714051497,502.81821501953607,outlined-output,29.992307297201535,152.92278393644386,1.027419377746517,0,10,1,1,,,,True
universal/q1/mbrotli/binary-16KiB,136301.06040025473,155722.61304177687,87.52811023257632,84.94466960423426,89.57898939415176,outlined-output,160417.06307879818,137667.26581625477,1.0301462321067134,16384,10,16433,16433,1.00299072265625,,,False
universal/q1/mbrotli/empty,143.4958541967104,29.44226210056339,487.3805338278153,476.2143266305819,501.40190622497937,outlined-output,29.57134380515065,148.8491752672921,1.0043842318958498,0,10,1,1,,,,True
universal/q11/mbrotli/binary-16KiB,22535004.5,23801460.7,94.67908202793622,92.73412933258946,96.7029546964404,per-case-final,,,,16384,10,16389,16389,1.00030517578125,,,False
universal/q11/mbrotli/empty,112.52059488292707,29.07029632478672,387.06380432381985,377.04260779631795,397.76693576928676,per-case-final,,,,0,10,2,2,,,,True
universal/q5/mbrotli/binary-16KiB,61827.030148467435,91248.79431349206,67.75654474518977,66.14382701219672,69.32314198725791,per-case-final,,,,16384,10,16389,16389,1.00030517578125,,,False
universal/q5/mbrotli/empty,113.46043571968941,28.779480003030177,394.2407427366416,388.6012017461914,399.96251359088666,per-case-final,,,,0,10,2,2,,,,True
