case,before_rust_ns,after_rust_ns,rust_speedup,rust_speedup_lower,rust_speedup_upper,c_speedup,relative_to_c_speedup,before_percent_c,after_percent_c,before_passes,after_passes
cold/q0/mbrotli/binary-256KiB,404782.18502380955,403524.11792063486,1.0031176999026912,0.9791889904403642,1.0272883774687591,1.003012635855516,1.000104748478154,77.25941468816877,77.26750749428042,False,False
cold/q0/mbrotli/compressible-256KiB,39405.13984380277,39648.580113871634,0.9938600507415474,0.9784059333730803,1.0084214024051987,0.9987093459803799,0.9951444379104392,98.31240582716177,97.83504383649388,True,True
cold/q0/mbrotli/incompressible-256KiB,24100.089721149725,24051.7296287594,1.002010670048964,0.987156201190381,1.018961669462407,0.9905967550703303,1.0115222616268547,78.07717401062902,78.97679963666495,False,False
cold/q0/mbrotli/text-1KiB,1851.9031407137068,1835.6442639146055,1.008857313543109,1.0015557717705488,1.0170081685705792,0.9514421659050339,1.0603453890268366,93.2821843076946,98.9113340090155,False,True
cold/q0/mbrotli/text-1MiB,107104.25551190476,92638.47789880952,1.1561530148292856,0.9724961872735612,1.420226150647005,1.0508549959193825,1.1002022346744222,92.76914648972169,102.06482227683064,False,True
cold/q0/mbrotli/vendor-alice29.txt,370766.111063492,364701.74555555556,1.016628287585239,1.002302189996321,1.0316258931922153,1.0068055483044163,1.0097563420239046,98.67452317182051,99.63722556893049,True,True
cold/q0/mbrotli/vendor-lcet10.txt,1002410.2489087302,969114.8186904762,1.034356538127489,1.0118393512873824,1.0577722262943403,0.9803408052300725,1.055098933563966,101.35523150118176,106.93979666802576,True,True
cold/q0/mbrotli/vendor-mapsdatazrh,459737.57944444445,453399.1153075397,1.013979877602111,0.9991207109690207,1.0288647453231783,0.9829527946221839,1.0315651811050122,103.05613750053301,106.30912314472037,True,True
cold/q0/mbrotli/vendor-plrabn12.txt,1391744.2039285714,1377874.8428373015,1.0100657626223222,0.9945547204977502,1.0251100520854803,1.0005441631680942,1.0095164209684448,100.28839606049874,101.24278265566056,True,True
cold/q0/mbrotli/vendor-quickfox_repeated,19800.505666407866,19689.580129538404,1.005633717740027,0.9854495033588371,1.0249483809558655,1.0342363476592995,0.9723442035430233,97.96107541124212,95.25188384896227,True,True
cold/q0/mbrotli/vendor-random_org_10k.bin,10016.773390507518,9219.542667348085,1.0864718296692637,0.9868048878519298,1.2165365799245806,0.999100105306307,1.0874504205323547,79.86013567631488,86.84393812497953,False,False
cold/q1/mbrotli/binary-256KiB,605479.1512996033,580115.5485119049,1.043721639340232,1.024423347877379,1.0616694896043177,0.9757231880597412,1.0696903098262,104.56615491097291,111.85340264405303,True,True
cold/q1/mbrotli/compressible-256KiB,14272.339058159723,14086.057353980656,1.0132245453428048,0.9999237711324356,1.0284620895027075,1.035309418714938,0.9786683353083511,118.48828097469173,115.96072869504972,True,True
cold/q1/mbrotli/incompressible-256KiB,29419.452787226008,28934.192768817204,1.016771161451989,1.0010139722647093,1.0332781596876923,1.0057451632233043,1.0109630139242705,88.26556933062221,89.23322599622747,False,False
cold/q1/mbrotli/text-1KiB,2673.575719887955,2718.785650816359,0.9833712779399034,0.9449320377190985,1.0209429479037884,1.0018514138304304,0.9815540152607353,90.42447371639668,88.75650525416798,False,False
cold/q1/mbrotli/text-1MiB,158447.38156084655,155886.65200727514,1.0164268686292133,0.9838293261892853,1.0506729371539314,1.089979867943237,0.9325189377554135,118.29814983295118,110.31526502065438,True,True
cold/q1/mbrotli/vendor-alice29.txt,523621.92512896826,525955.4076785714,0.9955633452655187,0.9716823453533319,1.0165609434306346,0.9938959223133321,1.0016776635407716,92.67719479813904,92.83267594891286,False,False
cold/q1/mbrotli/vendor-lcet10.txt,1393505.0762103174,1409000.6420039681,0.9890024423469305,0.9737079841287846,1.005673120971697,1.0160502664851137,0.9733794428972973,96.75755943053689,94.18181929459813,True,False
cold/q1/mbrotli/vendor-mapsdatazrh,681371.6362698413,691464.0093121694,0.9854043407807047,0.9556211761836892,1.0146583410903276,1.015249975644883,0.9706026736467337,96.73388533017236,93.89016773370184,True,False
cold/q1/mbrotli/vendor-plrabn12.txt,1985710.4942857143,1936224.8869841266,1.0255577787653927,0.9965050917821525,1.057412560419187,0.9993483367713674,1.0262265328611053,91.58714190851092,93.9891550954292,False,False
cold/q1/mbrotli/vendor-quickfox_repeated,12898.625952664403,13345.11320829051,0.9665430147607341,0.9124295935536728,1.0059993462092642,1.011317622841305,0.9557264631117808,111.11531951814203,106.19585132060931,True,True
cold/q1/mbrotli/vendor-random_org_10k.bin,16254.055601910382,16675.78477012727,0.9747100856703088,0.9599479890454898,0.9885517349595627,1.0084685913776625,0.9665249805536965,139.94862204359828,135.26383919920545,True,True
cold/q10/mbrotli/binary-256KiB,385965437.8,390818505.2,0.9875822988537443,0.9648299086736212,1.0072290583811063,0.9933904065409797,0.9941532476567199,84.0059949533647,83.51483270552154,False,False
cold/q10/mbrotli/compressible-256KiB,5711250.436448413,5695907.755694444,1.0026936322377464,0.9969071469041899,1.0087406948845437,1.018316090513763,0.9846585373426294,82.88842004584642,81.61679044498462,False,False
cold/q10/mbrotli/incompressible-256KiB,25222739.23550264,26632511.418201063,0.9470657437985754,0.9175221753936691,0.9938762432448585,0.9945606962079893,0.95224529524392,85.30645074814537,81.2326663788786,False,False
cold/q10/mbrotli/text-1KiB,329246.9340607669,338848.49419230013,0.9716641499192136,0.9573716002539625,0.9850511734979648,0.9992386299331303,0.9724045096057166,81.03875471178755,78.80245053457372,False,False
cold/q10/mbrotli/text-1MiB,120552462.7,119009634.53333333,1.0129638929882987,1.006794400753868,1.023155743430391,0.9837343155029302,1.0297128777808515,84.73450940871429,87.25221553059583,False,False
cold/q10/mbrotli/vendor-alice29.txt,50608972.273571424,52319632.45539682,0.9673036659176886,0.9596247080900383,0.9743513479696839,0.9895052106560218,0.9775629834999918,90.91198401830681,88.87219033283958,False,False
cold/q10/mbrotli/vendor-lcet10.txt,163245013.4,167087023.1,0.9770059360163441,0.9595399725943996,0.990192420729501,0.9744072378703088,1.0026669528355672,92.94705093270555,93.19493633374813,False,False
cold/q10/mbrotli/vendor-mapsdatazrh,138773268.6,142830114.23333335,0.9715967066531508,0.9665174473755751,0.9765290857131628,1.00528074419717,0.9664929048542357,95.5293451714999,92.32843431362589,True,False
cold/q10/mbrotli/vendor-plrabn12.txt,181924900.65,185224916.2,0.9821837384640156,0.9741206297620608,0.9906005620699736,0.9872734595734775,0.994844669366823,91.84972084798552,91.37620516844915,False,False
cold/q10/mbrotli/vendor-quickfox_repeated,3820845.708367725,3840453.7098703696,0.9948943528593379,0.9807217774979841,1.009741847338757,1.000516848356388,0.9943804089793324,69.10624402857393,68.71789520015889,False,False
cold/q10/mbrotli/vendor-random_org_10k.bin,5469695.421968253,5582913.160960318,0.9797206698854349,0.9717082420376619,0.988661261647898,1.0076006093294856,0.9723303666294887,87.35984797192357,84.94263300723684,False,False
cold/q11/mbrotli/binary-256KiB,492212856.6,500676183.7,0.9830962059400231,0.9793582857269411,0.9868323458834244,1.0053835402020992,0.9778320080139804,89.3045352850704,87.32483306255575,False,False
cold/q11/mbrotli/compressible-256KiB,7160069.279900794,7150915.517048612,1.001280082645412,0.9889399504138991,1.0112854715342667,0.9914286095273582,1.0099366439735387,83.73193983414988,84.56395430949559,False,False
cold/q11/mbrotli/incompressible-256KiB,40616812.896805555,42845974.31849206,0.9479726752129333,0.9360454170129576,0.9593867254085809,1.0153921192077884,0.9336025534180276,89.08470615574609,83.16970913749923,False,False
cold/q11/mbrotli/text-1KiB,1442715.7855398916,1471914.1003131703,0.9801630307318434,0.9700436779384038,0.9913702085523203,1.0118643998397125,0.96867033852274,97.07141329192844,94.03019877437312,True,False
cold/q11/mbrotli/text-1MiB,1685221413.3,1704705102.9,0.9885706392461341,0.9822128703969272,0.9956701259817768,1.0148658034806068,0.9740900086057779,104.04008820815285,101.3444104180255,True,True
cold/q11/mbrotli/vendor-alice29.txt,140008546.26666668,140621216.26666662,0.9956431183269094,0.9917593080147481,0.9998855437208679,1.0423567969305543,0.9551845598923485,97.41350472532156,93.04787563862749,True,False
cold/q11/mbrotli/vendor-lcet10.txt,418522453.5,425366531.9,0.9839101624440708,0.9730890280329102,0.9949894712020628,1.0426659859775467,0.9436484700530539,97.6360194017643,92.13408033054516,True,False
cold/q11/mbrotli/vendor-mapsdatazrh,392227258.6,398377581.5,0.9845615737792214,0.9624566198273607,1.0171474430427583,1.0158482661849912,0.9692014118178625,97.82494953806864,94.81207920330728,True,False
cold/q11/mbrotli/vendor-plrabn12.txt,448811318.1,451411440.5,0.994240016608529,0.981518599573582,1.0083967571816501,1.0302458727433776,0.9650512007983386,97.33139437064477,93.9297790127674,True,False
cold/q11/mbrotli/vendor-quickfox_repeated,4844389.991283068,4776221.888121692,1.014272390344952,1.0062903129040905,1.0218639023761216,1.0156037591512967,0.9986890863741412,73.96594998341237,73.86898701172953,False,False
cold/q11/mbrotli/vendor-random_org_10k.bin,11270510.29118254,11546126.110460317,0.9761291521813468,0.9643002616669362,0.987568671095026,1.0035553344048542,0.9726709815759463,92.6851375909847,90.15214375812472,False,False
cold/q2/mbrotli/binary-256KiB,1097586.6764880952,1077553.851845238,1.0185910194729966,0.9780629931762693,1.0582111206970521,1.0071301614895942,1.0113797187510014,81.96343387717863,82.89615470256723,False,False
cold/q2/mbrotli/compressible-256KiB,22265.358768371545,21938.149062736204,1.0149151008455464,0.9913126177100041,1.0358830852461425,1.0049004560337171,1.0099658078088218,499.40892468562566,504.38593804705295,True,True
cold/q2/mbrotli/incompressible-256KiB,118420.35148065476,127022.8733068783,0.932275805118654,0.8848656453584237,0.9806230878224178,1.0245711866210059,0.909918039168427,90.07110915027681,81.95732702374524,False,False
cold/q2/mbrotli/text-1KiB,3358.025513651978,3362.162162953254,0.9987696461084309,0.9835999165080366,1.0145245674021928,0.8109975593681038,1.231532246393727,78.3561075843115,96.49807319197569,False,True
cold/q2/mbrotli/text-1MiB,764062.1550000001,760813.5078306878,1.004269965156869,0.9877208694004256,1.020931883480899,1.0489757997196805,0.9573814433328605,90.30335314254648,86.45475456940815,False,False
cold/q2/mbrotli/vendor-alice29.txt,1029445.3946626984,1040605.7675198413,0.9892751191608881,0.9719378258418776,1.0063120028781047,0.9999036010643764,0.9893704934233915,87.94450375934335,87.00969707825683,False,False
cold/q2/mbrotli/vendor-lcet10.txt,2747512.6482539685,2786390.232420635,0.9860473297263563,0.947838045859144,1.0224649400289372,0.9861285881364901,0.999917598565632,86.00840466116573,86.00131744525395,False,False
cold/q2/mbrotli/vendor-mapsdatazrh,1390836.9411309524,1521317.1168253967,0.9142320991124301,0.8123281858608329,1.0115571742285394,0.968500628695662,0.9439664487814341,86.58989302547833,81.73795381962505,False,False
cold/q2/mbrotli/vendor-plrabn12.txt,3587540.9790476197,3582974.095793651,1.0012746068299323,0.9785603955355645,1.022930094983268,0.9874705587773309,1.013979199612486,86.60615701174298,87.81684176828044,False,False
cold/q2/mbrotli/vendor-quickfox_repeated,16138.813373718218,15972.957581120945,1.0103835367842775,0.9887250729856145,1.0335341285743644,0.9401619888230585,1.0746909030529153,454.1494805075568,488.07031532767854,True,True
cold/q2/mbrotli/vendor-random_org_10k.bin,28240.75380826405,28162.63015384615,1.0027740184063465,0.9840375413287881,1.02073010997105,0.9663132635072136,1.0377318166645042,98.82034427183413,102.54901538462217,True,True
cold/q3/mbrotli/binary-256KiB,1596274.759107143,1540453.727996032,1.0362367464186855,1.0108720499625843,1.0678553272725528,0.9993238593114365,1.0369378622988978,86.04226754275355,89.2204849731327,False,False
cold/q3/mbrotli/compressible-256KiB,25166.696920194,25301.316103395064,0.994679360447064,0.96870966380747,1.0133484632465761,0.9742514009725435,1.0209678522957506,448.6042545555044,458.0105223042695,True,True
cold/q3/mbrotli/incompressible-256KiB,148382.05053240742,160321.76555224866,0.9255265498186513,0.8846593382736779,0.960967871212336,1.0344454668441638,0.8947079178975023,82.1117298871779,73.46601488231904,False,False
cold/q3/mbrotli/text-1KiB,7637.203604363473,7349.892259485094,1.0390905519067442,0.9910957694526589,1.0984326615937954,1.0121830604992215,1.0265836215380362,77.65126465874732,79.71551649038534,False,False
cold/q3/mbrotli/text-1MiB,921965.1490608465,887277.8234391535,1.039094097367657,0.9626897641511901,1.1487130193115145,0.9827568875929548,1.0573256829699638,82.41785008384937,87.14250962882213,False,False
cold/q3/mbrotli/vendor-alice29.txt,1232741.82015873,1191704.3385714288,1.034435958869207,1.0021745011665388,1.0740718058882492,1.014322201656998,1.0198297515122425,88.93124094486643,90.6947253544785,False,False
cold/q3/mbrotli/vendor-lcet10.txt,3176984.347896825,3081942.5040873014,1.030838292305414,1.0173603256293646,1.044507291729639,0.9693493547209769,1.0634332062893224,88.19017636953895,93.78436201987962,False,False
cold/q3/mbrotli/vendor-mapsdatazrh,1673008.3694246034,1706401.2839484126,0.9804307961802854,0.9298690953650214,1.0134990109125475,0.9991343400754488,0.9812802511684755,89.65444464667374,87.9761359612582,False,False
cold/q3/mbrotli/vendor-plrabn12.txt,4204613.066666666,4133658.1,1.0171651754814135,0.9949233815213087,1.039727924419982,0.9887524764503424,1.0287359068197472,88.68135087690034,91.22968991234825,False,False
cold/q3/mbrotli/vendor-quickfox_repeated,17375.635314091043,17122.859205204517,1.0147624941522437,0.9919433581857194,1.0386602147059505,0.9972237183022256,1.017587603993092,428.21964635336343,435.7510039154883,True,True
cold/q3/mbrotli/vendor-random_org_10k.bin,31005.773227737423,31906.878874521073,0.9717582640932261,0.950052882582451,0.9923904303271728,1.0088419538606013,0.963241328708164,99.3880354404873,95.73466331538908,True,True
cold/q4/mbrotli/binary-256KiB,2738065.2771031745,2693287.6816269844,1.0166256266575802,0.9988142083469542,1.0348334531898633,0.9980980750305574,1.0185628567878522,81.23918022408894,82.74721149215121,False,False
cold/q4/mbrotli/compressible-256KiB,33445.86770851371,33537.43685930736,0.9972696437364075,0.97171463714319,1.0256393764606444,1.0018343822103999,0.9954436196690305,296.7288265130748,295.37681712431896,True,True
cold/q4/mbrotli/incompressible-256KiB,202783.8813580247,206614.76665784832,0.9814588019927563,0.9682205741220615,0.9955081903538101,0.9971889092670795,0.984225549313535,76.47944230364982,75.27302111250255,False,False
cold/q4/mbrotli/text-1KiB,11373.112658483684,11206.0521131561,1.0149080642888901,0.9861596809098856,1.0498621529214498,1.0248495609491706,0.9902995551356113,79.7340531110946,78.96059732507618,False,False
cold/q4/mbrotli/text-1MiB,1206685.4320039682,1159176.5275198412,1.0409850470193496,0.9466892908993054,1.1595580368983,0.9948473965015737,1.0463766108048538,169.8880485508856,177.76688045892612,True,True
cold/q4/mbrotli/vendor-alice29.txt,1876868.2996825397,1837090.600436508,1.0216525517231323,0.9991950059787649,1.0430470859032483,1.0023625528410696,1.0192445326567594,83.88009039289818,85.49432353171625,False,False
cold/q4/mbrotli/vendor-lcet10.txt,4721907.633333334,4674274.4,1.0101905085703426,0.9932134669267789,1.0299705207149785,1.0131317222206742,0.9970969089351139,84.31438751353804,84.06961516850615,False,False
cold/q4/mbrotli/vendor-mapsdatazrh,2313194.036825397,2305696.3201984125,1.0032518231309573,0.9779631142663231,1.0306238807910437,1.0081551931413362,0.9951362944477822,85.17375036419372,84.75949032164418,False,False
cold/q4/mbrotli/vendor-plrabn12.txt,6121820.65,6123576.55,0.9997132558096299,0.9823948254353035,1.0171044028883822,1.015411462898361,0.9845400533061519,86.5932138995284,85.2544874285927,False,False
cold/q4/mbrotli/vendor-quickfox_repeated,26515.24140269151,26193.496913265306,1.0122833728727247,0.9836990492303632,1.0461018617546778,1.0116348861516407,1.000641028428301,234.6268857229092,234.7772882267013,True,True
cold/q4/mbrotli/vendor-random_org_10k.bin,56429.53711640212,55618.42028521826,1.0145836006672673,0.9971137480083867,1.0382688965075257,1.0284207502940639,0.9865452446162332,81.53277643650338,80.43577287379088,False,False
cold/q5/mbrotli/binary-256KiB,4254509.0,3768731.4666666663,1.1288968284500753,1.0732437178416645,1.1795637027916233,1.063156934582706,1.0618346094814048,66.5108956261892,70.62357088349309,False,False
cold/q5/mbrotli/compressible-256KiB,60104.23928174602,61392.71318121693,0.9790125923304995,0.9555531718771406,1.000167501376653,0.9853510514470875,0.9935673087197916,172.63900736272632,171.52847392544027,True,True
cold/q5/mbrotli/incompressible-256KiB,391457.9215476191,333820.10850529105,1.1726612974287451,1.108199398616558,1.2526520619924353,0.9799140101611321,1.1966981646031563,71.64668256806702,85.73945352911075,False,False
cold/q5/mbrotli/text-1KiB,15852.210245686681,16430.9809005434,0.9647756480054348,0.9525713868910026,0.9782959920361783,1.0149224564254533,0.9505905026511728,60.22047615261002,57.24501269580252,False,False
cold/q5/mbrotli/text-1MiB,2609727.8311507935,2856527.0797619047,0.9136016422320483,0.874558764082253,0.9531188630821178,0.9169730405377399,0.9963233397748374,89.52382423105094,89.19467554729619,False,False
cold/q5/mbrotli/vendor-alice29.txt,2865856.863730158,2786533.6445238097,1.0284666289108826,0.9861556030398371,1.080797005173439,1.0291590501474994,0.9993271970581054,81.92013030155523,81.86501419688796,False,False
cold/q5/mbrotli/vendor-lcet10.txt,7615973.4,7207990.85,1.0566014245148494,1.023463937553263,1.0951604189676998,0.9941923188284423,1.0627736751778067,78.40373431451323,83.32542486509955,False,False
cold/q5/mbrotli/vendor-mapsdatazrh,3858347.3999999994,3565655.063015873,1.0820865540304294,0.9995626526523635,1.1540651204183738,0.9996247250847983,1.0824927864190592,73.61869748991171,79.69170897839632,False,False
cold/q5/mbrotli/vendor-plrabn12.txt,10037079.8,9596149.4,1.0459486802070839,1.027879004535679,1.0621378869093365,1.0138445271453151,1.0316657556481215,83.59700049410785,86.24416268467016,False,False
cold/q5/mbrotli/vendor-quickfox_repeated,45612.72333134922,45975.74822619047,0.9921039915858411,0.9749956785522378,1.0114409680183063,0.9493780452619244,1.0450041440679503,135.86987973898215,141.98458738125038,True,True
cold/q5/mbrotli/vendor-random_org_10k.bin,72768.57547924298,66769.22015306124,1.089852110185335,1.0774170301140964,1.106047869934357,1.0565081133274523,1.0315605686669707,63.23596917023283,65.2317323174524,False,False
cold/q6/mbrotli/binary-256KiB,4898466.133333333,4365351.3,1.1221241537498559,1.1070017129388283,1.1344066773448958,1.029195458796818,1.0902925621744157,66.69238075913613,72.71420669539023,False,False
cold/q6/mbrotli/compressible-256KiB,95717.93279761905,92645.32580555556,1.0331652672743825,1.000936749756448,1.0783582182183626,0.9867755376272656,1.0470114305413998,108.85764976827456,113.97520360925583,True,True
cold/q6/mbrotli/incompressible-256KiB,454981.73581746034,401568.2517857143,1.1330122184565743,1.0453736724455864,1.2033619007388126,0.9185807453981505,1.2334378051495956,76.65016444462442,94.54321059693312,False,False
cold/q6/mbrotli/text-1KiB,16213.289617117116,16401.808790764793,0.9885061961121127,0.9751550024846453,1.0003781986591695,1.0011383167913603,0.9873822423261817,60.811104010901765,60.04380423661485,False,False
cold/q6/mbrotli/text-1MiB,3036197.153809524,3133512.6565079363,0.9689436382213745,0.9417389579524197,0.9949609260832707,1.0027612240069028,0.9662755350168034,146.98620480119976,142.02917368436874,True,True
cold/q6/mbrotli/vendor-alice29.txt,3848951.6,3694642.5,1.041765637676717,1.0290990416834065,1.0559656646251143,0.9969826862090675,1.044918484630794,66.78691757566003,69.78688470632041,False,False
cold/q6/mbrotli/vendor-lcet10.txt,8456520.25,8206558.9,1.0304587285664883,1.011209362857527,1.0498137692262597,0.9972349301094344,1.0333159193023935,82.99554595165783,85.76061886304136,False,False
cold/q6/mbrotli/vendor-mapsdatazrh,4059649.7333333334,3743560.366666666,1.084435493409211,1.0603397550479794,1.1065366252050899,0.9996641901225957,1.0847997798903042,77.47382499374999,84.04358830047993,False,False
cold/q6/mbrotli/vendor-plrabn12.txt,11710907.7,11334267.3,1.0332302380057685,0.9926432962842197,1.0747403182653836,0.9885655297844278,1.0451813328258375,92.11490668652439,96.27678094374922,False,True
cold/q6/mbrotli/vendor-quickfox_repeated,27860.2737002442,27990.19718915344,0.9953582503177367,0.972813360339976,1.0177138439449653,0.9448673803934666,1.053436991234944,221.39356514217653,233.224171142152,True,True
cold/q6/mbrotli/vendor-random_org_10k.bin,78128.91339682539,69240.1853659612,1.1283752777940126,0.9909430891680492,1.289791874622883,1.0179211922474778,1.1085094665360704,58.27860322108902,64.60238336707671,False,False
cold/q7/mbrotli/binary-256KiB,11756949.1,10925542.9,1.0760974724651897,1.0453178810225494,1.1066259120687394,0.9996294677894718,1.0764963490370238,62.364283774946344,67.13492379403864,False,False
cold/q7/mbrotli/compressible-256KiB,46411.96487003968,46155.47824305556,1.0055570137445757,0.9857240687822069,1.0270331271448174,1.0227432857046912,0.9831959082984604,348.89794059493283,343.03502760669727,True,True
cold/q7/mbrotli/incompressible-256KiB,921415.1482142856,831563.5355555556,1.1080514101651913,1.0884491688235711,1.1269088938359684,1.0160582938876137,1.090539211018687,222.98852332957986,243.17772829806208,True,True
cold/q7/mbrotli/text-1KiB,16955.03651943332,16678.18639697237,1.0165995340183516,0.9905216070123638,1.0492105019614675,0.9887853164082907,1.0281296831056255,60.355293790661825,62.05306907874007,False,False
cold/q7/mbrotli/text-1MiB,3843987.499999999,3661484.6,1.049843962200469,0.988298389633061,1.1050758420237707,0.9838824637706981,1.0670420511175442,110.18904371220428,117.57634321335121,True,True
cold/q7/mbrotli/vendor-alice29.txt,4309331.0,4243388.033333333,1.015540168881248,0.9947038313884695,1.0402049566453209,1.0285406866246125,0.9873602299720114,113.65618623091768,112.21959817470065,True,True
cold/q7/mbrotli/vendor-lcet10.txt,12127171.9,11551437.9,1.0498408946993516,1.0021851639362254,1.1174872850089086,0.9942341632175796,1.055929210179034,90.23302209478864,95.2796837526175,False,True
cold/q7/mbrotli/vendor-mapsdatazrh,6788868.1,6521448.65,1.041006142093904,1.0150962732699187,1.0677515311661325,1.00579697535699,1.0350062364468906,94.32063424534644,97.62244466955973,False,True
cold/q7/mbrotli/vendor-plrabn12.txt,15807838.4,15570310.1,1.0152552067668839,0.9898997739999714,1.0361371240591326,1.0174064006233132,0.9978856100619068,96.40646819871337,96.20262733238691,True,True
cold/q7/mbrotli/vendor-quickfox_repeated,29079.137875064003,29523.34436574074,0.9849540592294076,0.9670382483196694,1.0033858252479235,1.0947625462538362,0.8996965256071451,442.12911744026565,397.7820308307604,True,True
cold/q7/mbrotli/vendor-random_org_10k.bin,72130.02319139194,66787.85013815403,1.0799871989020062,1.0509030803294965,1.1119636470507512,0.9631192663435052,1.1213431572210073,63.58414725724334,71.29964843464269,False,False
cold/q8/mbrotli/binary-256KiB,9960812.6,9855270.8,1.010709173004155,0.9771110277526925,1.0438005437143902,0.9788962514298044,1.0324987673901946,71.78602526866132,74.11898260573417,False,False
cold/q8/mbrotli/compressible-256KiB,46228.9007827381,48046.82784493284,0.9621634321403704,0.938634531378432,0.9887136956136235,0.9652529598651288,0.9967992558912329,223.78773663001655,223.0714493503837,True,True
cold/q8/mbrotli/incompressible-256KiB,945586.1701984128,866472.1144973545,1.091305945543271,1.0497683688301296,1.1412141024110065,1.0073933271848499,1.0832967780250384,63.07524067815081,68.32920499979461,False,False
cold/q8/mbrotli/text-1KiB,17316.903349430966,17395.750020408166,0.9954674750508199,0.9708263261913146,1.0219548095074624,1.0158415005861463,0.9799436964097541,63.099626315287544,61.83408105347707,False,False
cold/q8/mbrotli/text-1MiB,3721728.1000000006,3773386.5333333337,0.9863097954908693,0.9453805213333005,1.0260573980253345,1.0185514187978242,0.9683456105289125,76.92938990332142,74.49423703354854,False,False
cold/q8/mbrotli/vendor-alice29.txt,4713946.233333333,4716279.933333333,0.9995051820432657,0.9706495480270451,1.0289161572318362,0.9927471308157104,1.0068074245875707,74.9726417900059,75.48301239512232,False,False
cold/q8/mbrotli/vendor-lcet10.txt,13308218.6,13038891.3,1.020655690257959,0.9857681172644105,1.0605780394896285,0.9691225390771618,1.0531750620823135,77.76205825173325,81.89706052691764,False,False
cold/q8/mbrotli/vendor-mapsdatazrh,7328949.5,7301943.4,1.0036984811468135,0.9667341205242644,1.0391268965223601,0.9879784838880958,1.0159112749063657,72.60970484241977,73.76501781703759,False,False
cold/q8/mbrotli/vendor-plrabn12.txt,18036064.3,17510888.2,1.0299914027205086,1.003686517711457,1.053265677557781,0.977971909492525,1.0531911936560394,82.78655338348955,87.19006897662679,False,False
cold/q8/mbrotli/vendor-quickfox_repeated,30248.280881472805,29717.013536375656,1.0178775483090465,0.983653713012767,1.0580947677186756,1.0088104191202494,1.0089879416557812,208.17787042764274,210.0489609810712,True,True
cold/q8/mbrotli/vendor-random_org_10k.bin,72312.86368894993,66892.81530276309,1.081025867451612,1.0471816430369796,1.117746476489528,0.9961610414032308,1.0851918741259319,67.31548908908687,73.0502217622899,False,False
cold/q9/mbrotli/binary-256KiB,19415109.1,19511715.5,0.9950488002964168,0.9410122535339415,1.038038236659782,1.0641212919379202,0.9350896442305819,107.28098715654396,100.31734011291832,True,True
cold/q9/mbrotli/compressible-256KiB,47771.72995196324,50558.48628056628,0.9448805426424681,0.9088423568294792,0.9750025298250234,0.9908437946689831,0.953612010012264,98.58863509766196,94.01530647984707,True,False
cold/q9/mbrotli/incompressible-256KiB,1137061.540873016,1085124.0128373015,1.0478632187853922,0.9996173706944778,1.0982128719254893,0.968947602456887,1.0814446685542178,723.6613018924483,782.5996567705924,True,True
cold/q9/mbrotli/text-1KiB,18702.8124014073,19126.31595322526,0.9778575470125209,0.9621851435325672,0.9920016684874896,1.0004745900586987,0.9773936856858596,756.4631508356639,739.3623070808079,True,True
cold/q9/mbrotli/text-1MiB,3785257.2333333334,3948578.1666666665,0.9586380397095681,0.9170099340842719,1.0029758844858343,1.0189656644185219,0.9407952330333131,270.1621836937775,254.16729456497615,True,True
cold/q9/mbrotli/vendor-alice29.txt,5440357.5,5363918.65,1.0142505610147536,0.9886203979965835,1.0398507382067204,1.0208653410364734,0.9935204186528618,220.06910942893,218.643153732393,True,True
cold/q9/mbrotli/vendor-lcet10.txt,15673782.4,15298602.3,1.0245238154860723,0.9926929824903266,1.0519376715827133,0.9959545295392161,1.028685331608536,135.7992363094182,139.6946824351398,True,True
cold/q9/mbrotli/vendor-mapsdatazrh,16795665.5,16622238.4,1.0104334383749423,0.9684147694510354,1.0566009421935723,1.0198298523440295,0.9907862924903699,96.57886018270607,95.68901081336915,True,True
cold/q9/mbrotli/vendor-plrabn12.txt,22334516.1,22259286.2,1.003379708555075,0.9810475892775253,1.026185005086096,0.9641078394777014,1.040733896634062,121.62446044667159,126.57869864667988,True,True
cold/q9/mbrotli/vendor-quickfox_repeated,31961.767181147316,33055.69989626845,0.9669063816965308,0.9153195735428709,1.0106960063751982,1.054345673918757,0.9170677185052271,205.34961049667606,188.31949879412375,True,True
cold/q9/mbrotli/vendor-random_org_10k.bin,88664.38771352985,84447.62336580086,1.049933487523542,1.0328002783539945,1.06579921045089,1.002579970219601,1.047231661025074,2473.4376078050277,2590.262174463545,True,True
dictionary/q11/mbrotli/alice29-half,80780614.21813491,82245531.71825399,0.9821884852646172,0.9562822248062948,1.00543625731641,0.9720462904214718,1.0104338599335099,93.1407385369562,94.11255595695447,False,False
dictionary/q5/mbrotli/alice29-half,2691337.2361507933,2829123.5052777776,0.9512971883800966,0.8841083560916964,1.0258955698681054,0.7534352636663414,1.2626130395741317,69.47927528020273,87.7254389489446,False,False
dictionary/q9/mbrotli/alice29-half,3250323.8859126987,3263956.1301190476,0.9958233984579162,0.9826264713254891,1.0092050678062308,0.9008712060137033,1.105400407750149,273.6770430341946,302.52271496185375,True,True
flush/q1/mbrotli/1,46110.409327380956,62138.28563339439,0.7420611762517032,0.6713066587914712,0.842862191309312,1.0975495450935886,0.6761072241057029,126.42747480728967,85.47852904265031,True,False
flush/q1/mbrotli/256,962987.0175992062,1365069.9734126986,0.7054488314556666,0.6277169564355132,0.8138999696587137,0.9944882829114432,0.7093586154584036,91.97207952978336,65.2411869960773,False,False
flush/q1/mbrotli/32,150456.2298168498,145507.7402045177,1.0340084287294737,0.9828742906190918,1.0902212402859428,0.7592905839344243,1.3618085758044582,93.64953793243444,127.53274387651413,False,True
flush/q1/mbrotli/4,76054.20167724867,65990.19799479167,1.1525075539741723,0.8793130074464814,1.474179063048626,1.0688318762339486,1.078287034285557,91.53513662170496,98.70115100074153,False,True
flush/q11/mbrotli/1,366373725.4,375415526.0,0.9759152193401824,0.9443765775998209,0.9975326580834789,0.9812340235373957,0.9945794743459477,102.14522596876158,101.59154515095894,True,True
flush/q11/mbrotli/256,419129180.7,432413387.4,0.969278918999537,0.9216986302256112,1.0024365414500747,1.0168608086468487,0.9532070768755168,103.46610082737196,98.62461952536671,True,True
flush/q11/mbrotli/32,391322675.8,397302995.0,0.9849477117583773,0.9672803304575944,1.0025561228200706,1.02401236219019,0.9618513878599472,104.7251053270039,100.72998790255785,True,True
flush/q11/mbrotli/4,361040306.3,365917557.6,0.9866711744252198,0.9633488193451025,1.0074683302622935,1.0228046372436084,0.9646721754060813,106.30011987667095,102.54476788735539,True,True
flush/q2/mbrotli/1,176713.85462301588,212412.230501443,0.8319382278781513,0.6780478849783157,1.0103581702376256,1.0035830612063485,0.8289679848503292,95.80278769688447,79.41744386013022,True,False
flush/q2/mbrotli/256,240242.39436011907,232333.26560185183,1.0340421710071475,1.012664867274583,1.0561658397968383,0.975706011382547,1.0597886647658754,94.26816302032346,99.90433061724048,False,True
flush/q2/mbrotli/32,188723.52244047617,253160.8551234568,0.7454688140804508,0.6131627707853313,0.942497189825203,1.0148864450912942,0.7345342108824717,94.82007126613827,69.64858622329261,False,False
flush/q2/mbrotli/4,184038.58376984127,203126.6153769841,0.9060288994048504,0.761298800199045,1.0204259825265474,0.7431374641727346,1.2191942178738728,95.44980802627967,116.37185404281135,True,True
flush/q5/mbrotli/1,803417.6161904761,1248138.9725595238,0.6436924363822484,0.5205534262897112,0.8093953283045223,0.8912595937958417,0.7222277783746327,63.14986363917313,45.60858572078101,False,False
flush/q5/mbrotli/256,1897771.756329365,2450945.2186507937,0.7743019884279821,0.6678137511773596,0.914086961508803,0.7060246652564988,1.096706710872032,74.61397382405687,81.82964581767331,False,False
flush/q5/mbrotli/32,965550.8630753967,1452905.1106944443,0.6645656732626489,0.6045938272915087,0.7526534753129385,0.8302657124555292,0.8004252895102476,65.00120276144146,52.02860653884109,False,False
flush/q5/mbrotli/4,813420.9607407406,1056020.8898214283,0.7702697632035376,0.6529944088453539,0.8986883428351045,0.8354460897754328,0.9219861971112768,63.23047105123112,58.297621546079256,False,False
flush/q9/mbrotli/1,892071.7823809523,1205655.0911507937,0.7399062874022062,0.6056389511552858,0.9256929459599957,0.7690101254809251,0.9621541549137368,325.73137898590875,313.40379967707315,True,True
flush/q9/mbrotli/256,2112460.1838095235,2116630.443253968,0.9980297649701979,0.9644700550060251,1.0303779466103715,0.7951655274071822,1.255122022485684,178.85509806484524,224.4849724150239,True,True
flush/q9/mbrotli/32,1093796.1045238094,1558786.7338095238,0.7016970832505597,0.6132862575838147,0.8184459929004814,0.5960477731410337,1.1772497354579121,255.13902353225345,300.36234795833536,True,True
flush/q9/mbrotli/4,902481.1223611111,884458.1233068783,1.0203774475911274,0.9881587673222861,1.048896488584543,0.9255881733235038,1.1024097725095865,300.07965129672584,330.8107401207796,True,True
presized/q0/mbrotli/binary-256KiB,415563.5227857143,440365.2884285714,0.943679108470694,0.8935901421764427,0.991008238816352,0.9277984921500297,1.0171164498056724,73.9899371208524,75.25638216570633,False,False
presized/q0/mbrotli/compressible-256KiB,39395.10879432625,39500.84343465046,0.9973232308191308,0.9627470438880615,1.0319764126379918,1.0303636093653965,0.9679332827305349,98.85057190810367,95.68075856680159,True,True
presized/q0/mbrotli/incompressible-256KiB,25472.948477182537,25378.99046042618,1.0037021967797681,0.9769963464369863,1.0329741105511197,1.0243381754967316,0.9798543301317886,74.27955956467956,72.78314807973338,False,False
presized/q0/mbrotli/text-1KiB,1595.4424034089325,1659.5723544614102,0.9613575443817933,0.9407775965995465,0.9789489757535299,0.9880527982400776,0.9729819561203268,113.75353456442174,110.68013657609227,True,True
presized/q0/mbrotli/text-1MiB,90666.36844246033,91586.29920833332,0.9899555853460089,0.9563641204470728,1.0244128591163202,1.0649713968026908,0.9295607265304046,111.39284530850408,103.54641421526202,True,True
presized/q0/mbrotli/vendor-alice29.txt,374692.88721428567,379704.6509285714,0.9868008893174487,0.9617042582911004,1.0131979925339947,1.0006632639583086,0.9861468136783348,96.48197409157977,95.14539132780705,True,True
presized/q0/mbrotli/vendor-lcet10.txt,1031960.5721230159,1003026.2709126982,1.0288470023661385,0.9830585469155737,1.0933405865483428,1.0263007859510835,1.0024809650834432,100.39925552530543,100.6483425726674,True,True
presized/q0/mbrotli/vendor-mapsdatazrh,471767.5189186508,462204.77730158734,1.0206894045381616,0.9890863074729912,1.0509894766211978,0.9924451603253717,1.028459249278348,99.48245836025951,102.31365444155702,True,True
presized/q0/mbrotli/vendor-plrabn12.txt,1438434.6496626986,1414903.375813492,1.0166310111711179,0.9844991582032743,1.0573807204231862,0.9934184040980244,1.023366395244277,97.42805448926715,99.70459691834434,True,True
presized/q0/mbrotli/vendor-quickfox_repeated,18564.298956106253,19437.351868838763,0.955083752219758,0.9374869898783899,0.9699439926143765,1.024742361663699,0.9320232947812871,104.60869483674372,97.4977404245121,True,True
presized/q0/mbrotli/vendor-random_org_10k.bin,8985.058113583793,9078.555016108754,0.9897013453838125,0.9719919897560733,1.009650484558375,1.0038800873690692,0.9858760601354133,87.13048311225509,85.89985740840521,False,False
presized/q1/mbrotli/binary-256KiB,588237.9103472222,587569.099781746,1.0011382670833517,0.9743057538884624,1.0263855532404917,0.9839779960952448,1.0174396897656295,106.76036105646035,108.62222863255161,True,True
presized/q1/mbrotli/compressible-256KiB,14063.748454822955,14036.441924603172,1.0019454025718526,0.9834218704761806,1.0204626971656998,0.9942761909448082,1.0077133614350722,117.3458178293523,118.25094853516424,True,True
presized/q1/mbrotli/incompressible-256KiB,28732.618703497028,28970.653189484125,0.9917835996161282,0.972024245316795,1.0097000479496054,0.9992899088211354,0.9924883568434487,88.74600445340134,88.07937613637768,False,False
presized/q1/mbrotli/text-1KiB,2306.028287832086,2299.99833363472,1.0026217211157005,0.9892016858502796,1.0168949337323794,0.9727619941285968,1.030695819910041,103.78509594862663,106.97086456321199,True,True
presized/q1/mbrotli/text-1MiB,155729.8549107143,159339.93785714282,0.9773435147836873,0.9583711641443233,0.9981601845354122,1.0769439474743192,0.9075156762576013,122.16545477251634,110.86706530319758,True,True
presized/q1/mbrotli/vendor-alice29.txt,520536.205188492,528319.4466369047,0.9852679254985632,0.9672944347934923,1.0024989715029162,1.010238903911025,0.9752821057318326,96.2423180187036,93.86341057779394,True,False
presized/q1/mbrotli/vendor-lcet10.txt,1392355.452579365,1381669.0095833333,1.0077344450240326,0.9927795499356887,1.024372944639814,0.9962751536440458,1.0115021350658726,96.2199445866191,97.32667938528517,True,True
presized/q1/mbrotli/vendor-mapsdatazrh,662166.8246296295,653480.51744709,1.0132923736065977,0.9762622896449127,1.0657174710151998,0.9817607746954564,1.0321173953205887,97.93296645980436,101.07831825851184,True,True
presized/q1/mbrotli/vendor-plrabn12.txt,1950907.2290079365,1973671.708095238,0.9884659241990801,0.9630128970303409,1.0137656906470491,1.004223471450366,0.984308724403217,93.81448897864657,92.34241997711126,False,False
presized/q1/mbrotli/vendor-quickfox_repeated,12708.045161804159,12719.424024746473,0.9991053947945933,0.9796269528168456,1.0183473417079618,0.9710962437551244,1.028842816785245,109.80094400945077,112.96791252036232,True,True
presized/q1/mbrotli/vendor-random_org_10k.bin,15741.844243677693,16060.838863354036,0.9801383587501029,0.9368870001052262,1.0143917242336757,1.0001977092984227,0.9799446145878596,142.15883705597247,139.30778678907328,True,True
presized/q10/mbrotli/binary-256KiB,383694613.2,392812107.0,0.976789173150409,0.9675665554561216,0.9871255965282234,0.9705198433885057,1.0064597646350169,84.04195594789758,84.58484720278746,False,False
presized/q10/mbrotli/compressible-256KiB,5270966.867763348,5346990.376226551,0.9857820001320343,0.9673167425515624,1.0012535736556387,1.0071875309794407,0.9787472241375045,90.53616280661485,88.61201803103546,False,False
presized/q10/mbrotli/incompressible-256KiB,24465524.460661374,25840800.779933862,0.9467788815453262,0.9220324076438311,0.9840957896938836,0.9774972298665546,0.9685744906658998,87.85979745389129,85.09875856891188,False,False
presized/q10/mbrotli/text-1KiB,279699.7580983875,294848.41338603,0.9486222255236995,0.9382114230428082,0.9584280982670548,1.009116410040044,0.9400523230873391,96.06683901848598,90.30785519098518,True,False
presized/q10/mbrotli/text-1MiB,118251815.36666667,119437346.16666667,0.9900740359858158,0.9832013790271938,0.9971059512003337,0.9861118792343555,1.0040179586463724,86.16813802131266,86.51435803651721,False,False
presized/q10/mbrotli/vendor-alice29.txt,50399563.49337302,50927951.41109127,0.9896247953613313,0.9802087413733139,1.0019080514110037,1.0090850098070645,0.980714990058713,91.90330644238001,90.13095026400157,False,False
presized/q10/mbrotli/vendor-lcet10.txt,162276643.5,167198682.8,0.9705617339947129,0.9519437188200247,0.986084718682037,0.9896061033063346,0.9807556064498864,92.67646988890301,90.89296742952571,False,False
presized/q10/mbrotli/vendor-mapsdatazrh,142342843.83333334,146630514.3333333,0.970758675167347,0.9564769922476705,0.9827898845704189,0.9845604211919115,0.9859818191677298,93.08441768603463,91.77954348624522,False,False
presized/q10/mbrotli/vendor-plrabn12.txt,182965479.3,187611566.4,0.9752356041306417,0.9621282387871514,0.9890567023265238,0.9942440351788052,0.980881523674673,91.74155761086239,89.98759881363048,False,False
presized/q10/mbrotli/vendor-quickfox_repeated,4015446.504274377,3549791.0908581354,1.131178258522158,1.1175019233364523,1.1453234901481908,1.0266921493779217,1.101769658224761,68.43945969890144,75.40452012154594,False,False
presized/q10/mbrotli/vendor-random_org_10k.bin,5357757.637132036,5577771.903222223,0.9605551697151532,0.9487569218870335,0.972365953270647,0.9876905886632751,0.9725263971737884,88.79570321221638,86.35616532948978,False,False
presized/q11/mbrotli/binary-256KiB,492335369.5,504926440.1,0.9750635546090508,0.9692132693424775,0.9807698164033793,0.9987242489466258,0.9763090819487655,90.10457675436216,87.9699166104334,False,False
presized/q11/mbrotli/compressible-256KiB,6716781.854290123,6983124.766894842,0.961859064316396,0.9526573402404754,0.9706605648054962,0.9471884650859647,1.0154885746302875,89.29546323460164,90.67852268105686,False,False
presized/q11/mbrotli/incompressible-256KiB,39749273.434841275,45034294.88309524,0.8826445165407079,0.8745612907254859,0.8900944138881887,0.9706669593158128,0.9093175656899369,91.4586565316134,83.16496291859875,False,False
presized/q11/mbrotli/text-1KiB,1395965.805625,1413811.0582341272,0.9873779084516313,0.969321431605302,1.0117370476015475,0.9929128951773313,0.9944255062527803,99.57591903426382,99.02083369623365,True,True
presized/q11/mbrotli/text-1MiB,1705547446.7,1701491243.1,1.0023839109466177,0.9900495539360403,1.014699284793127,1.0068720467321342,0.9955424963876164,102.44423798825765,101.98759242735711,True,True
presized/q11/mbrotli/vendor-alice29.txt,141345868.3,145046153.06666666,0.9744889148148183,0.9603817626656757,0.9895623656924127,1.0236341818011796,0.9519894237022393,96.8286843325673,92.1798833956068,True,False
presized/q11/mbrotli/vendor-lcet10.txt,420349707.4,432142332.0,0.9727112487558843,0.9610698449396237,0.9872463339263862,1.0168337224522328,0.9566079755990575,97.55543020035418,93.32230259265597,True,False
presized/q11/mbrotli/vendor-mapsdatazrh,388587484.7,403616932.5,0.9627630889841322,0.9468007060790313,0.9810441121380876,1.0165359713174922,0.9471018401211448,98.77594925537241,93.55088329947604,True,False
presized/q11/mbrotli/vendor-plrabn12.txt,446904680.8,464970804.4,0.9611456817739071,0.9503916494490915,0.97062813669689,1.0039788737917288,0.9573365604237732,97.04434955204434,92.90410380871647,True,False
presized/q11/mbrotli/vendor-quickfox_repeated,4605023.139345238,4569149.344877646,1.007851307050799,0.9953951400484211,1.0206211685615985,0.9957679463594971,1.0121347154580327,78.87664427309338,79.83378990763183,False,False
presized/q11/mbrotli/vendor-random_org_10k.bin,10981950.152198413,11479194.453087302,0.9566829969715205,0.9490945037200649,0.9641017789137422,0.9952092884639945,0.9612882516883102,94.75790892738176,91.08966460644294,False,False
presized/q2/mbrotli/binary-256KiB,1080205.5744246033,1074630.8463492063,1.005187574965241,0.9776897776554874,1.030369449312634,1.0280220957950477,0.9777879085253056,83.86911890374458,82.00621036275258,False,False
presized/q2/mbrotli/compressible-256KiB,14235.770397748249,14072.888258928573,1.011574179786181,0.9913056176550197,1.0304593499538057,0.9991761143123712,1.012408288485101,778.1643333986119,787.820020936238,True,True
presized/q2/mbrotli/incompressible-256KiB,107335.4268837535,112919.15132688491,0.9505511299233261,0.9254244407900701,0.9748573456048604,1.0231707128822425,0.9290249593302479,100.10147629086475,92.9967699400184,True,False
presized/q2/mbrotli/text-1KiB,2840.780812845768,2745.933871028698,1.0345408688890014,1.017631923027325,1.0511771900220963,0.9429285309139327,1.0971572446601796,75.91248034941465,83.28792777548381,False,False
presized/q2/mbrotli/text-1MiB,719994.1948809524,703001.9647751322,1.0241709567785566,0.9942640583536748,1.0540914005033724,0.9828360273064624,1.04205679108587,89.56257844760647,93.3292930984893,False,False
presized/q2/mbrotli/vendor-alice29.txt,1030643.5967460318,1037652.873888889,0.9932450655520396,0.9596752807044863,1.0222671485392836,0.9873963570066294,1.0059233645171033,86.95777119693598,87.4728537733303,False,False
presized/q2/mbrotli/vendor-lcet10.txt,2737622.478174603,2738192.8657936505,0.9997916919490322,0.9849309481277336,1.01553703838487,0.996059257213371,1.0037472014929145,86.64046653231968,86.96512581785639,False,False
presized/q2/mbrotli/vendor-mapsdatazrh,1430675.0271825397,1382820.705297619,1.0346063099153704,0.9922507129561139,1.085582474570036,0.984532243827939,1.0508607680462951,84.70256300316518,89.01060041299587,False,False
presized/q2/mbrotli/vendor-plrabn12.txt,3463812.6488492065,3573309.049642857,0.9693571422811597,0.9555333857438937,0.9841914378206562,0.9768416358464754,0.9923380686380855,88.73873077784133,88.0588207134781,False,False
presized/q2/mbrotli/vendor-quickfox_repeated,10427.817203821938,10109.98914582779,1.0314370325635127,0.9845685530770413,1.1010323895421439,0.983243006450625,1.049015376460049,696.0100087707671,730.1252013706281,True,True
presized/q2/mbrotli/vendor-random_org_10k.bin,27834.017609571187,27771.33367765568,1.002257145178661,0.9764385488442873,1.033138252581941,1.00420079746545,0.998064478447244,99.89165005244752,99.69830761083064,True,True
presized/q3/mbrotli/binary-256KiB,1533540.2624206347,1546247.1233531744,0.9917821280048795,0.9658617258044663,1.0165381636800834,0.9830903791872593,1.0088412510198765,86.27953174125643,87.04235073925828,False,False
presized/q3/mbrotli/compressible-256KiB,16977.805710916444,17417.034044281267,0.9747816802649565,0.9302108262133868,1.0120682541511967,1.0132968521662402,0.9619902382811657,679.6710441123852,653.8369096784821,True,True
presized/q3/mbrotli/incompressible-256KiB,142811.9568070818,153893.45507936506,0.9279924005438154,0.8985558012983065,0.9627797052941202,1.022111253156631,0.9079172131975416,83.42182943392136,75.74011489948653,False,False
presized/q3/mbrotli/text-1KiB,6498.3601006683375,6533.002924461451,0.994697258796043,0.9539168829279883,1.0388277093113376,0.9988294635943417,0.9958629526371512,89.62765609283484,89.25686223455766,False,False
presized/q3/mbrotli/text-1MiB,836102.3919708995,840765.6156084656,0.9944535985404311,0.9526583348202023,1.0403123635622047,0.983127302230916,1.0115206812828952,90.74300129555347,91.7884224921329,False,False
presized/q3/mbrotli/vendor-alice29.txt,1224795.1126984127,1167060.7525,1.049469884129629,1.025852673640131,1.0795470475380882,0.9673498810973639,1.084891728046845,86.63195842767979,93.98629508268797,False,False
presized/q3/mbrotli/vendor-lcet10.txt,3213332.345079365,3062232.1575396825,1.0493431522386867,1.031807982055135,1.0727438221467547,0.9837345786489335,1.0666933693434468,87.32270801947143,93.146553637484,False,False
presized/q3/mbrotli/vendor-mapsdatazrh,1679645.6811507936,1659903.869027778,1.0118933466518025,0.9939900900400759,1.0290915766380555,0.9959649589678291,1.0159929197714754,89.36501387385802,90.79422137111942,False,False
presized/q3/mbrotli/vendor-plrabn12.txt,4205253.866666666,4086755.4666666673,1.0289957157864038,1.0094420165715992,1.0533108739243608,0.9723399814624252,1.0582674120206053,88.43149984698506,93.58417448416942,False,False
presized/q3/mbrotli/vendor-quickfox_repeated,11198.244977013164,11289.694489760925,0.9918997353887035,0.972390722530472,1.0110898563251685,0.9787383148078848,1.0134473335535068,648.0938668749171,656.8090012767661,True,True
presized/q3/mbrotli/vendor-random_org_10k.bin,29925.622503903207,30625.95514191552,0.9771327086855874,0.9606628449990225,0.9937875620975744,1.0026944827441588,0.9745069166147057,103.80664001939705,101.16028868943533,True,True
presized/q4/mbrotli/binary-256KiB,2753374.9098015875,2672177.075436508,1.0303863973355194,0.9957923824390756,1.0766861156203378,1.008072083914928,1.0221356327356392,81.21175955907401,83.00943324248871,False,False
presized/q4/mbrotli/compressible-256KiB,23286.78722222222,23522.250293238507,0.9899897727436405,0.972879284318173,1.0075052368453477,1.0163488532096692,0.9740649282155575,437.4644891622447,426.11881623267743,True,True
presized/q4/mbrotli/incompressible-256KiB,192914.93850000002,201667.2314246032,0.9566003219126089,0.9232209991530391,0.9861762256231094,1.00440134967899,0.9524084393338792,82.51575406656102,78.58870055099158,False,False
presized/q4/mbrotli/text-1KiB,10205.598724019994,10218.552529145369,0.9987323248485117,0.9799903934430606,1.0185861183453109,0.9779680176348039,1.0212320922967666,89.01935415619448,90.90942129983735,False,False
presized/q4/mbrotli/text-1MiB,1090221.8497023808,1098909.4763492062,0.9920943200201646,0.9585797688194939,1.0260843971130582,0.9599581247547591,1.0334766636551103,92.37181090721185,95.46411095216604,False,True
presized/q4/mbrotli/vendor-alice29.txt,1858048.5062698412,1905160.5741269842,0.9752713401185453,0.9364561258146009,1.0144173203813809,1.0076125977925012,0.9679030832436895,86.63447179956088,83.85377236998345,False,False
presized/q4/mbrotli/vendor-lcet10.txt,4597736.5,4790504.4,0.9597604168780222,0.9345570875919733,0.9887784456703254,1.0138708138343537,0.9466298899051133,88.00022431327533,83.3036426533011,False,False
presized/q4/mbrotli/vendor-mapsdatazrh,2289621.614047619,2386574.393769841,0.9593757563244969,0.9159163948495134,1.0053893596283296,0.9961357100511053,0.9630974440975291,87.35908251942335,84.13530909316177,False,False
presized/q4/mbrotli/vendor-plrabn12.txt,6152865.0,6347466.0,0.969341938972182,0.9420763112834629,0.9992104407826375,0.997392704661518,0.9718759064927637,86.52302951551837,84.08964774289457,False,False
presized/q4/mbrotli/vendor-quickfox_repeated,19524.816633316448,19868.34784532253,0.9827096236345109,0.9347321480201526,1.0338102160427658,0.9851010231101744,0.9975724322485086,312.1526110956736,311.3948394834339,True,True
presized/q4/mbrotli/vendor-random_org_10k.bin,55053.26276695527,55326.529618807115,0.9950608351231386,0.9618781034397641,1.0257994044579533,0.9536830207940656,1.0433873870320354,81.62899328040668,85.1706620048991,False,False
presized/q5/mbrotli/binary-256KiB,4227987.1,3650265.7631746023,1.1582682945043865,1.1054451653812336,1.221287371306374,0.9665733931892703,1.198324206589845,63.4886433760586,76.07997820108103,False,False
presized/q5/mbrotli/compressible-256KiB,28313.26291046627,29699.807763290497,0.9533146859442632,0.9171994920486468,0.9871517121828801,0.9565888844382479,0.9965772145722691,362.3913611258812,361.15097325588397,True,True
presized/q5/mbrotli/incompressible-256KiB,360163.25023809524,410862.35427910055,0.876603189576806,0.7633963848783928,1.031819215551206,0.8487469919158882,1.0328203786596495,82.37843352507487,85.08212490675659,False,False
presized/q5/mbrotli/text-1KiB,14100.334847374845,14888.124369273457,0.9470860464112945,0.9239993001397356,0.9723263696008275,0.9960760209977824,0.9508170324817034,68.79555711050652,65.41198745973736,False,False
presized/q5/mbrotli/text-1MiB,2590920.5987698413,2709462.700039682,0.956248852856286,0.9188493350528119,0.9965653256000213,0.7675682783733493,1.245816013765959,87.23804750523597,108.68255659169844,False,True
presized/q5/mbrotli/vendor-alice29.txt,2834561.6325793653,2821314.453968254,1.004695392458816,0.9663172383511357,1.0443618083840156,0.9897052496214082,1.0151460678248823,81.5926995415479,82.82850810281943,False,False
presized/q5/mbrotli/vendor-lcet10.txt,7418816.2,7396679.1,1.0029928430990065,0.9813309468966713,1.0264415615366538,0.9994224835738467,1.003572422657926,82.46278698749808,82.75737891616794,False,False
presized/q5/mbrotli/vendor-mapsdatazrh,3754055.3,3621349.543174603,1.036645387373753,0.9837691757473987,1.086505033759478,0.947422353542789,1.0941745078077625,75.97048205062784,83.12496480566416,False,False
presized/q5/mbrotli/vendor-plrabn12.txt,10207381.5,9680378.4,1.054440340885848,1.0257802699851672,1.0835687429941718,0.9535498937935293,1.1058051054790055,79.48331068060892,87.8930507509913,False,False
presized/q5/mbrotli/vendor-quickfox_repeated,18827.419788087056,19175.826374381293,0.9818309480127696,0.9564936537192817,1.0062415107029252,0.9335502101878219,1.0517173444963759,324.10543973240004,340.86731241218996,True,True
presized/q5/mbrotli/vendor-random_org_10k.bin,56775.179600769596,56134.11722751324,1.0114201915861278,0.9877069316054259,1.0344370373679044,1.0059504954947647,1.005437341216948,80.7239038652121,81.16282727489136,False,False
presized/q6/mbrotli/binary-256KiB,4986534.766666668,4663589.633333333,1.0692481883536797,0.9944793849136854,1.14173270298971,0.9758197025640262,1.0957435943793352,64.26017485524889,70.412674971335,False,False
presized/q6/mbrotli/compressible-256KiB,28637.688863693627,29654.854580405932,0.9656998582153093,0.9188051081003237,1.0166212946797069,0.9703578809113013,0.9951996858194038,371.05923613259495,369.27803521954644,True,True
presized/q6/mbrotli/incompressible-256KiB,413025.0558650793,628656.4146329365,0.6569964868746925,0.5563762007602605,0.8204157573349791,0.7481452430151607,0.8781670310792565,84.78926087019715,74.45913348578561,False,False
presized/q6/mbrotli/text-1KiB,14253.34869047619,15237.687336350518,0.9354010471440687,0.9129612772107756,0.9591867346485468,1.0116680239618727,0.9246126446508324,68.6425938479619,63.467810233457016,False,False
presized/q6/mbrotli/text-1MiB,3086333.6817857143,2992505.751031746,1.0313543025678793,0.9862965465740892,1.0779947076031136,0.8839623735587283,1.1667400484658283,93.06757083035887,108.58566210120982,False,True
presized/q6/mbrotli/vendor-alice29.txt,3493894.4395238096,3537581.259047619,0.9876506527130431,0.9508267267464389,1.029020311343247,0.9812653172149027,1.0065072467008858,73.60066438717793,74.0796020676944,False,False
presized/q6/mbrotli/vendor-lcet10.txt,8412043.0,8278249.6,1.0161620398592477,0.9871278802147998,1.043605167405918,0.9915105832137199,1.024862524982463,83.00253576925368,85.06618838842454,False,False
presized/q6/mbrotli/vendor-mapsdatazrh,4064871.9666666663,3916030.4333333336,1.0380082677770812,1.009726440990034,1.072913105184429,0.993875578830272,1.0444046416743136,77.31711999988923,80.75035900877421,False,False
presized/q6/mbrotli/vendor-plrabn12.txt,11688303.4,11629188.5,1.0050833211620915,0.9678837673451168,1.0448641109134762,0.9822624984802746,1.0232329165748715,82.2284109257465,84.13881673686862,False,False
presized/q6/mbrotli/vendor-quickfox_repeated,18583.397708834378,19313.507532505908,0.962196932771393,0.9307861269712873,0.9958786971296583,0.9050563769358889,1.06313480275003,329.091298543948,349.86841276427145,True,True
presized/q6/mbrotli/vendor-random_org_10k.bin,56666.91350048101,56916.908505704356,0.9956077198887516,0.9661836197753658,1.0281078463162037,0.8942503121730615,1.1133434412445302,78.95405116743885,87.90297502695309,False,False
presized/q7/mbrotli/binary-256KiB,8097530.9,8131432.7,0.9958307716178971,0.9595009968140491,1.0328241609886049,0.9749642997446759,1.0214022932723645,67.572139798812,69.0183385518274,False,False
presized/q7/mbrotli/compressible-256KiB,33910.84010141093,35963.36123871771,0.9429274387429321,0.9003940431777696,0.9974312110127017,0.9708619991700406,0.9712270534319101,308.5607212073697,299.68252006305875,True,True
presized/q7/mbrotli/incompressible-256KiB,768184.8909656085,747661.7828968253,1.0274497219708973,0.9901001331096941,1.0664844747756004,1.0443467912403839,0.9838204422025199,67.7455952963295,66.64950152170783,False,False
presized/q7/mbrotli/text-1KiB,14434.235224237844,14813.744674036283,0.9743812615817797,0.9477855934722652,1.0058935203486612,1.028959579934547,0.9469577625622193,73.2115322551679,69.32822877810554,False,False
presized/q7/mbrotli/text-1MiB,3577491.833333333,3742044.8338492066,0.9560259142201115,0.9238039143112757,0.9925567122193493,0.851082186378756,1.1233062206223319,63.44972837902344,71.27347458495434,False,False
presized/q7/mbrotli/vendor-alice29.txt,4095554.4333333336,4058308.5666666664,1.0091776822917287,0.9674542673095282,1.0542351479220076,1.0174028513476072,0.9919155238802565,77.08742313030312,76.46421169887363,False,False
presized/q7/mbrotli/vendor-lcet10.txt,11849524.5,12037036.8,0.9844220547701573,0.9583663863328638,1.0149725868538755,0.9739296051823585,1.0107733141409478,75.26147990157749,76.07229546726981,False,False
presized/q7/mbrotli/vendor-mapsdatazrh,6741243.9,6557686.45,1.027991190399169,0.985134465319674,1.0729114641962818,0.9666053061220578,1.063506670083766,70.75959873419404,75.25330522626618,False,False
presized/q7/mbrotli/vendor-plrabn12.txt,16038216.9,15956963.0,1.0050920654513018,0.9646077694002029,1.0439349088825214,0.9922638183378077,1.0129282625007765,76.97467416094116,77.96982295440554,False,False
presized/q7/mbrotli/vendor-quickfox_repeated,19067.697900545638,19331.69944697737,0.9863435934768264,0.9512162505024293,1.032125978561696,0.9927973639243038,0.9934994081551877,330.1754313025633,328.0290955864805,True,True
presized/q7/mbrotli/vendor-random_org_10k.bin,60698.16646825396,61051.827080687835,0.9942072067398333,0.9566107310664349,1.0369129994496817,0.9719598202052154,1.022889203928122,74.97595657665842,76.69209653644758,False,False
presized/q8/mbrotli/binary-256KiB,10065039.4,9668359.95,1.0410286183025284,0.9978730226784546,1.0856249859032339,0.9682183243624752,1.075200285005962,71.0201064886045,76.36083873770133,False,False
presized/q8/mbrotli/compressible-256KiB,32970.42292446145,35184.46441544567,0.937073321201039,0.9114558989264604,0.9619263438356893,0.9536719746156388,0.9825950076583831,317.1430046267798,311.62313306005336,True,True
presized/q8/mbrotli/incompressible-256KiB,764833.9176455027,753873.4074999999,1.0145389266108353,0.9731544144722727,1.0533477278589825,0.8654121004859315,1.1723188594672627,78.8093458922813,92.38968249180022,False,False
presized/q8/mbrotli/text-1KiB,15812.267463269052,14839.72363619048,1.0655365188005776,1.0159215469280227,1.1255129566986797,0.9708003583925828,1.0975856257046048,71.99506729204705,79.0207509813866,False,False
presized/q8/mbrotli/text-1MiB,3636937.0,3739026.7666666666,0.9726961658641242,0.9235989984360699,1.0335327303736972,1.0419761437047406,0.933510975026461,79.9401625478663,74.62501908383244,False,False
presized/q8/mbrotli/vendor-alice29.txt,4306840.5,4367316.066666666,0.9861526929254689,0.956608489992854,1.0184666275706833,0.9817743456728986,1.004459626870337,82.05449797716867,82.42043042117966,False,False
presized/q8/mbrotli/vendor-lcet10.txt,13300960.3,12971923.8,1.0253652815937757,0.989886115012322,1.0597865289310064,1.0030634807574277,1.0222336883598908,78.80699711583982,80.55916733029221,False,False
presized/q8/mbrotli/vendor-mapsdatazrh,7404281.05,6864531.25,1.0786287920242186,1.0488938816202746,1.1059773412584328,0.9897120282084912,1.0898410459623074,72.71258632193602,79.24516113172331,False,False
presized/q8/mbrotli/vendor-plrabn12.txt,18193460.1,18496283.2,0.9836278944950412,0.947785686673287,1.0209062990204485,0.9766019012355762,1.007194326829157,81.18313294346906,81.76719093487928,False,False
presized/q8/mbrotli/vendor-quickfox_repeated,18979.26080863298,19491.766320384293,0.9737065639241046,0.9386334081038713,1.0136996764645212,0.9680113993994065,1.0058833651424268,333.3383405790215,335.2994917526185,True,True
presized/q8/mbrotli/vendor-random_org_10k.bin,59831.18535317461,59284.12217997952,1.0092278194072652,0.9959919712213513,1.0235113310886934,0.9407021488473076,1.0728452365543393,81.22451433728197,87.1413332981926,False,False
presized/q9/mbrotli/binary-256KiB,20259685.8,18819939.7,1.0765011005853542,1.0355506743829266,1.1282679527320651,1.0170492475089092,1.0584552353015966,100.27772148371619,106.1394792885548,True,True
presized/q9/mbrotli/compressible-256KiB,35200.44774801588,35377.33640367258,0.9949999442117882,0.9743487375876217,1.0170358001701796,0.9927420453280624,1.0022744064224454,133.59309306993848,133.8969380588111,True,True
presized/q9/mbrotli/incompressible-256KiB,974858.4115674604,968837.378829365,1.0062146990502892,0.9660352190133434,1.0510054888731317,0.9727730041087991,1.0343776963384457,846.4114534061245,875.5091293287027,True,True
presized/q9/mbrotli/text-1KiB,16721.825483236906,16639.795834816792,1.004929726856893,0.9784694165617593,1.0308610774439262,1.010589830879765,0.994399207423308,856.6678407813511,851.8698218980121,True,True
presized/q9/mbrotli/text-1MiB,3747932.3930952386,3670174.366666667,1.0211864665436026,0.9633775349966416,1.0758056901213715,1.0404561060299042,0.981479622855183,284.0511536337489,278.79041914003153,True,True
presized/q9/mbrotli/vendor-alice29.txt,5296861.55,5165548.4,1.025420950464814,0.9849961880750937,1.067937322979321,0.9546344247140929,1.0741504013663883,216.69596027104012,232.76405269961268,True,True
presized/q9/mbrotli/vendor-lcet10.txt,15493596.7,15675257.4,0.9884109909416862,0.9637210332792364,1.0137105688603922,1.0956329721209432,0.9021369528778462,150.99202820995077,136.2154882381708,True,True
presized/q9/mbrotli/vendor-mapsdatazrh,16541375.3,16144490.5,1.0245832966980284,0.9757169461969175,1.0692610034904702,0.9933379478359893,1.031454903067086,99.3170241412756,102.44103150855086,True,True
presized/q9/mbrotli/vendor-plrabn12.txt,26065344.0,22595488.9,1.1535640638428497,0.9728748185992601,1.359032981721036,0.9878805278510959,1.1677161674116199,105.1280642987102,122.75974033029222,True,True
presized/q9/mbrotli/vendor-quickfox_repeated,20690.171110665236,21136.82412878788,0.9788684896367987,0.9307929471544817,1.0260933079024612,1.0108309419999042,0.9683800217869584,305.5348022098845,295.87379842068196,True,True
presized/q9/mbrotli/vendor-random_org_10k.bin,78517.60125992063,77691.72347142857,1.010630190084479,0.9661865907892186,1.0553717092697317,1.1195619931228118,0.902701410276989,3276.766771693496,2957.9419859564955,True,True
reused/q0/mbrotli/binary-256KiB,403643.66153968254,400353.34038095234,1.0082185430390047,0.9841849360331699,1.0312298987752255,1.0246250376723869,0.9839878062411473,77.6087027018662,76.36601711683073,False,False
reused/q0/mbrotli/compressible-256KiB,38880.8505426156,38641.84679175293,1.0061851016632486,0.9896376856153779,1.0217980350978983,1.0032505463424917,1.002925047318893,101.21813610161276,101.51420393924013,True,True
reused/q0/mbrotli/incompressible-256KiB,23860.617525062662,24516.439795991042,0.9732496938223624,0.9314687878236687,1.014911057884994,1.011819700813885,0.9618805534617503,78.58951447175393,75.5937256763809,False,False
reused/q0/mbrotli/text-1KiB,1636.8024315511752,1578.6931717210061,1.0368084570650429,1.0240110603082961,1.0502833333107904,0.9491328699555776,1.0923744081411584,104.11352024484574,113.73094505695587,True,True
reused/q0/mbrotli/text-1MiB,91868.38752579366,90415.84176190475,1.0160651688419153,0.980607153783281,1.0510027125287162,1.0681509813095476,0.9512374061541607,107.95244040964162,102.6883994032791,True,True
reused/q0/mbrotli/vendor-alice29.txt,373335.7163809524,358264.4557460318,1.0420674180572476,1.0238319850686444,1.0599378743917804,1.0031336229758774,1.0388121723662995,97.77702965514386,101.5719685835841,True,True
reused/q0/mbrotli/vendor-lcet10.txt,1004121.0185515871,972678.2908928571,1.032325927239383,1.0111704107120387,1.0517098609216997,1.004520856869741,1.0276799333527902,101.02108375363872,103.81734061916607,True,True
reused/q0/mbrotli/vendor-mapsdatazrh,465644.9594742063,452736.76578571426,1.0285114765664993,0.9949083867597799,1.0715988792023574,0.9675217897477435,1.0630370162874132,102.05207142871444,108.48512951753057,True,True
reused/q0/mbrotli/vendor-plrabn12.txt,1390914.3621626985,1375338.8895436511,1.0113248252757656,0.9963655698961223,1.0257340385963014,0.9975415903980945,1.0138172032227455,100.46735933797206,101.8555372591974,True,True
reused/q0/mbrotli/vendor-quickfox_repeated,18922.1096073082,19331.327939885174,0.9788313387549203,0.9603528325962084,0.9953591570831508,1.073205816249759,0.9120630208428951,106.52521980045998,97.15771376716091,True,True
reused/q0/mbrotli/vendor-random_org_10k.bin,8990.514031117398,9049.701915122369,0.9934596868979667,0.9385217222146378,1.0288492007938137,1.1314305682663914,0.878056254410885,101.28740883847014,88.93604282369105,True,False
reused/q1/mbrotli/binary-256KiB,613845.8671957672,575349.3708333333,1.0669097739807654,1.0272857034031864,1.1078365640311827,1.0188224175065081,1.047198957981262,103.3172448920486,108.19371119244815,True,True
reused/q1/mbrotli/compressible-256KiB,13968.479991518234,14240.030382675035,0.980930490746201,0.9502352700011999,1.0098211642386756,1.004132542293238,0.9768934373005699,120.66600745291964,117.87783078601885,True,True
reused/q1/mbrotli/incompressible-256KiB,28943.92244815668,28620.63515562996,1.0112956016094259,0.9902911313174837,1.0355066014283616,0.9775079014759603,1.0345651427292286,88.89854343702932,91.97133427935077,False,False
reused/q1/mbrotli/text-1KiB,2350.862762967049,2321.7504820112567,1.0125389361093502,0.9787365125542308,1.0429263940274585,1.013716443839069,0.99883842494923,103.61552129856909,103.49516409415615,True,True
reused/q1/mbrotli/text-1MiB,155665.01571428572,154313.33940806877,1.0087592965805927,0.9691877676005571,1.0471358979512613,1.0551536632397218,0.956030701237694,120.75339569294239,115.44395356115645,True,True
reused/q1/mbrotli/vendor-alice29.txt,523589.4251984127,538642.1539781747,0.9720543060572049,0.9332904748709192,1.0161222029521155,0.9738824465709992,0.9981228324627566,92.5663928454107,92.39263021772157,False,False
reused/q1/mbrotli/vendor-lcet10.txt,1403078.8500198415,1408945.581150794,0.9958360839414673,0.9554439485170106,1.0332100141338614,1.004449928943684,0.9914243161814197,94.96469833343615,94.15031110660173,False,False
reused/q1/mbrotli/vendor-mapsdatazrh,685488.7630026456,686163.2056084655,0.9990170813586225,0.9644979681519149,1.03503980004468,0.9859883171231116,1.0132139133996292,96.2637348434355,97.53575549918152,True,True
reused/q1/mbrotli/vendor-plrabn12.txt,1936536.218452381,1960325.3687301588,0.987864692944729,0.9498229167365866,1.0190874890743864,0.9857327752948585,1.0021627744387749,95.03881687213159,95.24436439595405,True,True
reused/q1/mbrotli/vendor-quickfox_repeated,12694.044996646546,12947.72818287037,0.9804071275948283,0.9205098893047817,1.0204401029851844,0.9623842474545359,1.0187273224680913,111.34467817794935,113.42986587129364,True,True
reused/q1/mbrotli/vendor-random_org_10k.bin,16072.728674463937,17310.84178066378,0.9284775909867758,0.8804003019160807,0.9847606889777369,0.9919335728681773,0.9360279925822871,138.694401524407,129.8218422412924,True,True
reused/q10/mbrotli/binary-256KiB,385776785.0,386950573.8,0.9969665665863395,0.9821368686135162,1.01975555340476,1.0038352648976459,0.9931575443187813,85.33406876725358,84.75017418361558,False,False
reused/q10/mbrotli/compressible-256KiB,5266843.2638059165,5288674.112557719,0.995872150885613,0.9890913711546454,1.0032366651236853,1.010009045140497,0.9860032003446885,90.22411914891556,88.96127022911124,False,False
reused/q10/mbrotli/incompressible-256KiB,23987554.584325396,25536093.499232806,0.939358817159957,0.9320912138595917,0.947600144700532,1.0078711041346884,0.9320227688901223,89.39180276197727,83.31519552629774,False,False
reused/q10/mbrotli/text-1KiB,279846.134085277,292090.6936807667,0.9580795969868452,0.9459665075387077,0.9693313244135077,1.000436642552154,0.9576614412510377,94.43462516974961,90.43639924406394,False,False
reused/q10/mbrotli/text-1MiB,120075801.2,117680209.33333333,1.0203567947426153,1.0093508364042727,1.03479801499672,0.997033742761906,1.0233924399751022,85.45058591173581,87.44948361351341,False,False
reused/q10/mbrotli/vendor-alice29.txt,50059416.3493254,50888701.336706355,0.983703946738708,0.9745935263718912,0.993294122875636,0.9968736497744759,0.9867889947349421,91.86799192100396,90.65432339604529,False,False
reused/q10/mbrotli/vendor-lcet10.txt,161832150.9,166807802.4,0.9701713503300731,0.953435812218029,0.9870166840023521,0.9961213148393993,0.9739489918318733,93.02063481379582,90.5973534964573,False,False
reused/q10/mbrotli/vendor-mapsdatazrh,137518257.46666667,144414040.43333334,0.952249913194209,0.9387627834043702,0.9640310728133636,0.987489950502741,0.9643135230990544,94.73891050302635,91.35801256173934,False,False
reused/q10/mbrotli/vendor-plrabn12.txt,179565782.6,182929197.4,0.9816135704534611,0.9680874530588967,0.9938916674785274,0.9956109364149361,0.98594092787703,92.79498877087289,91.490377331093,False,False
reused/q10/mbrotli/vendor-quickfox_repeated,3511929.014179067,3566017.868836806,0.9848321414397786,0.9720627899066481,0.9979612562841168,0.9858960659216122,0.998920855332921,75.32735256765703,75.24606345684846,False,False
reused/q10/mbrotli/vendor-random_org_10k.bin,5616587.249031746,5548042.4444285715,1.0123547729293254,0.9974492184379186,1.0237897666794684,0.9863212504571537,1.026394567145446,84.67931538961943,86.91438926550114,False,False
reused/q11/mbrotli/binary-256KiB,489217582.4,497907079.7,0.9825479539169525,0.9771094802059058,0.988529979156059,0.9885428459497265,0.9939356275174756,89.40959688206006,88.86738378305489,False,False
reused/q11/mbrotli/compressible-256KiB,6666346.2053521825,6642909.473716931,1.0035280823452404,0.9967601740006753,1.0107039134114997,0.9814968228018158,1.0224465928280169,89.27969169334162,91.28371658059294,False,False
reused/q11/mbrotli/incompressible-256KiB,40306724.65948413,42141851.19537698,0.9564535851217149,0.9456319610689008,0.9649781043837518,1.0172217766784057,0.9402606265910655,90.54680298744519,85.13759371279298,False,False
reused/q11/mbrotli/text-1KiB,1721604.1493720238,1424147.0427686204,1.208866849890114,1.0885888196950477,1.3397325249891732,1.0093241752524926,1.1976992917936438,81.6663941073725,97.81178238574064,False,True
reused/q11/mbrotli/text-1MiB,1679330974.1,1707872198.7,0.9832884307024113,0.9781870138355155,0.9888829838254051,1.0774148537724062,0.9126367872686874,111.3617339311124,101.63281507956079,True,True
reused/q11/mbrotli/vendor-alice29.txt,140270361.9,143067839.76666668,0.9804464939763601,0.9704982668306847,0.9918349425382339,1.0220301323633174,0.9593127080404174,97.31015548671414,93.35086877979381,True,False
reused/q11/mbrotli/vendor-lcet10.txt,410584336.5,419476228.9,0.9788023926330287,0.972302177108633,0.9859298126734235,1.0091631944247414,0.9699148740665088,98.59635380903042,95.63007008810268,True,True
reused/q11/mbrotli/vendor-mapsdatazrh,383904125.6,405952873.3,0.9456864351746911,0.9108271993352888,0.9702027168617453,0.8261707269185373,1.1446622403361169,98.38127110765282,112.61332619320076,True,True
reused/q11/mbrotli/vendor-plrabn12.txt,438602261.3,465113327.2,0.9430008465687328,0.9184003284321449,0.9656837094081945,0.8630588715194727,1.0926263290805607,97.15222589984398,106.15107994695191,True,True
reused/q11/mbrotli/vendor-quickfox_repeated,4435441.093208181,4465282.370482296,0.9933170458667114,0.9813900290532298,1.004848250323638,1.0021444285541565,0.9911915064975407,79.7555433293505,79.05301714414881,False,False
reused/q11/mbrotli/vendor-random_org_10k.bin,11542672.941642856,11303511.563904762,1.0211581486324837,0.9877301049126216,1.0751030429830761,0.9860197258093767,1.0356366327197597,89.99910833498924,93.20637350382913,False,False
reused/q2/mbrotli/binary-256KiB,1090842.466626984,1056069.8739285716,1.0329264128793474,1.0144026897017369,1.0529446242500817,0.9924847951137024,1.0407478461783508,82.46886939433311,85.8292981989159,False,False
reused/q2/mbrotli/compressible-256KiB,14355.01323735696,14720.4525649071,0.9751747219768683,0.9336342720775166,1.0173016433741102,1.0141840235961943,0.9615362688508906,785.0901707673553,754.8926735111513,True,True
reused/q2/mbrotli/incompressible-256KiB,110992.64882586365,125221.94170370372,0.8863674154525651,0.8396066013264364,0.9422271240572765,0.8391810188225904,1.056229103818601,96.90247604922718,102.35121543527866,True,True
reused/q2/mbrotli/text-1KiB,2802.229950626825,2763.74925616738,1.0139233667358116,0.9873080802295425,1.0375826133567398,0.904596070528651,1.1208575846933195,76.64013808889418,85.90268006888041,False,False
reused/q2/mbrotli/text-1MiB,705979.4406084656,717162.4214814815,0.9844066273719213,0.9491820195895069,1.0193909832270682,0.9563375251809978,1.0293506230298881,91.37413685243581,94.05602469787306,False,False
reused/q2/mbrotli/vendor-alice29.txt,1022720.0561706349,1032731.9370833334,0.9903054407894325,0.9700567400604944,1.0109677532180192,0.9595146366600293,1.0320899785714397,88.84010968727642,91.69098690342548,False,False
reused/q2/mbrotli/vendor-lcet10.txt,2698494.9790079365,2708081.3006349206,0.9964601056752851,0.97411457044962,1.019429150870914,1.0440233838207538,0.9544423248726442,95.67944535801108,91.32051227002522,True,False
reused/q2/mbrotli/vendor-mapsdatazrh,1416206.1683333332,1373983.6830952382,1.0307299757323016,1.007707350347286,1.0521850756845352,0.9830685130522248,1.0484823408005388,85.17161501670633,89.30093428247856,False,False
reused/q2/mbrotli/vendor-plrabn12.txt,3516468.923373016,3593065.087380953,0.9786822219622608,0.9430764739097188,1.0088648296974794,1.0593924341994179,0.9238146227671055,94.3949864870617,87.20346883265093,False,False
reused/q2/mbrotli/vendor-quickfox_repeated,10152.56453762168,10717.473879818592,0.9472908123190618,0.8598668118682837,1.0311949735160066,0.9871059690886671,0.9596647593911684,724.3541902180767,695.1371896696152,True,True
reused/q2/mbrotli/vendor-random_org_10k.bin,27190.946753731347,27962.520520213293,0.9724068591769401,0.9520569373052569,0.9902736765319792,1.0196068873793296,0.9537076212542005,102.74531608507127,97.98899099850426,True,True
reused/q3/mbrotli/binary-256KiB,1551718.663730159,1571610.0406150795,0.987343312672439,0.9471438487451398,1.0249486479008263,1.0400450126889127,0.9493274816248389,89.22488385158921,84.70363428509795,False,False
reused/q3/mbrotli/compressible-256KiB,17205.33071771978,17000.35228378579,1.012057305078877,0.9852576358618218,1.0417835578754682,0.9953763083802303,1.016758482754921,654.7310947944409,665.703394555664,True,True
reused/q3/mbrotli/incompressible-256KiB,142497.39733516483,151488.2412334656,0.9406498892251012,0.9178817433186284,0.9646968616844567,1.1494564013947937,0.8183432517176651,92.45295693854366,75.65825341200109,False,False
reused/q3/mbrotli/text-1KiB,6478.20615918183,6386.321959588311,1.0143876553945994,0.9927729178869602,1.0374247028773338,1.0207027726533258,0.9938129713880269,91.92324225389952,91.35451052396931,False,False
reused/q3/mbrotli/text-1MiB,834567.4582407407,828760.186931217,1.0070071794001438,0.9445065261931723,1.0746713818456255,0.9845509336231594,1.0228086176246312,91.14838335307074,93.22735197607423,False,False
reused/q3/mbrotli/vendor-alice29.txt,1235822.863015873,1196860.45234127,1.0325538458542811,0.9945495510119542,1.0726569353587392,1.0093965684133017,1.022941704148431,88.15375442938748,90.17615178307993,False,False
reused/q3/mbrotli/vendor-lcet10.txt,3221827.106865079,3132702.410674603,1.0284497805750032,0.9874832639984684,1.0696976076609759,1.0126135821205153,1.0156389354578135,90.34325962849996,91.75613203487856,False,False
reused/q3/mbrotli/vendor-mapsdatazrh,1690778.2749404765,1690650.2043849204,1.0000757522491783,0.9709420244953237,1.028634352928731,0.9917662919461998,1.0083784459811316,89.52840982931018,90.27851877484167,False,False
reused/q3/mbrotli/vendor-plrabn12.txt,4281926.6,4022943.133333334,1.0643766163435866,1.0321399444665864,1.0960447055845166,1.0161988293304098,1.0474098036945405,88.88352032937698,93.09747057987245,False,False
reused/q3/mbrotli/vendor-quickfox_repeated,11436.413981980633,11169.408313492064,1.0239050861956618,0.993085244054263,1.047711360372318,1.0081177732646163,1.015660187083024,667.4891470769412,677.9421519960542,True,True
reused/q3/mbrotli/vendor-random_org_10k.bin,31302.84882552483,30607.283172619045,1.0227254947452518,0.9755612476501442,1.0909191870512347,0.9710620647911683,1.053203015365649,97.64359590396444,102.83852963720028,True,True
reused/q4/mbrotli/binary-256KiB,2734111.1556349206,2694616.5544444444,1.0146568539131606,0.9862544964107604,1.0425043776291203,1.0498521359609323,0.9664759628120797,83.51177390144196,80.71212208754082,False,False
reused/q4/mbrotli/compressible-256KiB,24030.253007111936,23553.30036455026,1.0202499282554698,0.9931930380100719,1.053958788579568,1.0192555230370182,1.0009756191612174,419.78739617080953,420.1969487981513,True,True
reused/q4/mbrotli/incompressible-256KiB,199891.36281349207,200060.97148015874,0.9991522151201616,0.9488331204999537,1.0524622938627413,1.0206337182260439,0.9789527793151698,80.26252527060271,78.57322218851057,False,False
reused/q4/mbrotli/text-1KiB,10190.99241632653,10503.016390476192,0.9702919654174208,0.9343656174899946,1.0058272780143858,0.9382616665138287,1.0341379170083786,88.24555502397058,91.2580744577372,False,False
reused/q4/mbrotli/text-1MiB,1098190.9776984127,1069884.5256150793,1.0264574834065012,0.9850762673495924,1.0707702940275794,1.0151433021355043,1.011145403064962,95.0630342353718,96.12255006850332,True,True
reused/q4/mbrotli/vendor-alice29.txt,1838397.7516666665,1821493.5819444444,1.009280389395705,0.9740909771181326,1.0445394970619841,0.9600769776346632,1.0512494444791958,85.07740028025027,89.43756978234728,False,False
reused/q4/mbrotli/vendor-lcet10.txt,4639185.633333333,4653112.866666667,0.9970068997395046,0.9648183774973778,1.0284866063774396,1.0314325851129253,0.9666234266104249,88.10725250205373,85.1665343227651,False,False
reused/q4/mbrotli/vendor-mapsdatazrh,2339351.6503174603,2298075.737896825,1.0179610757556714,0.9782416732350684,1.0575887089576723,1.0073322982811022,1.0105514113790512,85.14108139611274,86.03943997118041,False,False
reused/q4/mbrotli/vendor-plrabn12.txt,6209875.55,6110306.4,1.0162952793987547,0.9832310312063262,1.048412637347466,1.0318987310154921,0.9848788925233176,85.95393670973004,84.65421799469826,False,False
reused/q4/mbrotli/vendor-quickfox_repeated,19468.165892012832,19145.0856091692,1.016875363706334,0.9843026731842411,1.0441695727253095,1.008038054122562,1.0087668412394057,321.4335595140438,324.2515164993205,True,True
reused/q4/mbrotli/vendor-random_org_10k.bin,55268.00752044252,55319.44489538239,0.9990701755045239,0.9597953688554784,1.042463974355215,1.0198322899841181,0.9796416384502619,83.22581084870131,81.53146970117334,False,False
reused/q5/mbrotli/binary-256KiB,4186275.366666667,3649167.7682142863,1.1471863264634756,1.0990136132682238,1.1894281593659057,1.0092222204409906,1.1367033971588538,65.58419580693285,74.54977817367204,False,False
reused/q5/mbrotli/compressible-256KiB,28224.148530505954,28303.16947029822,0.9972080533286143,0.951579119080361,1.0326486547828628,1.0030331711840037,0.9941924972944679,372.3599283047008,370.19744701363953,True,True
reused/q5/mbrotli/incompressible-256KiB,352301.03445238096,397669.33314153436,0.8859145151305736,0.793693188458646,1.0079176437888688,0.8509452397533923,1.0410946248284032,83.39172422485382,86.81867584566785,False,False
reused/q5/mbrotli/text-1KiB,14110.39868616956,14791.387476318483,0.9539604522402506,0.9239596862957975,0.9816435302085255,1.0268735210753508,0.9289950832905449,70.12333645249693,65.14423478829829,False,False
reused/q5/mbrotli/text-1MiB,2582862.883531746,2860370.029444444,0.902982081669134,0.8315122667186639,0.9846499014207499,0.8885668391916072,1.01622302548522,91.79405265814547,93.28322991381019,False,False
reused/q5/mbrotli/vendor-alice29.txt,2888730.792261905,2720300.2650396824,1.0619161529287156,1.0187379243178585,1.1013237702793937,1.0032383632268593,1.0584883830729146,81.01912255933992,85.757800035822,False,False
reused/q5/mbrotli/vendor-lcet10.txt,7542154.35,7095636.45,1.0629285199638434,1.034665206879716,1.0897199443046743,1.0398079770759645,1.0222353967247835,83.86561394092924,85.73039913847333,False,False
reused/q5/mbrotli/vendor-mapsdatazrh,3878766.0,3421290.1264285715,1.1337144342239633,1.1029194339013701,1.1679532934104582,1.1210837335870092,1.0112665095911624,81.71772846873104,82.638402040292,False,False
reused/q5/mbrotli/vendor-plrabn12.txt,10260801.4,9457808.45,1.0849026446501993,1.0510666545687872,1.1270488187882222,1.0226465616605025,1.06087741877175,81.45435063191067,86.41308124611047,False,False
reused/q5/mbrotli/vendor-quickfox_repeated,18911.456369874337,18553.491244477173,1.0192936801316959,1.001870915443134,1.0400487731338426,0.9383675289798457,1.0862414231658568,320.5482977374392,348.19283912770874,True,True
reused/q5/mbrotli/vendor-random_org_10k.bin,57339.11465897817,56481.63381944444,1.0151815870318988,0.9802762961873869,1.0515953502822484,0.9503330498004594,1.0682376954532469,77.14697292791183,82.41130457170657,False,False
reused/q6/mbrotli/binary-256KiB,4932003.133333334,4251506.9,1.1600600091542443,1.130906700672256,1.1866491564536057,1.0052291892512621,1.1540253919788253,64.87162703832702,74.8635048212095,False,False
reused/q6/mbrotli/compressible-256KiB,28412.521954822954,27561.15219215969,1.0308902094051589,0.9980684252488574,1.062157521346997,0.9957397073576688,1.035300894187264,370.9029108355295,383.9961152446827,True,True
reused/q6/mbrotli/incompressible-256KiB,403437.6996746032,388089.28134920634,1.0395486787783406,0.8560759788314338,1.249849846635311,1.0594758342696025,0.9811914959768767,89.44169985292606,87.75943528140732,False,False
reused/q6/mbrotli/text-1KiB,14479.678501196777,14597.331586349208,0.9919400964171797,0.9765505234403791,1.0096406701912481,1.0013115028571316,0.9906408680882907,69.19785269184986,68.5502208604998,False,False
reused/q6/mbrotli/text-1MiB,3134045.311031746,2965176.483730159,1.0569506834511087,0.9564897311137192,1.180608569637424,0.9732288969131886,1.0860247643729672,93.87135021582556,101.94661099951425,False,True
reused/q6/mbrotli/vendor-alice29.txt,3508906.0264285714,3274929.251626984,1.0714448334068125,1.0252718704791302,1.1390442233242615,1.0217778597082197,1.0486083870644602,73.82873054579588,77.41742605664366,False,False
reused/q6/mbrotli/vendor-lcet10.txt,8432118.0,8169776.0,1.0321112843240745,1.0061998370268133,1.0585703681856358,1.0035599968122113,1.0284500055826815,82.78681821103547,85.14210365131186,False,False
reused/q6/mbrotli/vendor-mapsdatazrh,4084285.833333333,3672210.175873016,1.1122146167361873,1.0667524407433397,1.1688751866447034,0.9908945363600917,1.1224349069697643,79.11642158340848,88.80303329975375,False,False
reused/q6/mbrotli/vendor-plrabn12.txt,11462014.8,10876318.5,1.053850602113206,1.0223762114709491,1.0918708512346025,1.020030369028027,1.033156104084828,86.18897351275449,89.04666408950787,False,False
reused/q6/mbrotli/vendor-quickfox_repeated,19496.33310941043,18504.00330428735,1.0536278441375524,1.000880517908351,1.1186249867869718,0.926329045304772,1.1374228730903044,307.0295227377451,349.222401875911,True,True
reused/q6/mbrotli/vendor-random_org_10k.bin,57857.28113516113,54985.32135762386,1.0522313902442813,1.0180982825089517,1.0901030507734788,1.0170403489137043,1.0346014210430927,76.68950231956761,79.34306807891221,False,False
reused/q7/mbrotli/binary-256KiB,8226736.65,7588481.15,1.08410846484082,1.0460700478265172,1.1245434709701383,1.002543083699038,1.081358479718232,67.37089487360701,72.85208845778051,False,False
reused/q7/mbrotli/compressible-256KiB,33563.496002886,33341.55503233393,1.0066565872628568,0.9882653996908385,1.0278318182122492,1.0042618700173465,1.002384554583825,313.6122781786717,314.36010377414647,True,True
reused/q7/mbrotli/incompressible-256KiB,751454.9025793651,721285.2069708995,1.0418276921762555,1.021367637710065,1.0622822286154001,1.0911744063157895,0.9547765106531899,69.2288539456648,66.09808360676115,False,False
reused/q7/mbrotli/text-1KiB,14554.059042619672,14375.124409722222,1.0124475189081794,0.9753012950711706,1.0462317557348164,0.930546210607195,1.088014230102063,69.16339331849454,75.250756132668,False,False
reused/q7/mbrotli/text-1MiB,3490730.01765873,3460633.3151190476,1.008696877073972,0.9843981336261475,1.0343099930957143,0.9923617829331458,1.0164608254990877,65.60323556630149,66.68311897913392,False,False
reused/q7/mbrotli/vendor-alice29.txt,3941356.866666666,3775158.0333333327,1.0440243380186618,1.0185576360875104,1.0733726287760395,1.02666897539505,1.0169045359697695,79.63161925970299,80.97775483180962,False,False
reused/q7/mbrotli/vendor-lcet10.txt,11005121.4,10408453.7,1.0573252970323537,1.0201343827471494,1.1098829488551072,1.0080292450304242,1.0489033946633581,80.87157675516417,84.82647139027002,False,False
reused/q7/mbrotli/vendor-mapsdatazrh,6394579.1,6058992.55,1.055386526263347,1.0338582618963756,1.0774469132221767,1.1499134917435798,0.9177964549864494,84.62600923960734,77.66945127976213,False,False
reused/q7/mbrotli/vendor-plrabn12.txt,14796110.2,14300112.5,1.0346848809755866,1.0084127280002002,1.0638858327166616,1.0825810104510574,0.9557574638635913,87.01953436383572,83.16956947017026,False,False
reused/q7/mbrotli/vendor-quickfox_repeated,18766.267593005952,19214.65951926257,0.9766640712104679,0.9519610018365647,1.001248633367463,1.0251577421617901,0.9526963812914668,335.4258203406621,319.5589652302705,True,True
reused/q7/mbrotli/vendor-random_org_10k.bin,60282.557603785106,58965.85961213518,1.0223298362868087,0.9937696478851719,1.050819390472329,1.0917288085053216,0.9364320409264215,82.15473054787114,76.9323219987032,False,False
reused/q8/mbrotli/binary-256KiB,10269349.1,9690535.15,1.0597298230738061,1.0034303603281076,1.112555615534058,0.9679850932199908,1.094779073041949,68.88219137471917,75.4107816223132,False,False
reused/q8/mbrotli/compressible-256KiB,33575.52211471862,34153.074750360756,0.9830892931349896,0.9560327546848667,1.0082064620172195,0.9940106060944915,0.9890128808560582,311.4757011878557,308.0534805484619,True,True
reused/q8/mbrotli/incompressible-256KiB,748920.1833730158,741271.1416005291,1.0103188176946578,0.9770850588023623,1.0391406388194728,0.9855435799096162,1.0251386527091109,83.85899515518838,85.96709731092967,False,False
reused/q8/mbrotli/text-1KiB,15155.088674078444,14661.775840053766,1.0336461857967452,1.0013340250504923,1.069263481103041,1.0431760664574496,0.9908645520472231,72.22197345350197,71.56219337397067,False,False
reused/q8/mbrotli/text-1MiB,3581078.043333334,4118459.366666667,0.8695188478287039,0.8467808451431007,0.8943816748754969,1.0297538914524085,0.8443948161266939,79.58582550646113,67.20185849481939,False,False
reused/q8/mbrotli/vendor-alice29.txt,4187172.6666666665,4126526.133333333,1.0146967525162247,0.9902207988106673,1.0453340413510688,0.9958467506890321,1.018928617093092,84.02937967445686,85.6199396268847,False,False
reused/q8/mbrotli/vendor-lcet10.txt,12150533.2,11795018.6,1.030141080065783,1.0043314254225393,1.0530404193419685,1.0143073981766786,1.0156103385596587,86.30514255950513,87.65239505429861,False,False
reused/q8/mbrotli/vendor-mapsdatazrh,7250405.6,6600297.85,1.0984967292044252,1.0277569507594508,1.2096301866576062,1.0305224990678716,1.0659609374836918,73.87958888810303,78.75275583207204,False,False
reused/q8/mbrotli/vendor-plrabn12.txt,17166931.3,16652387.1,1.030899125567409,0.9924966996165776,1.070367868052408,1.0091355799021653,1.0215665229714264,86.89640529988024,88.77045862091448,False,False
reused/q8/mbrotli/vendor-quickfox_repeated,18957.89821509556,18791.11654679233,1.0088755592509855,0.9826688480424154,1.0313521397582066,1.0246092678836254,0.9846441866906607,334.11667385501676,328.9860405877617,True,True
reused/q8/mbrotli/vendor-random_org_10k.bin,59505.56090629801,59069.3746454173,1.007384304701024,0.9866994768236402,1.0265804851108769,0.9649340065921325,1.04399295477088,82.90511939668137,86.55236056457397,False,False
reused/q9/mbrotli/binary-256KiB,14887974.6,13366969.8,1.1137883022672797,1.0931588845900053,1.1337017671449345,1.0031123383851388,1.1103325715844674,132.01646381100088,146.58217975475637,True,True
reused/q9/mbrotli/compressible-256KiB,34969.79368284493,35721.253347832724,0.9789632335217772,0.9526894193471227,1.003273963344443,0.9944051930511475,0.9844711596064887,135.39146081033644,133.28898842476838,True,True
reused/q9/mbrotli/incompressible-256KiB,950208.87640873,913162.1185317462,1.0405697489253611,1.0264498408577947,1.0557948477957233,0.9297031482711442,1.119249462433662,876.8575896165402,981.4223858091891,True,True
reused/q9/mbrotli/text-1KiB,16790.402789902997,16618.312365579866,1.0103554693483539,0.9883522073545875,1.0307206376872926,0.9879359120684033,1.0226933316281737,839.8063684438065,858.8643728663541,True,True
reused/q9/mbrotli/text-1MiB,3583463.420039682,3960127.2,0.9048859390273327,0.8524429853867189,0.9714934234589052,0.9859014300586113,0.9178259726974307,278.085827366689,255.2343949962011,True,True
reused/q9/mbrotli/vendor-alice29.txt,5001780.55,4926942.666666667,1.0151895177996793,0.9959602669711864,1.037639040326265,0.9580632228282248,1.0596268530200088,227.7760746620521,241.35764518740086,True,True
reused/q9/mbrotli/vendor-lcet10.txt,14965094.5,14683579.4,1.019172103227092,0.9904942002993596,1.0495878433043089,0.9862688099703616,1.0333613847706682,140.54326085277978,145.23197865501376,True,True
reused/q9/mbrotli/vendor-mapsdatazrh,10758384.7,9501473.75,1.1322858940698541,1.0725464012891537,1.1860621424551572,0.9762483750609869,1.1598338322449133,150.31029425820776,174.3349646153577,True,True
reused/q9/mbrotli/vendor-plrabn12.txt,21889560.2,21567301.8,1.0149419896372942,0.9791646738831998,1.0516468407344255,0.9538950566756416,1.06399753571887,123.49528612274266,131.39868010749495,True,True
reused/q9/mbrotli/vendor-quickfox_repeated,20444.070505291005,20298.980056625645,1.0071476718663015,0.9677322063608592,1.0518277362294277,0.9931123933546684,1.0141326184282355,307.5773540988047,311.92422748144935,True,True
reused/q9/mbrotli/vendor-random_org_10k.bin,76183.76519179894,76423.40154431216,0.9968643589833636,0.9606380414445763,1.0376122426523915,0.9849218825398657,1.0121253031892248,2885.4697490981616,2920.4569446493133,True,True
streaming/q1/mbrotli-reader/binary-256KiB,614671.518994709,591597.6787698413,1.0390025874896045,1.017712785150643,1.067036583487404,0.9948131491605163,1.0444198373999962,106.13680274936786,110.85138226965024,True,True
streaming/q1/mbrotli-session/binary-256KiB,597697.060595238,606971.6029662698,0.9847199731820943,0.9526765275105586,1.0210007726618116,0.9948131491605163,0.9898541992665264,109.15106342036364,108.04363848105389,True,True
streaming/q1/mbrotli-writer/binary-256KiB,602410.7240674603,587977.6843386244,1.0245469175332236,1.0008854343108298,1.0525183212949367,0.9948131491605163,1.0298887971050628,108.29699266756414,111.53385950849344,True,True
streaming/q1/mbrotli-reader/compressible-256KiB,26113.218091269842,26427.421839569164,0.9881106923631547,0.9722154725529204,1.0079286777837857,0.9830014822164734,1.0051975609794208,105.96647220157263,106.51723940261441,True,True
streaming/q1/mbrotli-session/compressible-256KiB,17812.21557228447,18270.768437550105,0.9749023766114173,0.952746965515464,0.9962813386473722,0.9830014822164734,0.9917608409025038,155.3498826540003,154.06993025503664,True,True
streaming/q1/mbrotli-writer/compressible-256KiB,19572.942665906787,19681.98687598116,0.9944596950114093,0.9790604906186349,1.012887936864229,0.9830014822164734,1.011656353527667,141.37504238348782,143.02295985749868,True,True
streaming/q1/mbrotli-reader/incompressible-256KiB,74935.5952959656,76046.08236441799,0.9853971824198535,0.9653615691750472,1.0046840160365031,0.9891404263589749,0.9962156597391331,49.85735217665296,49.66867499151063,False,False
streaming/q1/mbrotli-session/incompressible-256KiB,54082.250305788984,53695.198144257694,1.0072083198294834,0.9821924946487882,1.0320360289110628,0.9891404263589749,1.0182662572361099,69.08163665738189,70.34349960285711,False,False
streaming/q1/mbrotli-writer/incompressible-256KiB,47192.38413715914,48261.176436925656,0.9778539940657401,0.9493296242289534,1.0073926980391141,0.9891404263589749,0.9885896562384168,79.16723076290417,78.26390544524685,False,False
streaming/q1/mbrotli-reader/text-1MiB,207160.53394179893,215023.90108465604,0.963430264713869,0.938867304072132,0.9860743135046023,1.1425596398731441,0.8432209847888873,134.84179207804976,113.7014287067515,True,True
streaming/q1/mbrotli-session/text-1MiB,182318.71009920636,183133.52589285717,0.9955507011090502,0.9493193596637015,1.0532236766589793,1.1425596398731441,0.8713336847952934,153.214651581058,133.5010869267503,True,True
streaming/q1/mbrotli-writer/text-1MiB,184709.4385238095,185444.63506746033,0.9960354930549306,0.9682031160651225,1.0255587901553227,1.1425596398731441,0.871757988200527,151.231566008778,131.8373257362275,True,True
streaming/q1/mbrotli-reader/vendor-alice29.txt,531110.307390873,546518.1407837302,0.971807279131189,0.9567269663355724,0.9881074416436862,0.9915094179987607,0.9801291460172533,92.9608541957487,91.11364263591356,False,False
streaming/q1/mbrotli-session/vendor-alice29.txt,703314.8469345238,544070.0596130951,1.29269169385037,1.139662823850928,1.4366828216352812,0.9915094179987607,1.3037613868151738,70.19966671031847,91.5236148242078,False,False
streaming/q1/mbrotli-writer/vendor-alice29.txt,536877.8565079365,545982.2064781745,0.9833248229297341,0.9534301564916715,1.016504775306481,0.9915094179987607,0.9917453178755011,91.96219819599202,91.20307948241394,False,False
streaming/q1/mbrotli-reader/vendor-lcet10.txt,1406112.7577380952,1474924.1975198414,0.9533457787881873,0.9359450980867562,0.9716719123515576,0.9904407564331912,0.9625470000057431,97.06723266481856,93.43177360038058,True,False
streaming/q1/mbrotli-session/vendor-lcet10.txt,1402124.8323015873,1458228.7056349206,0.961526012266433,0.923008083995733,0.9895168187187365,0.9904407564331912,0.9708061850454468,97.34331142562336,94.50148880480026,True,False
streaming/q1/mbrotli-writer/vendor-lcet10.txt,1393849.181547619,1417304.3413690475,0.9834508657478802,0.9609558844605104,1.006173349612069,0.9904407564331912,0.9929426463522328,97.92126437724671,97.23019938489998,True,True
streaming/q1/mbrotli-reader/vendor-mapsdatazrh,686404.7494973545,744374.7924074074,0.9221225066977751,0.8566269872276187,0.9910953064592958,1.0007603888270988,0.9214218678044522,98.05149043155421,90.34678745445306,True,False
streaming/q1/mbrotli-session/vendor-mapsdatazrh,667705.6380423281,692690.9226587301,0.9639301111085707,0.9332673279640655,0.9951833427309658,1.0007603888270988,0.9631977063343871,100.79742463286892,97.0878482107926,True,True
streaming/q1/mbrotli-writer/vendor-mapsdatazrh,672114.6694047619,701688.6310978837,0.95785315539907,0.929256072792793,0.9882517832383056,1.0007603888270988,0.9571253679631381,100.13619965640403,95.84289694256597,True,True
streaming/q1/mbrotli-reader/vendor-plrabn12.txt,1964545.941309524,2050056.1291269842,0.9582888553135008,0.9304004459086098,0.9829669118238441,0.9968473260313256,0.9613195825369419,95.0759234307136,91.39834702172786,True,False
streaming/q1/mbrotli-session/vendor-plrabn12.txt,1984222.4767460315,1965498.5342063494,1.0095263070482232,0.9839530596669939,1.0401753499138078,0.9968473260313256,1.0127190801297279,94.13310335964425,95.33038984413552,False,True
streaming/q1/mbrotli-writer/vendor-plrabn12.txt,1964328.4690873015,2018364.5946825396,0.9732277677989406,0.9543732998872627,0.9923362430773055,0.9968473260313256,0.9763057414956213,95.086449354801,92.83344644352483,True,False
streaming/q1/mbrotli-reader/vendor-quickfox_repeated,21675.071980780263,21500.13278973035,1.0081366563063032,0.9826779602651406,1.0423497569091655,1.008109560337977,1.000026877999567,98.21911003531491,98.2217499685119,True,True
streaming/q1/mbrotli-session/vendor-quickfox_repeated,15488.013708483393,15497.174325735992,0.999408884674067,0.976355398002652,1.0293912275435533,1.008109560337977,0.9913693153936629,137.45508752601003,136.26875601803658,True,True
streaming/q1/mbrotli-writer/vendor-quickfox_repeated,17111.20712595532,17434.594949456976,0.981451371572488,0.9477320277619188,1.0093586513566788,1.008109560337977,0.9735562583529594,124.41590264396797,121.12588065766752,True,True
streaming/q11/mbrotli-reader/binary-256KiB,489687406.2,502211895.4,0.9750613449925862,0.9646517642543204,0.9860555262169155,1.0010405964053666,0.9740477544007013,89.4841778146591,87.16186245476176,False,False
streaming/q11/mbrotli-session/binary-256KiB,498721931.0,508036688.8,0.981665186776172,0.9587944549853039,0.999090564398581,1.0010405964053666,0.980644731393742,87.86314017139142,86.16252549278484,False,False
streaming/q11/mbrotli-writer/binary-256KiB,488012952.8,543875539.4,0.897287922413964,0.8265910590079059,0.9642787854006213,1.0010405964053666,0.8963551784373504,89.79121287372519,80.48481863753405,False,False
streaming/q11/mbrotli-reader/compressible-256KiB,6817771.943822752,6704912.376322752,1.016832370233285,1.0003567386618883,1.0301174704240774,0.9946794712532009,1.0222713945751525,88.71190777874939,90.68764568040446,False,False
streaming/q11/mbrotli-session/compressible-256KiB,6797161.547921628,6694002.7377910055,1.0154106316013645,1.0016378722811354,1.026945392067661,0.9946794712532009,1.0208420510800773,88.98090058222675,90.83544505731281,False,False
streaming/q11/mbrotli-writer/compressible-256KiB,6798285.0187433865,6693919.1002557315,1.015591153242899,1.0044447531417717,1.0253444990800575,0.9946794712532009,1.0210235383297408,88.96619577870317,90.83658000570796,False,False
streaming/q11/mbrotli-reader/incompressible-256KiB,39989009.876468256,42909212.569087304,0.9319446217308862,0.9219250892081919,0.9417955885250093,1.030496377446336,0.9043647722860801,91.84761984771153,83.06375180859409,False,False
streaming/q11/mbrotli-session/incompressible-256KiB,40357766.658214286,42585874.20376984,0.9476796569939072,0.93900146874397,0.9571818444219503,1.030496377446336,0.9196341469363956,91.00839023937093,83.69442332183847,False,False
streaming/q11/mbrotli-writer/incompressible-256KiB,40613124.00825397,42086951.59450397,0.9649813652352416,0.9418965746198873,0.998252094237554,1.030496377446336,0.9364238306461139,90.43616975817424,84.68658451391177,False,False
streaming/q11/mbrotli-reader/text-1MiB,1697986831.8,1697304258.2,1.0004021515863772,0.9931233676478742,1.0073989348073233,1.0168033030911325,0.9838698876617581,103.40740176640044,101.73942875930268,True,True
streaming/q11/mbrotli-session/text-1MiB,1687888274.6,1696186502.9,0.9951077146965781,0.9863931853524558,1.0032415941471025,1.0168033030911325,0.978662944614166,104.02608345129386,101.80647314712222,True,True
streaming/q11/mbrotli-writer/text-1MiB,1676568905.2,1698201900.6,0.987261234725767,0.982437460265673,0.992351228261971,1.0168033030911325,0.9709461325749471,104.7284164494595,101.68565092230118,True,True
streaming/q11/mbrotli-reader/vendor-alice29.txt,140131077.9,172354720.73333332,0.8130388149728163,0.7576588288320825,0.8766173230898495,1.0306957994826165,0.7888251949614439,96.81932827930765,76.3735255059609,True,False
streaming/q11/mbrotli-session/vendor-alice29.txt,141095494.2,142075646.5,0.9931011941585639,0.9795328149061424,1.0082957443454348,1.0306957994826165,0.9635250232484461,96.15754854724011,92.65020419949312,True,False
streaming/q11/mbrotli-writer/vendor-alice29.txt,139434713.63333333,145797977.96666667,0.9563556064214542,0.9147109367855758,0.9892297106488745,1.0306957994826165,0.9278737789574002,97.30286296575365,90.2847751634079,True,False
streaming/q11/mbrotli-reader/vendor-lcet10.txt,417133833.5,421409877.8,0.9898530041053537,0.9817086104312619,0.9966974352047674,1.016273492494328,0.9740025804233776,97.54183262624272,95.00599667718562,True,True
streaming/q11/mbrotli-session/vendor-lcet10.txt,412936166.2,424383662.8,0.9730255954612586,0.9532429609265166,0.9872111612061854,1.016273492494328,0.9574446275018722,98.53338578799446,94.34026085228463,True,False
streaming/q11/mbrotli-writer/vendor-lcet10.txt,414802409.1,424114378.4,0.9780437311860777,0.9675955160843963,0.9873266103797143,1.016273492494328,0.9623824082881275,98.09007295372528,94.40016063836426,True,False
streaming/q11/mbrotli-reader/vendor-mapsdatazrh,382149154.0,414286692.0,0.9224268154865085,0.8820710818789076,0.9557712638732483,1.0041506879013584,0.918613935737424,98.99020116632262,90.93377829283496,True,False
streaming/q11/mbrotli-session/vendor-mapsdatazrh,381719051.2,401812320.1,0.9499933976763097,0.9452419728385252,0.9547150414813343,1.0041506879013584,0.9460665706078083,99.10173859826465,93.7568419769317,True,False
streaming/q11/mbrotli-writer/vendor-mapsdatazrh,384414893.8,400613770.3,0.9595648534800253,0.948828036771798,0.9740115132277727,1.0041506879013584,0.9555984625031566,98.4067533285569,94.03734218069637,True,False
streaming/q11/mbrotli-reader/vendor-plrabn12.txt,443794627.3,451029369.3,0.983959488023522,0.975457339816621,0.99251836714846,1.00449218382632,0.9795591283502229,96.72195150524752,94.74487050881278,True,False
streaming/q11/mbrotli-session/vendor-plrabn12.txt,442051617.1,450907916.5,0.9803589622716239,0.9734504276701968,0.9875641859155367,1.00449218382632,0.9759747044892197,97.10332630745623,94.77039019783987,True,False
streaming/q11/mbrotli-writer/vendor-plrabn12.txt,443392729.4,450530128.0,0.9841577773462465,0.9756454291753478,0.9922846074745977,1.00449218382632,0.9797565309043864,96.80962175019373,94.84985916413564,True,False
streaming/q11/mbrotli-reader/vendor-quickfox_repeated,4444712.833901099,5981214.05845679,0.7431121492160535,0.6990191691681941,0.7924023599776328,0.9609332963728696,0.7733233430676177,79.20763982290664,61.25311682434593,False,False
streaming/q11/mbrotli-session/vendor-quickfox_repeated,4478429.66229243,5505678.752861111,0.8134200819408769,0.7724035381153934,0.8587073787753083,0.9609332963728696,0.8464896419045995,78.61130793861301,66.54365790660873,False,False
streaming/q11/mbrotli-writer/vendor-quickfox_repeated,4460881.048174603,7419163.841924603,0.601264663137215,0.5847470862554249,0.6174402442601183,0.9609332963728696,0.6257090532784568,78.92055615514569,49.3813064760455,False,False
streaming/q2/mbrotli-reader/binary-256KiB,1094955.9178769845,1099791.1762301587,0.9956034759528183,0.9720061544336709,1.0220551092284382,1.0093434565433308,0.9863872099220147,82.13648323478759,81.01837653076846,False,False
streaming/q2/mbrotli-session/binary-256KiB,1100092.9157936508,1126625.5356547618,0.976449477646811,0.9118166424730908,1.0330185194588857,1.0093434565433308,0.9674105194983175,81.7529384112533,79.08865261894451,False,False
streaming/q2/mbrotli-writer/binary-256KiB,1090324.299484127,1156333.4379960317,0.9429151347328492,0.8621000343960451,1.0153254992288603,1.0093434565433308,0.9341866028061682,82.48539304690024,77.05674911161526,False,False
streaming/q2/mbrotli-reader/compressible-256KiB,23164.911447659237,23415.13936151811,0.9893134134290008,0.9701067108354106,1.0081094510150341,0.9810990869859059,1.0083725757694166,501.619809288059,505.81965914876355,True,True
streaming/q2/mbrotli-session/compressible-256KiB,14840.772050373867,14992.88345438175,0.9898544263036055,0.9608503897885342,1.0117292020678894,0.9810990869859059,1.0089240112786138,782.9766822849941,789.9639750285969,True,True
streaming/q2/mbrotli-writer/compressible-256KiB,16892.880083774253,17106.9705375861,0.9874851918788622,0.9623720009898341,1.0144738389033288,0.9810990869859059,1.0065091334582479,687.862484367641,692.3398730793118,True,True
streaming/q2/mbrotli-reader/incompressible-256KiB,140430.33966269842,146070.56610195362,0.9613869748726895,0.9148074284549884,1.0063308821851125,1.0430469259762374,0.921710184777048,81.58628461378004,75.19890946664003,False,False
streaming/q2/mbrotli-session/incompressible-256KiB,123086.62439484126,122276.10822222222,1.0066285735161444,0.969174680362048,1.046068094904907,1.0430469259762374,0.9650846461907674,93.08232894077892,89.83232649242426,False,False
streaming/q2/mbrotli-writer/incompressible-256KiB,118043.12316220239,122093.7596137566,0.9668235586784419,0.9420643067895119,0.9934621002983318,1.0430469259762374,0.9269223987919294,97.05935723496114,89.96649223343299,True,False
streaming/q2/mbrotli-reader/text-1MiB,726468.0453571429,745540.1017460317,0.9744184701208928,0.9631315184213065,0.9851941723751155,0.8839586623926764,1.1023348846238603,95.71347204707064,105.5082991659567,True,True
streaming/q2/mbrotli-session/text-1MiB,701715.9978042328,704327.7877116402,0.9962917977212099,0.9815167762811611,1.010176268406585,0.8839586623926764,1.127079624995668,99.0896305199806,111.68190360741904,True,True
streaming/q2/mbrotli-writer/text-1MiB,702041.4062433863,733048.7944576719,0.9577007854746891,0.9347208254050432,0.9802787335201922,0.8839586623926764,1.0834225922764416,99.04370074758106,107.30618301259639,True,True
streaming/q2/mbrotli-reader/vendor-alice29.txt,1039215.2266269841,1036099.9420833333,1.00300674135488,0.9734547393772242,1.033953296387275,1.0487114878805852,0.9564181883636336,93.12468873718592,89.06614609394663,False,False
streaming/q2/mbrotli-session/vendor-alice29.txt,1032421.1010515873,1039787.5817063494,0.9929153985060359,0.9603811269702286,1.0320121683917893,1.0487114878805852,0.9467955772208507,93.73752087400077,88.7502701831511,False,False
streaming/q2/mbrotli-writer/vendor-alice29.txt,1024973.5900793651,1023895.6360515872,1.001052796779108,0.9854821558337442,1.0179065490530788,1.0487114878805852,0.9545550023507477,94.41862253552159,90.12776845634917,False,False
streaming/q2/mbrotli-reader/vendor-lcet10.txt,2809328.7136904765,2776366.542103174,1.0118724134898747,0.9697081664485565,1.0693160056952196,0.9878244030243073,1.0243444182912897,85.16873697254213,87.24212033074254,False,False
streaming/q2/mbrotli-session/vendor-lcet10.txt,2726586.7884126985,2801475.9406349207,0.9732679652407619,0.9462757281050801,0.9985850218473735,0.9878244030243073,0.9852641443773005,87.75329628330124,86.46017637885454,False,False
streaming/q2/mbrotli-writer/vendor-lcet10.txt,2724494.4122619047,2815445.2523809527,0.967695752548506,0.9413147325611054,0.9979031354538256,0.9878244030243073,0.9796232504338062,87.82068966956416,86.03118946943702,False,False
streaming/q2/mbrotli-reader/vendor-mapsdatazrh,1419895.6955357143,1409890.9615674603,1.0070961047634004,0.9835950084059082,1.027772488431905,0.9772516729902577,1.030539146258837,85.08347326513754,87.68184989939142,False,False
streaming/q2/mbrotli-session/vendor-mapsdatazrh,1389469.1064087301,1395513.9431150793,0.9956683795699985,0.9815409183243443,1.0103147028451438,0.9772516729902577,1.018845408085502,86.94663083416488,88.5851755738942,False,False
streaming/q2/mbrotli-writer/vendor-mapsdatazrh,1380141.6342063493,1407018.6321626985,0.9808979089956774,0.9645745097109644,0.9979554310057664,0.9772516729902577,1.0037311125743718,87.53424609197333,87.86084621825525,False,False
streaming/q2/mbrotli-reader/vendor-plrabn12.txt,3561306.8040873013,3585901.9666666663,0.9931411503136468,0.9615639118888492,1.022713207440243,0.9790278538638861,1.0144156230020018,87.6812524988579,88.94523237922476,False,False
streaming/q2/mbrotli-session/vendor-plrabn12.txt,3519517.8147222223,3570113.9333333327,0.9858278700467494,0.9684841970187236,1.005392066064083,0.9790278538638861,1.006945682041656,88.72233571567372,89.33857284954784,False,False
streaming/q2/mbrotli-writer/vendor-plrabn12.txt,3533382.5944841267,3577381.095714286,0.9877009186181284,0.9688814273265483,1.0061527333305706,0.9790278538638861,1.0088588539335348,88.37419463223151,89.15708871397221,False,False
streaming/q2/mbrotli-reader/vendor-quickfox_repeated,17013.718898442094,16898.58036296782,1.0068135034423715,0.9928465760590215,1.0211040167096743,1.009278579761272,0.9975575858159166,459.4650205734566,458.34281669011784,True,True
streaming/q2/mbrotli-session/vendor-quickfox_repeated,10750.74578857512,10802.854190476191,0.9951764227321507,0.9690060871372814,1.0268190816716458,1.009278579761272,0.9860274880375871,727.1317597343896,716.9719025232505,True,True
streaming/q2/mbrotli-writer/vendor-quickfox_repeated,12445.148521689498,12476.366686507936,0.9974978160226569,0.9754597076482089,1.018750768514144,1.009278579761272,0.9883275401114708,628.1330182665007,620.8011608061242,True,True
streaming/q5/mbrotli-reader/binary-256KiB,4265597.566666666,3688244.233333333,1.1565388018817662,1.1135337893347175,1.1970758533424748,0.9974399447357521,1.1595072044043349,63.311397034106626,73.41002098194987,False,False
streaming/q5/mbrotli-session/binary-256KiB,4196609.166666666,3590511.929722222,1.168805242485668,1.136434017617293,1.203431427288343,0.9974399447357521,1.1718051283732327,64.35217824810208,75.4082124931144,False,False
streaming/q5/mbrotli-writer/binary-256KiB,4371622.75,3859309.499999999,1.1327473865467388,0.9955758308933689,1.2965066960525817,0.9974399447357521,1.1356547254048794,61.7759025823883,70.15609568384076,False,False
streaming/q5/mbrotli-reader/compressible-256KiB,40231.83648291925,40389.827796756384,0.9960883390087188,0.9727233826525498,1.0226176087245313,0.9780661928322221,1.0184263052016036,278.8052455774868,283.9425961243056,True,True
streaming/q5/mbrotli-session/compressible-256KiB,30753.981865763548,31103.655461640206,0.9887577974136221,0.9616036802429129,1.014422003577291,0.9780661928322221,1.0109313711686938,364.728284604362,368.7152648590932,True,True
streaming/q5/mbrotli-writer/compressible-256KiB,33868.58433405483,33341.50534758966,1.0158084939768108,0.9910038481810132,1.0510052404404475,0.9780661928322221,1.0385886982099821,331.1873605350273,343.967449641674,True,True
streaming/q5/mbrotli-reader/incompressible-256KiB,395316.03619841265,358100.9778703704,1.1039233641565587,1.0353962908572956,1.1752590626073645,0.9972981007073325,1.1069141346740783,75.56636111494893,83.64547322402261,False,False
streaming/q5/mbrotli-session/incompressible-256KiB,375768.8076825397,327637.9968452381,1.1469024084530601,1.0573124945693038,1.234331002683011,0.9972981007073325,1.1500096186281925,79.49726995737417,91.42262510566233,False,False
streaming/q5/mbrotli-writer/incompressible-256KiB,382928.40875396825,329935.9097420635,1.1606145237520011,1.0747388342667012,1.234668779953949,0.9972981007073325,1.163758883054963,78.01091186497118,90.78589165807801,False,False
streaming/q5/mbrotli-reader/text-1MiB,2592909.2129365075,2653989.889246032,0.9769853394856464,0.9175890876833022,1.0442714396771842,0.9064469772350491,1.0778185200261372,92.85940420488252,100.08558561061534,False,True
streaming/q5/mbrotli-session/text-1MiB,2631859.6716666664,2646404.90234127,0.9945037773087045,0.937497821183389,1.063997665226213,0.9064469772350491,1.0971450093443487,91.48512257804376,100.3724456657567,False,True
streaming/q5/mbrotli-writer/text-1MiB,2583232.561428571,2552058.0197222224,1.0122154517904502,0.966417400832568,1.0534956777320317,0.9064469772350491,1.116684678984786,93.20725058431509,104.0831086978004,False,True
streaming/q5/mbrotli-reader/vendor-alice29.txt,2836356.173452381,2705438.214206349,1.0483906668274947,1.0228740483013963,1.0778424570313812,0.95371466902418,1.0992707786493263,81.70022650553376,89.81067160656443,False,False
streaming/q5/mbrotli-session/vendor-alice29.txt,2823977.4028174602,2782865.0471428568,1.014773391802385,0.98866591926359,1.0380101016145376,0.95371466902418,1.0640220023465496,82.05835556270117,87.31189579509042,False,False
streaming/q5/mbrotli-writer/vendor-alice29.txt,2812701.6235714285,2752838.0592857143,1.0217461263599528,0.9991361334792048,1.0448340973217267,0.95371466902418,1.0713331351035849,82.38731754532432,88.2642631986069,False,False
streaming/q5/mbrotli-reader/vendor-lcet10.txt,7452792.45,7215655.4,1.032864242657708,1.0077863180297377,1.0576451678250804,0.9675923261555666,1.0674580758215388,82.00294978025318,87.53471098411933,False,False
streaming/q5/mbrotli-session/vendor-lcet10.txt,7487674.1,7229808.85,1.0356669526608577,1.0029190609137029,1.0773272820121509,0.9675923261555666,1.0703546572922555,81.62093553190303,87.36334847912335,False,False
streaming/q5/mbrotli-writer/vendor-lcet10.txt,7459690.55,7209820.15,1.0346569532667191,1.0100331316762525,1.0598521615646321,0.9675923261555666,1.0693108298797838,81.92712028785162,87.60555698466348,False,False
streaming/q5/mbrotli-reader/vendor-mapsdatazrh,3838006.9666666663,3503152.865357143,1.095586494275175,1.0585579087079569,1.1477375252515822,0.9815088876399981,1.116226768877735,75.08517025285482,83.81207698197876,False,False
streaming/q5/mbrotli-session/vendor-mapsdatazrh,3816264.5,3510678.6,1.087044681333119,1.0428967995571232,1.127803859183693,0.9815088876399981,1.1075240326624833,75.51295423150296,83.63241158873169,False,False
streaming/q5/mbrotli-writer/vendor-mapsdatazrh,3779470.9,3492151.3633333333,1.0822757970010823,1.0507598976746069,1.1138393606053143,0.9815088876399981,1.1026653050522799,76.2480818475966,84.0761144301313,False,False
streaming/q5/mbrotli-reader/vendor-plrabn12.txt,10248975.55,9783249.55,1.047604428121738,0.9944745666626121,1.0904774226757583,0.9886491434420279,1.0596321607829995,81.02710860696706,85.85893017519929,False,False
streaming/q5/mbrotli-session/vendor-plrabn12.txt,9976431.8,9714837.95,1.0269272479218248,1.0016267362344107,1.0526321111656676,0.9886491434420279,1.038717582201639,83.24066877297753,86.46354620871469,False,False
streaming/q5/mbrotli-writer/vendor-plrabn12.txt,9938253.25,9670346.1,1.0277039877610998,1.0024533664583883,1.0527048323376544,0.9886491434420279,1.0395032399290822,83.56044408508104,86.86135235635466,False,False
streaming/q5/mbrotli-reader/vendor-quickfox_repeated,27131.86660092395,27227.40997393983,0.9964909121687546,0.9816993356254948,1.0103350533696296,0.922281716343897,1.0804626119219163,237.27477981156966,256.3665283384061,True,True
streaming/q5/mbrotli-session/vendor-quickfox_repeated,20448.248179164388,20870.348239538238,0.9797751309403552,0.9507622750870369,1.0021553675941552,0.922281716343897,1.0623382352459216,314.8293006425251,334.4552036482878,True,True
streaming/q5/mbrotli-writer/vendor-quickfox_repeated,23150.286981646823,22867.755443037975,1.0123550183712877,0.9877923512712602,1.038931944114436,0.922281716343897,1.0976635451307206,278.0832772705938,305.2418759704091,True,True
streaming/q9/mbrotli-reader/binary-256KiB,14327644.8,13434500.5,1.0664813924417957,1.0397539411794232,1.0990231075804224,0.980286266699616,1.0879285252382223,137.757890954974,149.87073914657267,True,True
streaming/q9/mbrotli-session/binary-256KiB,14358599.7,13497446.4,1.063801201685083,1.0251749316945376,1.1047725138149789,0.980286266699616,1.085194435362888,137.4609064420119,149.17181075080987,True,True
streaming/q9/mbrotli-writer/binary-256KiB,14243118.3,13294171.1,1.0713806970635424,1.0384513823460697,1.1113710577004468,0.980286266699616,1.0929263557579145,138.5754220689159,151.45273103939516,True,True
streaming/q9/mbrotli-reader/compressible-256KiB,46946.073732247285,48669.493720760234,0.964589317521957,0.9459155916720354,0.9839989173443785,1.0159578497035051,0.9494383234535375,122.02007179703658,115.85053239465869,True,True
streaming/q9/mbrotli-session/compressible-256KiB,38646.68484380277,39115.213968253964,0.9880218187012486,0.971753323418195,0.9998873522653727,1.0159578497035051,0.9725027657294941,148.22392426543064,144.14817629541037,True,True
streaming/q9/mbrotli-writer/compressible-256KiB,40570.20593795094,41259.489303751805,0.9832939433465506,0.9682889598126503,0.997886715510166,1.0159578497035051,0.9678491520425899,141.19630785603815,136.656726830011,True,True
streaming/q9/mbrotli-reader/incompressible-256KiB,1014703.6011309525,979709.913611111,1.0357184172923781,1.0071987398471283,1.0658067639281563,0.9527761205595107,1.087053290844611,815.2815108549486,886.2544493396384,True,True
streaming/q9/mbrotli-session/incompressible-256KiB,977069.1746031747,994420.4130555555,0.9825514055980954,0.928461040013225,1.0303091193087213,0.9527761205595107,1.0312510823855443,846.6842537898975,873.1440531596287,True,True
streaming/q9/mbrotli-writer/incompressible-256KiB,995188.3667063493,956043.3690277778,1.0409447928271067,0.9980167732994997,1.0939785546882324,0.9527761205595107,1.0925387091101941,831.2688458546891,908.1933917736029,True,True
streaming/q9/mbrotli-reader/text-1MiB,3693019.7000000007,3680885.1,1.003296652753437,0.9442343851916608,1.0682232309009636,0.9942923301460851,1.0090560113302183,276.66877596130877,279.174291531132,True,True
streaming/q9/mbrotli-session/text-1MiB,3567151.9666666663,3913933.866666667,0.9113981196888898,0.8629465029178719,0.9658260485726651,0.9942923301460851,0.9166299407690127,286.43109392246345,262.5513166565512,True,True
streaming/q9/mbrotli-writer/text-1MiB,3608705.7130555557,3826487.366666667,0.9430857513059488,0.9000832791750586,0.985547549894907,0.9942923301460851,0.9484994731553317,283.1328795538918,268.5513870898184,True,True
streaming/q9/mbrotli-reader/vendor-alice29.txt,5047094.4,4947363.0,1.0201584965566506,1.0002794445939938,1.0442435319690584,0.9737445311408907,1.0476654439962594,229.01484664126747,239.93094098815874,True,True
streaming/q9/mbrotli-session/vendor-alice29.txt,5024814.05,4965694.8,1.0119055343473788,0.9796482671079305,1.0413185693735736,0.9737445311408907,1.0391899538185614,230.03031326104497,239.0451906146145,True,True
streaming/q9/mbrotli-writer/vendor-alice29.txt,5063233.45,4985888.95,1.0155126800407377,0.9889572388296892,1.0468893219217132,0.9737445311408907,1.0428943604447354,228.28486211711214,238.07699527684025,True,True
streaming/q9/mbrotli-reader/vendor-lcet10.txt,14983901.2,14890911.9,1.0062447015081728,0.9848283209233832,1.0254317741913426,0.9467587076408222,1.0628312086144747,138.45875999235767,147.15829122593897,True,True
streaming/q9/mbrotli-session/vendor-lcet10.txt,15310387.2,14808940.5,1.033861078717954,1.0065475872788847,1.0629697981057344,0.9467587076408222,1.0920006020268649,135.50619934680685,147.97285126508544,True,True
streaming/q9/mbrotli-writer/vendor-lcet10.txt,15225132.5,14740225.7,1.0328968368510125,1.0047457940125055,1.0616583686539176,0.9467587076408222,1.0909821356962572,136.26498028834888,148.66265921559125,True,True
streaming/q9/mbrotli-reader/vendor-mapsdatazrh,10333489.1,9809555.55,1.0534105288796696,1.0216958607064672,1.0858189869312862,0.9319359367669718,1.1303465048618169,156.93704365546773,177.3932387793043,True,True
streaming/q9/mbrotli-session/vendor-mapsdatazrh,10348651.1,9605957.2,1.0773159701356987,1.041564124459453,1.128319149729675,0.9319359367669718,1.155997883151789,156.70711229215178,181.15309008455714,True,True
streaming/q9/mbrotli-writer/vendor-mapsdatazrh,10333844.5,9614111.15,1.074862183177485,1.0396375415345604,1.1105797224654395,0.9319359367669718,1.1533648835416155,156.931646300658,180.9994499595524,True,True
streaming/q9/mbrotli-reader/vendor-plrabn12.txt,21834875.3,21976830.8,0.9935406746636098,0.9585942234213916,1.0255124756976453,0.9664648425109704,1.0280153306790691,123.622755931196,127.08608831806632,True,True
streaming/q9/mbrotli-session/vendor-plrabn12.txt,21736840.2,21989047.2,0.9885303352298048,0.9649570789530202,1.0126754706868548,0.9664648425109704,1.0228311385456155,124.18030565454495,127.01548341758074,True,True
streaming/q9/mbrotli-writer/vendor-plrabn12.txt,21627154.9,21655191.7,0.9987053081594286,0.9731252112608841,1.0272163440034798,0.9664648425109704,1.0333591706912941,124.8101043563525,128.9736659315743,True,True
streaming/q9/mbrotli-reader/vendor-quickfox_repeated,28843.74964726631,28998.83946748592,0.9946518611410813,0.9841194594705742,1.0041781184697283,1.0132408564634305,0.9816539224570638,247.3968817759241,242.85811939898238,True,True
streaming/q9/mbrotli-session/vendor-quickfox_repeated,22962.619529334937,25564.307643777316,0.898229666506315,0.8436166352710195,0.9582195401673088,1.0132408564634305,0.8864917564037587,310.75956784211763,275.48579511563184,True,True
streaming/q9/mbrotli-writer/vendor-quickfox_repeated,24974.684682003433,25062.177863666013,0.9965089553614005,0.9727106776892475,1.0221628980515645,1.0132408564634305,0.9834867484909459,285.7234760846105,281.0052524619841,True,True
tiny/q0/mbrotli/1024,1848.4713495276653,1841.2705218613264,1.0039107928904762,0.9749934670976638,1.0323947248110577,0.9766610482377646,1.0279009229475051,95.1646743944272,97.81985664203053,True,True
tiny/q0/mbrotli-reused/1024,1652.9015729892453,1602.6255063631916,1.0313710635619073,1.006499070242278,1.0588537587166647,0.9766610482377646,1.0560174027856015,106.42447014379619,112.38609255408545,True,True
tiny/q0/mbrotli/16,846.8709602022769,886.4936073980136,0.9553040801816554,0.9295801377729391,0.9795897176656563,0.9898534108051851,0.965096518084,99.68466197490044,96.20532017835693,True,True
tiny/q0/mbrotli-reused/16,698.0518465700859,693.688940221758,1.0062894275738823,0.977242851111151,1.0331918603825365,0.9898534108051851,1.016604495766022,120.93664076518904,122.94473270473155,True,True
tiny/q0/mbrotli/256,1685.4013458393456,1549.1551163277259,1.0879487328774355,1.0250012790032645,1.1633575777444252,0.989022548141352,1.1000241955271832,88.27536020404378,97.10503209332558,False,True
tiny/q0/mbrotli-reused/256,1420.247921570745,1349.6634522632871,1.052297829647156,1.0026080693019284,1.1105144306701746,0.989022548141352,1.0639775924469221,104.75594340444697,111.45797645796952,True,True
tiny/q0/mbrotli/64,1056.6347355708665,1075.1034939744823,0.9828214134665866,0.9654225236958123,1.0038061608822633,0.9576701510752522,1.0262629699412633,95.1514353396901,97.65039462588443,True,True
tiny/q0/mbrotli-reused/64,907.1471197905433,938.1650908927497,0.9669376196116081,0.8947473980652412,1.0277667814840177,0.9576701510752522,1.0096770986606929,110.83131889627363,111.90384450392759,True,True
tiny/q1/mbrotli/1024,2618.1570525074762,2585.2731905111527,1.0127196855315015,0.9995563148807459,1.0270167179754064,1.0184629056805734,0.9943608941307154,96.88160570336126,96.33528007201372,True,True
tiny/q1/mbrotli-reused/1024,2359.999665364423,2412.0826235352242,0.9784074734162851,0.8955824182944059,1.0362584093284304,1.0184629056805734,0.9606707008759225,107.47936237157722,103.25227437920034,True,True
tiny/q1/mbrotli/16,1810.1084627157688,1820.5337148142887,0.9942735187963364,0.9769654507266677,1.0131518861810753,0.9886678530308565,1.0056699181108146,85.329417705239,85.81322851607119,False,False
tiny/q1/mbrotli-reused/16,1645.3876029364378,1561.8995412166046,1.0534529011096336,1.0264279501907572,1.0828080420457908,0.9886678530308565,1.0655276166613208,93.8718031126606,100.022998642334,False,True
tiny/q1/mbrotli/256,2474.1942584017515,2422.297786525004,1.0214244805760226,1.0015965153306559,1.0399848437939143,1.009690005847425,1.0116218588483987,91.09105857755256,92.1497060026921,False,False
tiny/q1/mbrotli-reused/256,2317.7268369487465,2154.60693112177,1.0757075007375245,1.026877128500048,1.144571947353295,1.009690005847425,1.0653839242814844,97.24052486747043,103.59849198249691,True,True
tiny/q1/mbrotli/64,2100.3902427423322,2043.8525738992873,1.0276623028319414,1.0043579142121881,1.0532134876110946,1.055884738397531,0.9732712913263417,90.06747707690037,87.66008972114051,False,False
tiny/q1/mbrotli-reused/64,1804.3858387623422,1785.031756527914,1.010842430205317,0.986463885718218,1.0364252049857088,1.055884738397531,0.9573416429329469,104.84279247641386,100.37037119904805,True,True
tiny/q10/mbrotli/1024,331149.9811218685,350330.8805335382,0.9452491901871224,0.9337360594462165,0.9577617900689417,0.9998839132884971,0.9453589337969368,81.8650903901416,77.39189456641412,False,False
tiny/q10/mbrotli-reused/1024,278764.29835931107,294384.9390139425,0.9469380440896414,0.9247115111312956,0.9626881099706716,0.9998839132884971,0.9470479837757134,97.24926504861361,92.09972038795948,True,False
tiny/q10/mbrotli/16,207597.0654294006,206942.1134191375,1.0031649044239563,0.9895068986146123,1.0174789999046214,1.0102844028819868,0.9929529759761498,75.91162209443316,75.37667106984425,False,False
tiny/q10/mbrotli-reused/16,168513.2950563394,169670.79152734778,0.9931779862604,0.9832265660744568,1.0043866955837524,1.0102844028819868,0.9830677217496497,93.51802167016686,91.9345485058253,False,False
tiny/q10/mbrotli/256,308637.6983661435,327807.0534807256,0.9415224446483449,0.9211311277254349,0.9694390310815528,0.9782315425154999,0.9624740194200254,81.05625551527,78.01454004491852,False,False
tiny/q10/mbrotli-reused/256,267508.01233491296,279088.4749720006,0.9585061237722216,0.9379254853987838,0.9837506818225107,0.9782315425154999,0.9798356341152578,93.51875453020193,91.63300814676954,False,False
tiny/q10/mbrotli/64,236838.9516956985,247288.86966612554,0.9577420609971816,0.923443480863389,0.985826679644692,1.0061683574339515,0.9518705830103102,78.39150473663791,74.61856731671902,False,False
tiny/q10/mbrotli-reused/64,195577.1642178288,203511.7224456586,0.9610117877610295,0.9495213829015581,0.9731652010911416,1.0061683574339515,0.9551202645767098,94.93011046522382,90.66967222384086,False,False
tiny/q11/mbrotli/1024,1470826.794989275,1519856.3205092591,0.9677406838670409,0.9431510170661148,1.000565150898995,0.994439524910607,0.9731518706017181,96.85890453115091,94.25842412892274,True,False
tiny/q11/mbrotli-reused/1024,1410058.4866025643,1466171.3642564747,0.9617282951898557,0.9492387286031548,0.9736670289086334,0.994439524910607,0.9671058632512705,101.03316527031339,97.70976651575471,True,True
tiny/q11/mbrotli/16,204918.56020907368,210365.76518559217,0.9741060292214716,0.9511509064929127,1.0005097363761377,0.998799164531342,0.975277176646962,76.98934150299928,75.08594761295392,False,False
tiny/q11/mbrotli-reused/16,167702.68785149144,170811.6637780258,0.9817988077759459,0.9730790643279663,0.9914317385451223,0.998799164531342,0.9829792040691453,94.07449107917793,92.47326836422023,False,False
tiny/q11/mbrotli/256,409778.9919286311,440521.8966409524,0.9302125389299812,0.9145186122359442,0.9457971223904906,0.9960926513420676,0.9338614612573197,86.17786748719857,80.47818925963492,False,False
tiny/q11/mbrotli-reused/256,365516.75195732154,388160.2457455252,0.9416645727212144,0.9101276939405106,0.9696900477233981,0.9960926513420676,0.9453584176657458,96.61357373187289,91.33445518819622,True,False
tiny/q11/mbrotli/64,248227.67167524667,256108.42868917817,0.9692288260317435,0.9614011613618566,0.9765685905045933,1.0111529069021288,0.9585383371948877,79.96108302013229,76.64576355841997,False,False
tiny/q11/mbrotli-reused/64,208909.18481124387,217301.6454443195,0.9613787524898145,0.9484435396947081,0.9740155315374288,1.0111529069021288,0.9507748491127744,95.01043949145817,90.33353627162953,True,False
tiny/q2/mbrotli/1024,3330.848672373996,3422.535727191811,0.97321078226025,0.9564424690311649,0.9952437493276562,0.9613403577831644,1.0123477854445422,66.1031340493766,66.91936136583011,False,False
tiny/q2/mbrotli-reused/1024,3015.6207812186058,2835.8616565952625,1.0633878328321424,0.9974748956045889,1.1296595966768457,0.9613403577831644,1.1061512441694406,73.01300536838465,80.76342672878873,False,False
tiny/q2/mbrotli/16,1072.1937010487188,1062.6202840356923,1.0090092549115173,0.9476052119576985,1.0520919999741767,1.0520021859799729,0.9591322797220176,83.15759775108134,79.75913630720117,False,False
tiny/q2/mbrotli-reused/16,774.024235280152,763.6430520829119,1.0135942874998003,0.9980886203232877,1.0285697702519878,1.0520021859799729,0.9634906666620712,115.19155142575268,110.9859846770367,True,True
tiny/q2/mbrotli/256,2235.6384107167023,2139.783166471906,1.0447967091931298,1.0042198688694401,1.0901841157809637,1.0458416903659198,0.9990008227990755,74.56265301425948,74.48815171132719,False,False
tiny/q2/mbrotli-reused/256,1809.4170191078015,1677.241792620466,1.078805111504424,1.0065532659995045,1.1909833596621495,1.0458416903659198,1.0315185571986243,92.12643040453719,95.03012257074766,False,True
tiny/q2/mbrotli/64,1435.9105392138235,1449.1162082421451,0.990887087624021,0.9799637043960704,1.003945608978708,0.9870315278744565,1.0039062174213091,78.73823276783557,79.04580142439639,False,False
tiny/q2/mbrotli-reused/64,1153.0286600437187,1138.0644613954987,1.013148814637328,0.9792915743543841,1.0457809488386267,0.9870315278744565,1.0264604382183358,98.05572245369812,100.65031983963848,True,True
tiny/q3/mbrotli/1024,7550.1878146611325,7461.320661759864,1.0119103784611112,0.977912344563976,1.0465787386488106,1.0372135431972431,0.9756046718613659,80.22608398959495,78.26894234539117,False,False
tiny/q3/mbrotli-reused/1024,6382.928633925114,6578.784312872903,0.9702291989472048,0.9222054910344527,1.0058687846045953,1.0372135431972431,0.935418945607327,94.897191633449,88.76863093885731,False,False
tiny/q3/mbrotli/16,2182.728180817333,2128.4181108344783,1.02551663590269,1.0043361239544413,1.0427444020209642,1.006693669074739,1.0186978098762174,74.9059821254195,76.30655993779193,False,False
tiny/q3/mbrotli-reused/16,1625.2750068516616,1619.4945625331916,1.0035692891178518,0.9974511946011718,1.0098717634256806,1.006693669074739,0.9968963945509276,100.59798951419863,100.28577304577664,True,True
tiny/q3/mbrotli/256,5405.3883881609845,5347.392108760416,1.0108457128673163,0.9867762519168317,1.0274797379467393,1.026943205248801,0.9843248464966622,84.04220435567956,82.72482990164539,False,False
tiny/q3/mbrotli-reused/256,4893.186803520553,4782.446188616072,1.023155642643316,0.9300584880780799,1.1313806498231709,1.026943205248801,0.996311809079483,92.83944672065178,92.49703711619085,False,False
tiny/q3/mbrotli/64,2814.50797422173,2727.568155844156,1.031874480639941,0.9894083570349206,1.0733776128069035,0.9802020394428635,1.0527161127173816,69.40945986574943,73.06845677568485,False,False
tiny/q3/mbrotli-reused/64,2119.5948101271697,2218.9684222222227,0.9552163018185118,0.8947750500968,0.9966892550902253,0.9802020394428635,0.9745096045315788,92.1654824522118,89.81614785596709,False,False
tiny/q4/mbrotli/1024,11238.308271496739,11432.908650063297,0.9829789264899373,0.9609076016790737,1.0089889023602945,1.0084876037231363,0.974706008146232,80.38454344824186,78.35129746109317,False,False
tiny/q4/mbrotli-reused/1024,10743.641053688141,10339.568948412696,1.0390801693273177,1.011197629459124,1.0664232250815024,1.0084876037231363,1.0303350933528976,84.08567216835168,86.63641888321978,False,False
tiny/q4/mbrotli/16,3549.5761917860996,3581.713135934138,0.9910274935684773,0.9827066759730203,1.0000545051607097,1.0095471830724265,0.9816554492801545,73.71409438380569,72.36184244061448,False,False
tiny/q4/mbrotli-reused/16,2926.626095997016,2952.2726945147356,0.991312930351803,0.9763753386739754,1.0050186368131546,1.0095471830724265,0.9819381867174054,89.40458597759216,87.78977703905721,False,False
tiny/q4/mbrotli/256,9378.079976514415,9424.894440930884,0.995032892441409,0.9643508948440211,1.0283852440204624,1.0151044244781884,0.9802271258475728,80.91473369923688,79.3148168527247,False,False
tiny/q4/mbrotli-reused/256,8648.70615747289,8566.28411785528,1.0096216794217474,0.9861140261064333,1.0391403848386367,1.0151044244781884,0.9945988364110823,87.73853916335786,87.26464896028389,False,False
tiny/q4/mbrotli/64,5946.822538394145,5897.621611781075,1.008342503105792,0.9774149786547554,1.0464156459008689,1.0206736027789725,0.9879186650466841,78.92002555443675,77.96656629118935,False,False
tiny/q4/mbrotli-reused/64,5102.35508117397,5080.307717696629,1.0043397693018754,0.9900975087939449,1.020172713575786,1.0206736027789725,0.9839970060628342,91.98171809512375,90.5097352181174,False,False
tiny/q5/mbrotli/1024,16130.6831452726,16676.86799084799,0.9672489555068058,0.9319556139657202,1.0012207422530415,1.058172291530646,0.914075111632039,63.26643769575562,57.83027609930926,False,False
tiny/q5/mbrotli-reused/1024,14412.445098576467,14701.762096399538,0.9803209305166267,0.932535413879376,1.0401424580852057,1.058172291530646,0.9264284638360667,70.8090024433927,65.59947535939659,False,False
tiny/q5/mbrotli/16,4141.211864098447,4176.867777336861,0.9914634804980235,0.9245583358192572,1.0475547361217947,0.9953019037928089,0.9961434583012868,66.2714002557388,66.01582183722043,False,False
tiny/q5/mbrotli-reused/16,3192.3183937783447,3087.914811576355,1.0338103829194343,1.0047302283227,1.0628685658209336,0.9953019037928089,1.0386902496417225,85.97009293445123,89.29629729180724,False,False
tiny/q5/mbrotli/256,11719.779329639614,11518.327214336587,1.0174897024154934,0.9865067736465413,1.0477176056734037,1.0089011731980655,1.0085127557045093,70.49366406132141,71.09375940219118,False,False
tiny/q5/mbrotli-reused/256,10079.49030915467,10275.66319674647,0.9809089803902961,0.9473074793964765,1.0135204166700922,1.0089011731980655,0.9722547722696779,81.96547261780357,79.69132191399913,False,False
tiny/q5/mbrotli/64,7055.737616877481,7233.677745209638,0.9754011535211126,0.9501711458791536,0.9983908553911023,1.0049736496012487,0.9705738592331552,76.28446633155859,74.03970888696252,False,False
tiny/q5/mbrotli-reused/64,5948.9990368220315,5953.617462433862,0.999224265643372,0.9887632571962958,1.0086330059296345,1.0049736496012487,0.994279069943617,90.47625917359912,89.95865082310378,False,False
tiny/q6/mbrotli/1024,16703.14586493239,16882.000591233438,0.989405596491098,0.9554838757539407,1.0262693121202853,0.9961036417894218,0.9932757546330309,60.29176416914016,59.88634755325942,False,False
tiny/q6/mbrotli-reused/1024,14392.389484126985,14903.94335000667,0.9656766096149006,0.9215771789087239,1.0060510867771262,0.9961036417894218,0.9694539494706982,69.97185092037125,67.83448722652882,False,False
tiny/q6/mbrotli/16,4045.7507664526483,4168.722250124008,0.9705013967606738,0.9342716703149418,1.0040358949352441,1.027498501253217,0.9445282845444298,69.9588721546606,66.07813350490466,False,False
tiny/q6/mbrotli-reused/16,3123.18685994062,3132.1044606038295,0.9971528405979504,0.9706884705500302,1.026662113533655,1.027498501253217,0.9704664672325511,90.62415197445542,87.94770061259557,False,False
tiny/q6/mbrotli/256,11306.103636656746,11760.985767781796,0.9613227887435115,0.9277176878602857,0.9958266888614393,1.0234156332988913,0.9393278326663538,73.83822697433004,69.35830171172374,False,False
tiny/q6/mbrotli-reused/256,10250.433900598491,10080.304646647048,1.0168773920942986,0.9859770973925263,1.0467056205345122,1.0234156332988913,0.9936113530105876,81.44266424370741,80.92235581197713,False,False
tiny/q6/mbrotli/64,7097.249937417655,7278.532611716708,0.975093513490998,0.9527686435959924,0.9985911166247237,1.0326178613173587,0.944292704996431,78.00687775766436,73.66132560611081,False,False
tiny/q6/mbrotli-reused/64,6172.311369323192,6083.666013038548,1.0145710425415626,0.9733310105243362,1.0589300415033844,1.0326178613173587,0.9825232358921501,89.6964322045272,88.12882881757292,False,False
tiny/q7/mbrotli/1024,16994.803717516505,20249.471131879538,0.8392714855036839,0.7216325248939375,0.9866737413014537,1.0149255165927726,0.8269291408902788,60.99179796825521,50.435895095242735,False,False
tiny/q7/mbrotli-reused/1024,14531.057153954802,14413.22999062617,1.008174931185117,0.9903172875116756,1.026370884060958,1.0149255165927726,0.9933486888473171,71.33298175534404,70.85852389824059,False,False
tiny/q7/mbrotli/16,4016.054613420861,3975.524425341252,1.0101949287045646,0.984200266503351,1.0407958407834124,1.0208085507157838,0.9896027301066621,68.2268218738976,67.51744919291001,False,False
tiny/q7/mbrotli-reused/16,3199.423361581921,3144.00819161994,1.0176256442682576,0.9911755348440439,1.0492289097867218,1.0208085507157838,0.9968819751310917,85.64125837045589,85.3742267970522,False,False
tiny/q7/mbrotli/256,12002.057258225586,12081.020185774945,0.9934638858030934,0.9379533939461452,1.0488313488849317,1.0003328575042454,0.9931333139268368,70.06703048298051,69.58590218057513,False,False
tiny/q7/mbrotli-reused/256,10561.847512458471,10503.916791907515,1.0055151541752108,0.9854913441437622,1.02573008855128,1.0003328575042454,1.0051805722786062,79.6213456763705,80.03382981256682,False,False
tiny/q7/mbrotli/64,7281.981755912539,7188.920432900432,1.0129451040501445,0.9807787090634753,1.044778074224573,1.0724361571083063,0.9445271845192426,78.00979418489379,73.68237126638331,False,False
tiny/q7/mbrotli-reused/64,6111.7781871558145,6109.368659259259,1.0003943988374155,0.9695018879887449,1.0452983356450756,1.0724361571083063,0.932824198630954,92.94609206052431,86.70236384223746,False,False
tiny/q8/mbrotli/1024,18479.75113452381,17192.115043116606,1.0748968982686484,1.0456384138821913,1.103221523748864,1.0785780289188298,0.9965870520708906,61.938954221090555,61.727559795550484,False,False
tiny/q8/mbrotli-reused/1024,15790.548987595039,15313.482818121693,1.0311533421325156,0.9695264332909044,1.09443959546737,1.0785780289188298,0.9560303607947097,72.48743919148222,69.30019264331733,False,False
tiny/q8/mbrotli/16,3904.201884611306,3990.571361530662,0.978356613854356,0.9593824257568683,0.9959682641197272,0.9999997506831024,0.9783568577752526,69.19778742227422,67.7001298674561,False,False
tiny/q8/mbrotli-reused/16,3197.349692664166,3211.7306397181783,0.9955223682596016,0.9387284720045126,1.047503631139979,0.9999997506831024,0.9955226164602118,84.49564734342995,84.11732792283073,False,False
tiny/q8/mbrotli/256,12191.974190749861,11678.520219161739,1.0439656704747287,1.022090060113508,1.0643150929042877,1.0397783655269317,1.0040271129758263,69.56880566817722,69.84896710819628,False,False
tiny/q8/mbrotli-reused/256,10691.408767764859,10496.678840155944,1.0185515752719763,0.9956156984573296,1.0442646592430846,1.0397783655269317,0.9795852741711948,79.33295804244418,77.71339745481957,False,False
tiny/q8/mbrotli/64,7074.959169322586,7094.5399279365065,0.9972400241858085,0.9818117057039416,1.0126557978125892,1.0272800118927474,0.9707577414539678,77.2717055490367,75.01210635707889,False,False
tiny/q8/mbrotli-reused/64,6112.1666807644115,6100.087272025141,1.0019802026103244,0.9795617375175335,1.0315930728136011,1.0272800118927474,0.9753720417125527,89.44359508778652,87.24078195888518,False,False
tiny/q9/mbrotli/1024,19722.84615459304,18892.285905257937,1.0439629303462927,1.02476987557985,1.066457243113808,0.980282397356335,1.0649614163854149,707.7976260164153,753.7771623166758,True,True
tiny/q9/mbrotli-reused/1024,16853.32390285126,16637.914340036987,1.0129469089942313,0.9985219493151779,1.0294237819269405,0.980282397356335,1.0333215323726992,828.3104132441322,855.9109854936903,True,True
tiny/q9/mbrotli/16,4236.838052746974,4083.6631768325315,1.0375091845927538,0.9907391489123156,1.0832006375729921,1.0141043661777145,1.0230792995234357,454.5984390828348,465.0902526213139,True,True
tiny/q9/mbrotli-reused/16,3281.3151133489,3208.189293831169,1.0227934865496684,0.9782276773676727,1.085133663218275,1.0141043661777145,1.0085682703494359,586.9780557161428,592.007442386705,True,True
tiny/q9/mbrotli/256,13458.605688106263,12549.661543797763,1.0724277815091925,1.0236502997761645,1.1381357783648973,0.9909993244367749,1.0821680248053618,955.248804174378,1033.7397116110706,True,True
tiny/q9/mbrotli-reused/256,11568.89065387726,11221.133944152303,1.0309912270413797,1.0041908991072535,1.0567155978579508,0.9909993244367749,1.0403551260010535,1111.283473416637,1156.1294580092538,True,True
tiny/q9/mbrotli/64,7539.735886626001,7403.863498080927,1.0183515523456492,0.9809289201589363,1.0540917035323931,0.9902826128869573,1.0283443727007013,743.2189209956186,764.2849950905315,True,True
tiny/q9/mbrotli-reused/64,6333.129175071649,6317.252306805075,1.0025132553672855,0.9815329947719621,1.025605937043835,0.9902826128869573,1.012350658611154,884.8192126424966,895.7473126704341,True,True
universal/q0/mbrotli/binary-16KiB,172913.27773088022,170547.94994227996,1.0138689898612137,1.0020477707295445,1.026504510888461,1.013777934833171,1.0000898175279949,91.44594160255927,91.45415505097918,False,False
universal/q0/mbrotli/empty,29.55109090856635,29.99317374584557,0.9852605515833264,0.9439781080847007,1.0266134232031228,1.0181734617374107,0.9676745550822727,504.750563303466,488.43427677220797,True,True
universal/q1/mbrotli/binary-16KiB,159869.9569808201,154894.48440145503,1.0321216897980026,1.0129675604509647,1.0525685057761114,1.0090044372638156,1.0229109523015334,86.45004363428222,88.43069646045274,False,False
universal/q1/mbrotli/empty,29.7134822942962,29.78991393590732,0.997434311432535,0.9507362672660993,1.035625170061484,1.0496288691384095,0.9502733211323365,502.8227689404751,477.81906258202275,True,True
universal/q11/mbrotli/binary-16KiB,23331470.5,23938668.8,0.9746352520654782,0.9677731350385731,0.9808833932040147,1.0213127897789014,0.9542965307195181,98.31843946569934,93.82494568787384,True,False
universal/q11/mbrotli/empty,29.21147019490615,28.97106232828756,1.008298206806999,1.0016594313637854,1.0161747355444375,1.0356323557887974,0.973606320014037,401.0074314367271,390.4233696193931,True,True
universal/q5/mbrotli/binary-16KiB,92319.90181405896,88849.79857142858,1.0390558369115568,1.0076670227256164,1.0751933126678546,1.0152545565160873,1.0234436577927266,69.42842652296171,71.05608279545349,False,False
universal/q5/mbrotli/empty,29.27878092345079,29.547949563985497,0.9908904460544097,0.9635575318349782,1.0110366485083118,0.753211781372228,1.315553567482933,405.35115695417966,533.2611606144054,True,True
