corpus,quality,mode,input_bytes,compressed_bytes,pair,order,iterations,before_ns,after_ns,retained_before,retained_after
empty,0,reused,0,1,0,AB,410256,7.714,7.881,0,0
empty,0,reused,0,1,1,BA,410256,8.010,8.500,0,0
empty,0,reused,0,1,2,BA,410256,7.537,7.279,0,0
empty,0,reused,0,1,3,AB,410256,7.502,7.438,0,0
empty,0,reused,0,1,4,AB,410256,7.732,7.413,0,0
empty,0,reused,0,1,5,BA,410256,7.544,7.247,0,0
empty,0,reused,0,1,6,BA,410256,7.533,7.402,0,0
empty,0,reused,0,1,7,AB,410256,7.222,7.296,0,0
empty,0,reused,0,1,8,AB,410256,7.064,7.455,0,0
empty,0,reused,0,1,9,BA,410256,7.286,7.025,0,0
empty,0,reused,0,1,10,BA,410256,7.833,7.614,0,0
empty,0,reused,0,1,11,AB,410256,7.822,7.681,0,0
empty,0,reused,0,1,12,AB,410256,7.429,7.206,0,0
empty,0,reused,0,1,13,BA,410256,7.967,7.396,0,0
empty,0,reused,0,1,14,BA,410256,7.472,7.717,0,0
empty,0,reused,0,1,15,AB,410256,7.852,8.030,0,0
empty,1,reused,0,1,0,AB,941176,7.743,8.087,0,0
empty,1,reused,0,1,1,BA,941176,8.379,7.888,0,0
empty,1,reused,0,1,2,BA,941176,8.107,7.664,0,0
empty,1,reused,0,1,3,AB,941176,7.598,7.491,0,0
empty,1,reused,0,1,4,AB,941176,6.947,7.457,0,0
empty,1,reused,0,1,5,BA,941176,7.752,7.446,0,0
empty,1,reused,0,1,6,BA,941176,7.491,7.481,0,0
empty,1,reused,0,1,7,AB,941176,7.718,7.309,0,0
empty,1,reused,0,1,8,AB,941176,8.082,7.798,0,0
empty,1,reused,0,1,9,BA,941176,7.268,7.524,0,0
empty,1,reused,0,1,10,BA,941176,7.455,7.456,0,0
empty,1,reused,0,1,11,AB,941176,7.412,7.355,0,0
empty,1,reused,0,1,12,AB,941176,7.475,7.300,0,0
empty,1,reused,0,1,13,BA,941176,7.415,7.726,0,0
empty,1,reused,0,1,14,BA,941176,7.393,7.338,0,0
empty,1,reused,0,1,15,AB,941176,7.692,7.603,0,0
empty,2,reused,0,1,0,AB,754716,8.581,7.448,0,0
empty,2,reused,0,1,1,BA,754716,8.199,7.520,0,0
empty,2,reused,0,1,2,BA,754716,7.662,7.223,0,0
empty,2,reused,0,1,3,AB,754716,8.144,7.564,0,0
empty,2,reused,0,1,4,AB,754716,8.352,7.561,0,0
empty,2,reused,0,1,5,BA,754716,8.017,7.544,0,0
empty,2,reused,0,1,6,BA,754716,8.868,7.571,0,0
empty,2,reused,0,1,7,AB,754716,8.272,7.719,0,0
empty,2,reused,0,1,8,AB,754716,8.970,7.656,0,0
empty,2,reused,0,1,9,BA,754716,8.123,7.837,0,0
empty,2,reused,0,1,10,BA,754716,7.937,7.423,0,0
empty,2,reused,0,1,11,AB,754716,7.733,7.278,0,0
empty,2,reused,0,1,12,AB,754716,7.787,7.222,0,0
empty,2,reused,0,1,13,BA,754716,7.928,7.348,0,0
empty,2,reused,0,1,14,BA,754716,7.670,7.330,0,0
empty,2,reused,0,1,15,AB,754716,9.078,8.010,0,0
empty,3,reused,0,1,0,AB,645161,8.771,7.524,0,0
empty,3,reused,0,1,1,BA,645161,8.325,7.544,0,0
empty,3,reused,0,1,2,BA,645161,8.101,7.622,0,0
empty,3,reused,0,1,3,AB,645161,8.640,7.457,0,0
empty,3,reused,0,1,4,AB,645161,8.924,7.384,0,0
empty,3,reused,0,1,5,BA,645161,8.597,7.420,0,0
empty,3,reused,0,1,6,BA,645161,8.008,7.514,0,0
empty,3,reused,0,1,7,AB,645161,8.594,7.956,0,0
empty,3,reused,0,1,8,AB,645161,8.084,8.853,0,0
empty,3,reused,0,1,9,BA,645161,9.200,8.580,0,0
empty,3,reused,0,1,10,BA,645161,9.115,8.388,0,0
empty,3,reused,0,1,11,AB,645161,8.207,7.554,0,0
empty,3,reused,0,1,12,AB,645161,8.409,7.728,0,0
empty,3,reused,0,1,13,BA,645161,7.866,7.566,0,0
empty,3,reused,0,1,14,BA,645161,8.540,8.129,0,0
empty,3,reused,0,1,15,AB,645161,9.127,7.432,0,0
empty,4,reused,0,1,0,AB,952380,8.782,7.947,0,0
empty,4,reused,0,1,1,BA,952380,8.283,7.600,0,0
empty,4,reused,0,1,2,BA,952380,7.612,7.559,0,0
empty,4,reused,0,1,3,AB,952380,7.431,7.256,0,0
empty,4,reused,0,1,4,AB,952380,8.356,7.475,0,0
empty,4,reused,0,1,5,BA,952380,7.646,7.410,0,0
empty,4,reused,0,1,6,BA,952380,7.861,7.213,0,0
empty,4,reused,0,1,7,AB,952380,7.933,7.498,0,0
empty,4,reused,0,1,8,AB,952380,8.064,7.633,0,0
empty,4,reused,0,1,9,BA,952380,8.172,7.359,0,0
empty,4,reused,0,1,10,BA,952380,7.782,7.131,0,0
empty,4,reused,0,1,11,AB,952380,7.848,7.250,0,0
empty,4,reused,0,1,12,AB,952380,7.558,7.551,0,0
empty,4,reused,0,1,13,BA,952380,7.696,7.347,0,0
empty,4,reused,0,1,14,BA,952380,7.886,7.129,0,0
empty,4,reused,0,1,15,AB,952380,8.049,7.310,0,0
empty,5,reused,0,1,0,AB,714285,8.443,7.245,0,0
empty,5,reused,0,1,1,BA,714285,8.057,7.108,0,0
empty,5,reused,0,1,2,BA,714285,7.949,7.230,0,0
empty,5,reused,0,1,3,AB,714285,7.724,7.339,0,0
empty,5,reused,0,1,4,AB,714285,8.150,7.378,0,0
empty,5,reused,0,1,5,BA,714285,7.966,7.218,0,0
empty,5,reused,0,1,6,BA,714285,7.763,7.440,0,0
empty,5,reused,0,1,7,AB,714285,8.198,6.996,0,0
empty,5,reused,0,1,8,AB,714285,8.045,7.164,0,0
empty,5,reused,0,1,9,BA,714285,7.379,7.427,0,0
empty,5,reused,0,1,10,BA,714285,8.265,6.952,0,0
empty,5,reused,0,1,11,AB,714285,7.758,7.445,0,0
empty,5,reused,0,1,12,AB,714285,7.550,7.064,0,0
empty,5,reused,0,1,13,BA,714285,8.282,7.116,0,0
empty,5,reused,0,1,14,BA,714285,7.894,7.223,0,0
empty,5,reused,0,1,15,AB,714285,7.967,7.138,0,0
empty,6,reused,0,1,0,AB,1212121,8.054,7.504,0,0
empty,6,reused,0,1,1,BA,1212121,7.869,7.435,0,0
empty,6,reused,0,1,2,BA,1212121,8.150,7.257,0,0
empty,6,reused,0,1,3,AB,1212121,8.642,7.833,0,0
empty,6,reused,0,1,4,AB,1212121,8.787,7.677,0,0
empty,6,reused,0,1,5,BA,1212121,8.135,7.580,0,0
empty,6,reused,0,1,6,BA,1212121,8.032,7.806,0,0
empty,6,reused,0,1,7,AB,1212121,7.749,7.321,0,0
empty,6,reused,0,1,8,AB,1212121,8.276,7.500,0,0
empty,6,reused,0,1,9,BA,1212121,7.784,7.703,0,0
empty,6,reused,0,1,10,BA,1212121,8.099,7.263,0,0
empty,6,reused,0,1,11,AB,1212121,8.127,7.563,0,0
empty,6,reused,0,1,12,AB,1212121,7.653,7.463,0,0
empty,6,reused,0,1,13,BA,1212121,8.684,7.581,0,0
empty,6,reused,0,1,14,BA,1212121,8.377,7.775,0,0
empty,6,reused,0,1,15,AB,1212121,8.307,7.508,0,0
empty,7,reused,0,1,0,AB,792079,8.417,7.575,0,0
empty,7,reused,0,1,1,BA,792079,7.685,7.424,0,0
empty,7,reused,0,1,2,BA,792079,8.344,7.416,0,0
empty,7,reused,0,1,3,AB,792079,8.866,7.989,0,0
empty,7,reused,0,1,4,AB,792079,8.001,7.662,0,0
empty,7,reused,0,1,5,BA,792079,8.199,7.482,0,0
empty,7,reused,0,1,6,BA,792079,8.028,7.447,0,0
empty,7,reused,0,1,7,AB,792079,8.496,7.743,0,0
empty,7,reused,0,1,8,AB,792079,8.892,7.633,0,0
empty,7,reused,0,1,9,BA,792079,8.371,7.143,0,0
empty,7,reused,0,1,10,BA,792079,8.054,7.392,0,0
empty,7,reused,0,1,11,AB,792079,8.129,7.294,0,0
empty,7,reused,0,1,12,AB,792079,8.092,7.378,0,0
empty,7,reused,0,1,13,BA,792079,8.097,7.585,0,0
empty,7,reused,0,1,14,BA,792079,8.197,7.714,0,0
empty,7,reused,0,1,15,AB,792079,8.198,7.447,0,0
empty,8,reused,0,1,0,AB,879120,7.861,7.565,0,0
empty,8,reused,0,1,1,BA,879120,8.173,7.444,0,0
empty,8,reused,0,1,2,BA,879120,7.431,7.685,0,0
empty,8,reused,0,1,3,AB,879120,7.959,7.706,0,0
empty,8,reused,0,1,4,AB,879120,7.864,7.437,0,0
empty,8,reused,0,1,5,BA,879120,8.096,6.890,0,0
empty,8,reused,0,1,6,BA,879120,7.844,7.566,0,0
empty,8,reused,0,1,7,AB,879120,7.445,7.379,0,0
empty,8,reused,0,1,8,AB,879120,8.083,6.989,0,0
empty,8,reused,0,1,9,BA,879120,8.325,7.896,0,0
empty,8,reused,0,1,10,BA,879120,8.311,7.705,0,0
empty,8,reused,0,1,11,AB,879120,8.216,7.290,0,0
empty,8,reused,0,1,12,AB,879120,7.975,7.229,0,0
empty,8,reused,0,1,13,BA,879120,7.584,7.530,0,0
empty,8,reused,0,1,14,BA,879120,7.686,7.485,0,0
empty,8,reused,0,1,15,AB,879120,7.935,7.587,0,0
empty,9,reused,0,1,0,AB,769230,7.588,7.367,0,0
empty,9,reused,0,1,1,BA,769230,8.279,7.316,0,0
empty,9,reused,0,1,2,BA,769230,8.083,7.947,0,0
empty,9,reused,0,1,3,AB,769230,8.495,7.552,0,0
empty,9,reused,0,1,4,AB,769230,8.293,8.208,0,0
empty,9,reused,0,1,5,BA,769230,8.356,7.440,0,0
empty,9,reused,0,1,6,BA,769230,8.059,7.425,0,0
empty,9,reused,0,1,7,AB,769230,7.936,7.826,0,0
empty,9,reused,0,1,8,AB,769230,8.787,8.052,0,0
empty,9,reused,0,1,9,BA,769230,7.836,7.511,0,0
empty,9,reused,0,1,10,BA,769230,8.383,7.903,0,0
empty,9,reused,0,1,11,AB,769230,7.905,7.543,0,0
empty,9,reused,0,1,12,AB,769230,8.503,7.441,0,0
empty,9,reused,0,1,13,BA,769230,7.703,8.693,0,0
empty,9,reused,0,1,14,BA,769230,8.126,7.468,0,0
empty,9,reused,0,1,15,AB,769230,8.005,7.140,0,0
empty,10,reused,0,1,0,AB,860215,8.291,7.528,0,0
empty,10,reused,0,1,1,BA,860215,7.874,7.255,0,0
empty,10,reused,0,1,2,BA,860215,7.909,7.576,0,0
empty,10,reused,0,1,3,AB,860215,8.389,7.540,0,0
empty,10,reused,0,1,4,AB,860215,7.343,7.616,0,0
empty,10,reused,0,1,5,BA,860215,8.238,7.352,0,0
empty,10,reused,0,1,6,BA,860215,8.245,8.068,0,0
empty,10,reused,0,1,7,AB,860215,7.991,7.381,0,0
empty,10,reused,0,1,8,AB,860215,7.690,7.645,0,0
empty,10,reused,0,1,9,BA,860215,7.644,7.421,0,0
empty,10,reused,0,1,10,BA,860215,8.104,7.436,0,0
empty,10,reused,0,1,11,AB,860215,7.755,7.302,0,0
empty,10,reused,0,1,12,AB,860215,7.433,7.460,0,0
empty,10,reused,0,1,13,BA,860215,7.571,7.361,0,0
empty,10,reused,0,1,14,BA,860215,8.432,8.255,0,0
empty,10,reused,0,1,15,AB,860215,8.159,7.250,0,0
empty,11,reused,0,1,0,AB,930232,9.949,7.507,0,0
empty,11,reused,0,1,1,BA,930232,8.269,8.005,0,0
empty,11,reused,0,1,2,BA,930232,8.435,7.493,0,0
empty,11,reused,0,1,3,AB,930232,7.902,8.241,0,0
empty,11,reused,0,1,4,AB,930232,8.732,7.014,0,0
empty,11,reused,0,1,5,BA,930232,9.382,7.503,0,0
empty,11,reused,0,1,6,BA,930232,8.424,7.938,0,0
empty,11,reused,0,1,7,AB,930232,7.871,7.409,0,0
empty,11,reused,0,1,8,AB,930232,8.158,7.867,0,0
empty,11,reused,0,1,9,BA,930232,8.048,7.481,0,0
empty,11,reused,0,1,10,BA,930232,8.064,7.416,0,0
empty,11,reused,0,1,11,AB,930232,7.822,7.445,0,0
empty,11,reused,0,1,12,AB,930232,8.706,7.701,0,0
empty,11,reused,0,1,13,BA,930232,7.874,7.581,0,0
empty,11,reused,0,1,14,BA,930232,7.946,7.228,0,0
empty,11,reused,0,1,15,AB,930232,8.180,7.115,0,0
tiny-text,0,reused,44,48,0,AB,404040,36.817,39.011,0,0
tiny-text,0,reused,44,48,1,BA,404040,37.279,36.924,0,0
tiny-text,0,reused,44,48,2,BA,404040,37.217,37.494,0,0
tiny-text,0,reused,44,48,3,AB,404040,38.280,40.569,0,0
tiny-text,0,reused,44,48,4,AB,404040,38.216,39.717,0,0
tiny-text,0,reused,44,48,5,BA,404040,36.916,37.485,0,0
tiny-text,0,reused,44,48,6,BA,404040,36.706,37.032,0,0
tiny-text,0,reused,44,48,7,AB,404040,38.403,36.911,0,0
tiny-text,0,reused,44,48,8,AB,404040,37.902,36.603,0,0
tiny-text,0,reused,44,48,9,BA,404040,39.038,36.784,0,0
tiny-text,0,reused,44,48,10,BA,404040,36.846,37.124,0,0
tiny-text,0,reused,44,48,11,AB,404040,36.659,37.613,0,0
tiny-text,0,reused,44,48,12,AB,404040,41.217,38.409,0,0
tiny-text,0,reused,44,48,13,BA,404040,36.746,37.744,0,0
tiny-text,0,reused,44,48,14,BA,404040,37.008,36.673,0,0
tiny-text,0,reused,44,48,15,AB,404040,36.672,37.932,0,0
tiny-text,1,reused,44,48,0,AB,17644,1671.808,1733.093,660456,660456
tiny-text,1,reused,44,48,1,BA,17644,1660.687,1686.881,660456,660456
tiny-text,1,reused,44,48,2,BA,17644,1757.126,1734.849,660456,660456
tiny-text,1,reused,44,48,3,AB,17644,1723.084,1764.579,660456,660456
tiny-text,1,reused,44,48,4,AB,17644,1685.035,1695.633,660456,660456
tiny-text,1,reused,44,48,5,BA,17644,1690.964,1718.351,660456,660456
tiny-text,1,reused,44,48,6,BA,17644,1741.258,1700.801,660456,660456
tiny-text,1,reused,44,48,7,AB,17644,1686.904,1701.269,660456,660456
tiny-text,1,reused,44,48,8,AB,17644,1767.928,1689.565,660456,660456
tiny-text,1,reused,44,48,9,BA,17644,1699.940,1702.406,660456,660456
tiny-text,1,reused,44,48,10,BA,17644,1704.040,1726.479,660456,660456
tiny-text,1,reused,44,48,11,AB,17644,1706.091,1722.624,660456,660456
tiny-text,1,reused,44,48,12,AB,17644,1695.520,1696.515,660456,660456
tiny-text,1,reused,44,48,13,BA,17644,1695.825,1701.764,660456,660456
tiny-text,1,reused,44,48,14,BA,17644,1660.918,1704.077,660456,660456
tiny-text,1,reused,44,48,15,AB,17644,1658.513,1743.281,660456,660456
tiny-text,2,reused,44,48,0,AB,17957,952.015,927.752,267932,267932
tiny-text,2,reused,44,48,1,BA,17957,942.261,1035.282,267932,267932
tiny-text,2,reused,44,48,2,BA,17957,932.434,933.067,267932,267932
tiny-text,2,reused,44,48,3,AB,17957,944.409,945.000,267932,267932
tiny-text,2,reused,44,48,4,AB,17957,973.727,942.364,267932,267932
tiny-text,2,reused,44,48,5,BA,17957,962.392,969.196,267932,267932
tiny-text,2,reused,44,48,6,BA,17957,947.744,927.009,267932,267932
tiny-text,2,reused,44,48,7,AB,17957,975.524,967.506,267932,267932
tiny-text,2,reused,44,48,8,AB,17957,948.536,940.074,267932,267932
tiny-text,2,reused,44,48,9,BA,17957,964.400,921.328,267932,267932
tiny-text,2,reused,44,48,10,BA,17957,938.603,976.905,267932,267932
tiny-text,2,reused,44,48,11,AB,17957,945.503,954.090,267932,267932
tiny-text,2,reused,44,48,12,AB,17957,948.862,972.030,267932,267932
tiny-text,2,reused,44,48,13,BA,17957,978.083,942.673,267932,267932
tiny-text,2,reused,44,48,14,BA,17957,982.695,967.897,267932,267932
tiny-text,2,reused,44,48,15,AB,17957,955.673,1039.642,267932,267932
tiny-text,3,reused,44,46,0,AB,17196,2056.041,1961.095,270464,270464
tiny-text,3,reused,44,46,1,BA,17196,1937.638,1970.519,270464,270464
tiny-text,3,reused,44,46,2,BA,17196,1877.367,1948.672,270464,270464
tiny-text,3,reused,44,46,3,AB,17196,1988.920,2056.849,270464,270464
tiny-text,3,reused,44,46,4,AB,17196,1959.596,1949.769,270464,270464
tiny-text,3,reused,44,46,5,BA,17196,1936.403,2015.720,270464,270464
tiny-text,3,reused,44,46,6,BA,17196,1887.517,2029.564,270464,270464
tiny-text,3,reused,44,46,7,AB,17196,1887.356,2044.209,270464,270464
tiny-text,3,reused,44,46,8,AB,17196,1955.040,2000.486,270464,270464
tiny-text,3,reused,44,46,9,BA,17196,1946.591,1939.085,270464,270464
tiny-text,3,reused,44,46,10,BA,17196,1899.359,1928.714,270464,270464
tiny-text,3,reused,44,46,11,AB,17196,1973.729,1949.588,270464,270464
tiny-text,3,reused,44,46,12,AB,17196,1930.145,1985.488,270464,270464
tiny-text,3,reused,44,46,13,BA,17196,2018.737,1989.770,270464,270464
tiny-text,3,reused,44,46,14,BA,17196,1930.503,2038.312,270464,270464
tiny-text,3,reused,44,46,15,AB,17196,1913.855,2040.701,270464,270464
tiny-text,4,reused,44,48,0,AB,5422,4614.381,4663.536,544500,544500
tiny-text,4,reused,44,48,1,BA,5422,4462.780,4557.761,544500,544500
tiny-text,4,reused,44,48,2,BA,5422,4503.800,4642.901,544500,544500
tiny-text,4,reused,44,48,3,AB,5422,4524.716,4734.473,544500,544500
tiny-text,4,reused,44,48,4,AB,5422,4533.184,4550.817,544500,544500
tiny-text,4,reused,44,48,5,BA,5422,4527.622,4537.671,544500,544500
tiny-text,4,reused,44,48,6,BA,5422,4728.347,4741.343,544500,544500
tiny-text,4,reused,44,48,7,AB,5422,4527.158,4834.325,544500,544500
tiny-text,4,reused,44,48,8,AB,5422,4453.520,4515.327,544500,544500
tiny-text,4,reused,44,48,9,BA,5422,4667.656,4648.730,544500,544500
tiny-text,4,reused,44,48,10,BA,5422,4537.180,4614.942,544500,544500
tiny-text,4,reused,44,48,11,AB,5422,4562.807,5123.129,544500,544500
tiny-text,4,reused,44,48,12,AB,5422,4633.882,4616.907,544500,544500
tiny-text,4,reused,44,48,13,BA,5422,4459.771,4754.714,544500,544500
tiny-text,4,reused,44,48,14,BA,5422,4647.047,4635.428,544500,544500
tiny-text,4,reused,44,48,15,AB,5422,4391.406,4832.612,544500,544500
tiny-text,5,reused,44,48,0,AB,7391,4632.019,4738.317,21588,21588
tiny-text,5,reused,44,48,1,BA,7391,4563.009,4687.860,21588,21588
tiny-text,5,reused,44,48,2,BA,7391,4497.319,4656.935,21588,21588
tiny-text,5,reused,44,48,3,AB,7391,4608.242,4617.099,21588,21588
tiny-text,5,reused,44,48,4,AB,7391,4435.625,4884.571,21588,21588
tiny-text,5,reused,44,48,5,BA,7391,4566.450,4751.979,21588,21588
tiny-text,5,reused,44,48,6,BA,7391,4669.872,4704.161,21588,21588
tiny-text,5,reused,44,48,7,AB,7391,4430.838,4584.513,21588,21588
tiny-text,5,reused,44,48,8,AB,7391,4479.562,4679.963,21588,21588
tiny-text,5,reused,44,48,9,BA,7391,4540.324,4792.364,21588,21588
tiny-text,5,reused,44,48,10,BA,7391,4890.649,4632.464,21588,21588
tiny-text,5,reused,44,48,11,AB,7391,4528.091,4904.656,21588,21588
tiny-text,5,reused,44,48,12,AB,7391,4468.879,4691.017,21588,21588
tiny-text,5,reused,44,48,13,BA,7391,4668.439,4719.102,21588,21588
tiny-text,5,reused,44,48,14,BA,7391,4531.197,4634.279,21588,21588
tiny-text,5,reused,44,48,15,AB,7391,4582.597,4591.103,21588,21588
tiny-text,6,reused,44,48,0,AB,8184,4531.215,4798.662,21588,21588
tiny-text,6,reused,44,48,1,BA,8184,4472.914,4776.154,21588,21588
tiny-text,6,reused,44,48,2,BA,8184,4488.727,4644.768,21588,21588
tiny-text,6,reused,44,48,3,AB,8184,4810.803,4782.911,21588,21588
tiny-text,6,reused,44,48,4,AB,8184,4642.237,4753.666,21588,21588
tiny-text,6,reused,44,48,5,BA,8184,4575.090,4681.053,21588,21588
tiny-text,6,reused,44,48,6,BA,8184,4431.931,4654.081,21588,21588
tiny-text,6,reused,44,48,7,AB,8184,4625.737,4682.054,21588,21588
tiny-text,6,reused,44,48,8,AB,8184,4687.285,4581.038,21588,21588
tiny-text,6,reused,44,48,9,BA,8184,4752.916,4650.916,21588,21588
tiny-text,6,reused,44,48,10,BA,8184,4519.907,4718.300,21588,21588
tiny-text,6,reused,44,48,11,AB,8184,4525.845,4643.229,21588,21588
tiny-text,6,reused,44,48,12,AB,8184,4570.797,4640.463,21588,21588
tiny-text,6,reused,44,48,13,BA,8184,4535.428,4603.601,21588,21588
tiny-text,6,reused,44,48,14,BA,8184,4718.215,4614.331,21588,21588
tiny-text,6,reused,44,48,15,AB,8184,4477.394,4567.719,21588,21588
tiny-text,7,reused,44,48,0,AB,7971,4546.612,4731.240,21588,21588
tiny-text,7,reused,44,48,1,BA,7971,4607.201,4799.478,21588,21588
tiny-text,7,reused,44,48,2,BA,7971,4639.571,4810.957,21588,21588
tiny-text,7,reused,44,48,3,AB,7971,4787.102,4847.795,21588,21588
tiny-text,7,reused,44,48,4,AB,7971,4669.696,4734.976,21588,21588
tiny-text,7,reused,44,48,5,BA,7971,4621.912,4727.937,21588,21588
tiny-text,7,reused,44,48,6,BA,7971,4603.257,4702.072,21588,21588
tiny-text,7,reused,44,48,7,AB,7971,4585.265,4708.011,21588,21588
tiny-text,7,reused,44,48,8,AB,7971,4612.215,4769.380,21588,21588
tiny-text,7,reused,44,48,9,BA,7971,4613.506,4719.635,21588,21588
tiny-text,7,reused,44,48,10,BA,7971,4730.984,4741.195,21588,21588
tiny-text,7,reused,44,48,11,AB,7971,4599.427,4714.118,21588,21588
tiny-text,7,reused,44,48,12,AB,7971,4525.844,4724.940,21588,21588
tiny-text,7,reused,44,48,13,BA,7971,4546.599,4721.793,21588,21588
tiny-text,7,reused,44,48,14,BA,7971,4588.319,4694.042,21588,21588
tiny-text,7,reused,44,48,15,AB,7971,4565.142,4751.914,21588,21588
tiny-text,8,reused,44,48,0,AB,7224,4705.918,4824.404,21588,21588
tiny-text,8,reused,44,48,1,BA,7224,4611.254,4694.328,21588,21588
tiny-text,8,reused,44,48,2,BA,7224,4579.638,4764.815,21588,21588
tiny-text,8,reused,44,48,3,AB,7224,4663.027,4859.416,21588,21588
tiny-text,8,reused,44,48,4,AB,7224,4627.356,4727.875,21588,21588
tiny-text,8,reused,44,48,5,BA,7224,4575.080,4786.475,21588,21588
tiny-text,8,reused,44,48,6,BA,7224,4657.724,4798.166,21588,21588
tiny-text,8,reused,44,48,7,AB,7224,4681.374,4675.747,21588,21588
tiny-text,8,reused,44,48,8,AB,7224,4630.889,4779.517,21588,21588
tiny-text,8,reused,44,48,9,BA,7224,4634.462,4716.090,21588,21588
tiny-text,8,reused,44,48,10,BA,7224,4698.444,4734.974,21588,21588
tiny-text,8,reused,44,48,11,AB,7224,4643.454,4739.231,21588,21588
tiny-text,8,reused,44,48,12,AB,7224,4633.427,4677.966,21588,21588
tiny-text,8,reused,44,48,13,BA,7224,4644.622,4710.272,21588,21588
tiny-text,8,reused,44,48,14,BA,7224,4655.284,4755.027,21588,21588
tiny-text,8,reused,44,48,15,AB,7224,4548.125,4700.539,21588,21588
tiny-text,9,reused,44,48,0,AB,7412,4861.656,4862.018,21588,21588
tiny-text,9,reused,44,48,1,BA,7412,4994.692,4901.001,21588,21588
tiny-text,9,reused,44,48,2,BA,7412,4830.525,4934.187,21588,21588
tiny-text,9,reused,44,48,3,AB,7412,4713.263,4827.979,21588,21588
tiny-text,9,reused,44,48,4,AB,7412,4693.920,4845.858,21588,21588
tiny-text,9,reused,44,48,5,BA,7412,4669.092,4891.326,21588,21588
tiny-text,9,reused,44,48,6,BA,7412,4745.501,4807.604,21588,21588
tiny-text,9,reused,44,48,7,AB,7412,4657.585,4798.610,21588,21588
tiny-text,9,reused,44,48,8,AB,7412,4684.210,4808.415,21588,21588
tiny-text,9,reused,44,48,9,BA,7412,4699.152,5112.441,21588,21588
tiny-text,9,reused,44,48,10,BA,7412,4809.086,4851.078,21588,21588
tiny-text,9,reused,44,48,11,AB,7412,4733.282,4805.887,21588,21588
tiny-text,9,reused,44,48,12,AB,7412,4790.395,4935.190,21588,21588
tiny-text,9,reused,44,48,13,BA,7412,4821.821,4839.933,21588,21588
tiny-text,9,reused,44,48,14,BA,7412,4759.956,5021.310,21588,21588
tiny-text,9,reused,44,48,15,AB,7412,4793.104,4993.904,21588,21588
tiny-text,10,reused,44,48,0,AB,261,141897.751,137758.625,779160,779160
tiny-text,10,reused,44,48,1,BA,261,143738.421,137820.969,779160,779160
tiny-text,10,reused,44,48,2,BA,261,138367.954,138018.176,779160,779160
tiny-text,10,reused,44,48,3,AB,261,139707.038,140947.483,779160,779160
tiny-text,10,reused,44,48,4,AB,261,139418.762,138176.050,779160,779160
tiny-text,10,reused,44,48,5,BA,261,143113.831,138376.138,779160,779160
tiny-text,10,reused,44,48,6,BA,261,139445.739,145310.410,779160,779160
tiny-text,10,reused,44,48,7,AB,261,138392.736,139102.762,779160,779160
tiny-text,10,reused,44,48,8,AB,261,140321.452,138156.989,779160,779160
tiny-text,10,reused,44,48,9,BA,261,142416.513,137822.874,779160,779160
tiny-text,10,reused,44,48,10,BA,261,138838.640,138521.054,779160,779160
tiny-text,10,reused,44,48,11,AB,261,141152.291,139333.506,779160,779160
tiny-text,10,reused,44,48,12,AB,261,139086.019,143178.000,779160,779160
tiny-text,10,reused,44,48,13,BA,261,147169.352,139654.594,779160,779160
tiny-text,10,reused,44,48,14,BA,261,138305.057,139475.943,779160,779160
tiny-text,10,reused,44,48,15,AB,261,142380.284,140314.724,779160,779160
tiny-text,11,reused,44,48,0,AB,250,146853.176,145886.184,780680,780680
tiny-text,11,reused,44,48,1,BA,250,144039.348,146061.052,780680,780680
tiny-text,11,reused,44,48,2,BA,250,147445.900,151761.984,780680,780680
tiny-text,11,reused,44,48,3,AB,250,144737.856,147497.176,780680,780680
tiny-text,11,reused,44,48,4,AB,250,150786.964,148167.228,780680,780680
tiny-text,11,reused,44,48,5,BA,250,148555.960,148399.908,780680,780680
tiny-text,11,reused,44,48,6,BA,250,145395.268,144725.308,780680,780680
tiny-text,11,reused,44,48,7,AB,250,151366.116,148296.332,780680,780680
tiny-text,11,reused,44,48,8,AB,250,147973.744,154692.444,780680,780680
tiny-text,11,reused,44,48,9,BA,250,145076.096,148163.212,780680,780680
tiny-text,11,reused,44,48,10,BA,250,152007.572,148088.168,780680,780680
tiny-text,11,reused,44,48,11,AB,250,148112.596,146443.548,780680,780680
tiny-text,11,reused,44,48,12,AB,250,148299.828,151168.496,780680,780680
tiny-text,11,reused,44,48,13,BA,250,147967.632,148694.740,780680,780680
tiny-text,11,reused,44,48,14,BA,250,148773.364,146569.704,780680,780680
tiny-text,11,reused,44,48,15,AB,250,145500.984,145781.780,780680,780680
alice29,0,reused,152089,65795,0,AB,100,368027.520,370539.370,139240,139240
alice29,0,reused,152089,65795,1,BA,100,374830.750,365415.690,139240,139240
alice29,0,reused,152089,65795,2,BA,100,372596.830,373239.100,139240,139240
alice29,0,reused,152089,65795,3,AB,100,373627.940,362682.310,139240,139240
alice29,0,reused,152089,65795,4,AB,100,371298.830,372358.230,139240,139240
alice29,0,reused,152089,65795,5,BA,100,380003.630,374101.910,139240,139240
alice29,0,reused,152089,65795,6,BA,100,363124.790,368953.300,139240,139240
alice29,0,reused,152089,65795,7,AB,100,372965.650,374750.310,139240,139240
alice29,0,reused,152089,65795,8,AB,100,365908.560,366705.170,139240,139240
alice29,0,reused,152089,65795,9,BA,100,366353.160,366397.040,139240,139240
alice29,0,reused,152089,65795,10,BA,100,366182.680,363895.850,139240,139240
alice29,0,reused,152089,65795,11,AB,100,359455.120,377448.080,139240,139240
alice29,0,reused,152089,65795,12,AB,100,373126.310,372869.360,139240,139240
alice29,0,reused,152089,65795,13,BA,100,369853.170,366013.490,139240,139240
alice29,0,reused,152089,65795,14,BA,100,373064.730,365585.940,139240,139240
alice29,0,reused,152089,65795,15,AB,100,372823.060,367873.540,139240,139240
alice29,1,reused,152089,60292,0,AB,76,523860.592,535008.368,1184424,1184424
alice29,1,reused,152089,60292,1,BA,76,514926.829,523137.566,1184424,1184424
alice29,1,reused,152089,60292,2,BA,76,512891.526,515711.263,1184424,1184424
alice29,1,reused,152089,60292,3,AB,76,513409.066,498969.434,1184424,1184424
alice29,1,reused,152089,60292,4,AB,76,504066.579,509105.895,1184424,1184424
alice29,1,reused,152089,60292,5,BA,76,497616.816,505957.829,1184424,1184424
alice29,1,reused,152089,60292,6,BA,76,497322.303,488328.066,1184424,1184424
alice29,1,reused,152089,60292,7,AB,76,495915.974,502107.908,1184424,1184424
alice29,1,reused,152089,60292,8,AB,76,522772.592,504170.908,1184424,1184424
alice29,1,reused,152089,60292,9,BA,76,500114.434,500720.224,1184424,1184424
alice29,1,reused,152089,60292,10,BA,76,505319.816,493217.395,1184424,1184424
alice29,1,reused,152089,60292,11,AB,76,503811.276,500764.645,1184424,1184424
alice29,1,reused,152089,60292,12,AB,76,505136.329,500278.566,1184424,1184424
alice29,1,reused,152089,60292,13,BA,76,498492.829,504109.961,1184424,1184424
alice29,1,reused,152089,60292,14,BA,76,504951.632,499759.737,1184424,1184424
alice29,1,reused,152089,60292,15,AB,76,497380.737,510570.618,1184424,1184424
alice29,2,reused,152089,57383,0,AB,40,979436.850,954778.950,1058427,1058427
alice29,2,reused,152089,57383,1,BA,40,997575.525,958605.275,1058427,1058427
alice29,2,reused,152089,57383,2,BA,40,975090.650,954978.675,1058427,1058427
alice29,2,reused,152089,57383,3,AB,40,991181.475,965716.850,1058427,1058427
alice29,2,reused,152089,57383,4,AB,40,992390.150,956077.975,1058427,1058427
alice29,2,reused,152089,57383,5,BA,40,987646.575,965073.300,1058427,1058427
alice29,2,reused,152089,57383,6,BA,40,984351.775,951825.150,1058427,1058427
alice29,2,reused,152089,57383,7,AB,40,981289.950,949290.750,1058427,1058427
alice29,2,reused,152089,57383,8,AB,40,969652.300,960847.050,1058427,1058427
alice29,2,reused,152089,57383,9,BA,40,975418.625,970085.975,1058427,1058427
alice29,2,reused,152089,57383,10,BA,40,1000552.575,964963.100,1058427,1058427
alice29,2,reused,152089,57383,11,AB,40,982344.650,1032986.725,1058427,1058427
alice29,2,reused,152089,57383,12,AB,40,987494.950,961415.550,1058427,1058427
alice29,2,reused,152089,57383,13,BA,40,975965.125,960149.000,1058427,1058427
alice29,2,reused,152089,57383,14,BA,40,994196.825,960243.850,1058427,1058427
alice29,2,reused,152089,57383,15,AB,40,971718.400,962741.950,1058427,1058427
alice29,3,reused,152089,56863,0,AB,35,1124783.314,1100883.257,1058427,1058427
alice29,3,reused,152089,56863,1,BA,35,1104871.857,1128682.286,1058427,1058427
alice29,3,reused,152089,56863,2,BA,35,1127417.400,1096133.400,1058427,1058427
alice29,3,reused,152089,56863,3,AB,35,1123554.229,1110891.457,1058427,1058427
alice29,3,reused,152089,56863,4,AB,35,1100224.286,1117447.286,1058427,1058427
alice29,3,reused,152089,56863,5,BA,35,1122729.086,1146997.629,1058427,1058427
alice29,3,reused,152089,56863,6,BA,35,1127342.200,1116804.514,1058427,1058427
alice29,3,reused,152089,56863,7,AB,35,1134590.800,1109505.714,1058427,1058427
alice29,3,reused,152089,56863,8,AB,35,1106199.314,1148634.114,1058427,1058427
alice29,3,reused,152089,56863,9,BA,35,1132568.457,1125022.857,1058427,1058427
alice29,3,reused,152089,56863,10,BA,35,1109567.857,1104603.800,1058427,1058427
alice29,3,reused,152089,56863,11,AB,35,1131106.314,1142281.143,1058427,1058427
alice29,3,reused,152089,56863,12,AB,35,1134062.657,1136841.800,1058427,1058427
alice29,3,reused,152089,56863,13,BA,35,1118024.429,1107015.971,1058427,1058427
alice29,3,reused,152089,56863,14,BA,35,1115411.314,1116770.171,1058427,1058427
alice29,3,reused,152089,56863,15,AB,35,1130391.714,1111298.714,1058427,1058427
alice29,4,reused,152089,55504,0,AB,24,1641985.167,1737874.125,2051625,2051625
alice29,4,reused,152089,55504,1,BA,24,1652480.042,1638084.792,2051625,2051625
alice29,4,reused,152089,55504,2,BA,24,1620892.792,1665145.958,2051625,2051625
alice29,4,reused,152089,55504,3,AB,24,1744195.042,1636652.583,2051625,2051625
alice29,4,reused,152089,55504,4,AB,24,1615968.458,1628433.000,2051625,2051625
alice29,4,reused,152089,55504,5,BA,24,1663557.458,1649387.000,2051625,2051625
alice29,4,reused,152089,55504,6,BA,24,1672332.042,1628974.042,2051625,2051625
alice29,4,reused,152089,55504,7,AB,24,1624848.917,1636544.625,2051625,2051625
alice29,4,reused,152089,55504,8,AB,24,1618778.250,1659472.708,2051625,2051625
alice29,4,reused,152089,55504,9,BA,24,1621325.083,1637991.083,2051625,2051625
alice29,4,reused,152089,55504,10,BA,24,1641464.792,1634176.125,2051625,2051625
alice29,4,reused,152089,55504,11,AB,24,1650648.042,1669079.458,2051625,2051625
alice29,4,reused,152089,55504,12,AB,24,1606464.583,1682487.708,2051625,2051625
alice29,4,reused,152089,55504,13,BA,24,1626528.000,1624038.125,2051625,2051625
alice29,4,reused,152089,55504,14,BA,24,1639968.042,1632151.917,2051625,2051625
alice29,4,reused,152089,55504,15,AB,24,1612962.542,1676048.875,2051625,2051625
alice29,5,reused,152089,52809,0,AB,15,2513532.867,2511561.867,2867191,2867191
alice29,5,reused,152089,52809,1,BA,15,2534000.533,2485203.533,2867191,2867191
alice29,5,reused,152089,52809,2,BA,15,2537140.200,2539367.867,2867191,2867191
alice29,5,reused,152089,52809,3,AB,15,2523972.133,2537496.267,2867191,2867191
alice29,5,reused,152089,52809,4,AB,15,2573290.533,2495035.667,2867191,2867191
alice29,5,reused,152089,52809,5,BA,15,2516348.467,2510489.200,2867191,2867191
alice29,5,reused,152089,52809,6,BA,15,2488270.733,2474852.867,2867191,2867191
alice29,5,reused,152089,52809,7,AB,15,2534151.933,2549411.800,2867191,2867191
alice29,5,reused,152089,52809,8,AB,15,2488759.200,2507925.400,2867191,2867191
alice29,5,reused,152089,52809,9,BA,15,2542801.733,2488912.333,2867191,2867191
alice29,5,reused,152089,52809,10,BA,15,2530422.600,2534766.600,2867191,2867191
alice29,5,reused,152089,52809,11,AB,15,2446298.867,2467686.867,2867191,2867191
alice29,5,reused,152089,52809,12,AB,15,2507234.200,2457486.800,2867191,2867191
alice29,5,reused,152089,52809,13,BA,15,2508738.267,2500029.667,2867191,2867191
alice29,5,reused,152089,52809,14,BA,15,2481651.200,2460654.867,2867191,2867191
alice29,5,reused,152089,52809,15,AB,15,2479768.267,2484563.867,2867191,2867191
alice29,6,reused,152089,51967,0,AB,14,2867245.571,2804414.500,4178023,4178023
alice29,6,reused,152089,51967,1,BA,14,2856576.071,2768584.643,4178023,4178023
alice29,6,reused,152089,51967,2,BA,14,2787991.071,2864333.357,4178023,4178023
alice29,6,reused,152089,51967,3,AB,14,2895825.857,2913025.357,4178023,4178023
alice29,6,reused,152089,51967,4,AB,14,2897394.071,2802720.714,4178023,4178023
alice29,6,reused,152089,51967,5,BA,14,2883330.071,2863518.143,4178023,4178023
alice29,6,reused,152089,51967,6,BA,14,2780878.286,2806325.286,4178023,4178023
alice29,6,reused,152089,51967,7,AB,14,2850125.429,2979860.214,4178023,4178023
alice29,6,reused,152089,51967,8,AB,14,2856847.357,2777140.643,4178023,4178023
alice29,6,reused,152089,51967,9,BA,14,2849160.500,2886785.571,4178023,4178023
alice29,6,reused,152089,51967,10,BA,14,2846888.286,2791714.643,4178023,4178023
alice29,6,reused,152089,51967,11,AB,14,2866898.429,2792907.286,4178023,4178023
alice29,6,reused,152089,51967,12,AB,14,2764584.929,2769632.143,4178023,4178023
alice29,6,reused,152089,51967,13,BA,14,2794630.429,2850274.000,4178023,4178023
alice29,6,reused,152089,51967,14,BA,14,2956301.143,2741620.714,4178023,4178023
alice29,6,reused,152089,51967,15,AB,14,2820688.500,2854935.643,4178023,4178023
alice29,7,reused,152089,51451,0,AB,12,3275067.167,3226136.417,12593416,12593416
alice29,7,reused,152089,51451,1,BA,12,3361739.167,3293803.167,12593416,12593416
alice29,7,reused,152089,51451,2,BA,12,3220076.750,3379891.000,12593416,12593416
alice29,7,reused,152089,51451,3,AB,12,3321656.333,3201338.167,12593416,12593416
alice29,7,reused,152089,51451,4,AB,12,3264580.500,3309903.083,12593416,12593416
alice29,7,reused,152089,51451,5,BA,12,3221496.333,3222349.917,12593416,12593416
alice29,7,reused,152089,51451,6,BA,12,3331540.833,3334283.917,12593416,12593416
alice29,7,reused,152089,51451,7,AB,12,3426567.000,3304405.333,12593416,12593416
alice29,7,reused,152089,51451,8,AB,12,3264253.083,3331347.500,12593416,12593416
alice29,7,reused,152089,51451,9,BA,12,3297862.250,3250183.667,12593416,12593416
alice29,7,reused,152089,51451,10,BA,12,3310214.667,3447065.333,12593416,12593416
alice29,7,reused,152089,51451,11,AB,12,3273253.333,3337261.333,12593416,12593416
alice29,7,reused,152089,51451,12,AB,12,3308036.000,3328139.833,12593416,12593416
alice29,7,reused,152089,51451,13,BA,12,3315189.167,3235443.500,12593416,12593416
alice29,7,reused,152089,51451,14,BA,12,3424209.333,3255808.750,12593416,12593416
alice29,7,reused,152089,51451,15,AB,12,3554442.333,3230397.667,12593416,12593416
alice29,8,reused,152089,51187,0,AB,10,3833089.900,3829374.900,6238312,6238312
alice29,8,reused,152089,51187,1,BA,10,4016711.700,3868439.000,6238312,6238312
alice29,8,reused,152089,51187,2,BA,10,3904075.600,3883292.400,6238312,6238312
alice29,8,reused,152089,51187,3,AB,10,3893873.500,3939865.600,6238312,6238312
alice29,8,reused,152089,51187,4,AB,10,4191916.900,3762830.900,6238312,6238312
alice29,8,reused,152089,51187,5,BA,10,3839340.000,3982393.800,6238312,6238312
alice29,8,reused,152089,51187,6,BA,10,3848606.500,3801566.200,6238312,6238312
alice29,8,reused,152089,51187,7,AB,10,3950642.800,3881731.900,6238312,6238312
alice29,8,reused,152089,51187,8,AB,10,3931510.700,3838059.000,6238312,6238312
alice29,8,reused,152089,51187,9,BA,10,3958145.100,3867170.800,6238312,6238312
alice29,8,reused,152089,51187,10,BA,10,3894249.600,3817895.600,6238312,6238312
alice29,8,reused,152089,51187,11,AB,10,3974452.600,3799838.300,6238312,6238312
alice29,8,reused,152089,51187,12,AB,10,3812194.100,3851454.800,6238312,6238312
alice29,8,reused,152089,51187,13,BA,10,3832541.900,3870768.200,6238312,6238312
alice29,8,reused,152089,51187,14,BA,10,3899327.100,3825614.400,6238312,6238312
alice29,8,reused,152089,51187,15,AB,10,3905828.400,3912860.700,6238312,6238312
alice29,9,reused,152089,51054,0,AB,8,4675137.750,4522291.125,11361430,11361430
alice29,9,reused,152089,51054,1,BA,8,4674613.500,4545815.000,11361430,11361430
alice29,9,reused,152089,51054,2,BA,8,4562898.375,4540430.500,11361430,11361430
alice29,9,reused,152089,51054,3,AB,8,4607414.375,4781842.125,11361430,11361430
alice29,9,reused,152089,51054,4,AB,8,4739468.000,4656423.250,11361430,11361430
alice29,9,reused,152089,51054,5,BA,8,4569843.750,4546277.250,11361430,11361430
alice29,9,reused,152089,51054,6,BA,8,4591873.000,4525076.875,11361430,11361430
alice29,9,reused,152089,51054,7,AB,8,4737303.000,4491364.625,11361430,11361430
alice29,9,reused,152089,51054,8,AB,8,4526126.500,4581669.750,11361430,11361430
alice29,9,reused,152089,51054,9,BA,8,4755578.125,4532398.000,11361430,11361430
alice29,9,reused,152089,51054,10,BA,8,4599148.125,4561236.125,11361430,11361430
alice29,9,reused,152089,51054,11,AB,8,4549931.875,4592262.250,11361430,11361430
alice29,9,reused,152089,51054,12,AB,8,4582465.750,4487820.875,11361430,11361430
alice29,9,reused,152089,51054,13,BA,8,4547926.125,4718547.000,11361430,11361430
alice29,9,reused,152089,51054,14,BA,8,4497153.000,4452874.625,11361430,11361430
alice29,9,reused,152089,51054,15,AB,8,4487523.625,4663987.500,11361430,11361430
alice29,10,reused,152089,47477,0,AB,1,41511266.000,40700790.000,8667472,8673616
alice29,10,reused,152089,47477,1,BA,1,43141183.000,41048433.000,8667472,8673616
alice29,10,reused,152089,47477,2,BA,1,43216341.000,40630155.000,8667472,8673616
alice29,10,reused,152089,47477,3,AB,1,43486106.000,41254148.000,8667472,8673616
alice29,10,reused,152089,47477,4,AB,1,41922397.000,40008389.000,8667472,8673616
alice29,10,reused,152089,47477,5,BA,1,40879719.000,39661539.000,8667472,8673616
alice29,10,reused,152089,47477,6,BA,1,41371037.000,39303305.000,8667472,8673616
alice29,10,reused,152089,47477,7,AB,1,40776173.000,40065344.000,8667472,8673616
alice29,10,reused,152089,47477,8,AB,1,41078043.000,39933196.000,8667472,8673616
alice29,10,reused,152089,47477,9,BA,1,41473568.000,39626030.000,8667472,8673616
alice29,10,reused,152089,47477,10,BA,1,41983330.000,39944474.000,8667472,8673616
alice29,10,reused,152089,47477,11,AB,1,40936082.000,41115065.000,8667472,8673616
alice29,10,reused,152089,47477,12,AB,1,40781794.000,39474180.000,8667472,8673616
alice29,10,reused,152089,47477,13,BA,1,41464902.000,41166130.000,8667472,8673616
alice29,10,reused,152089,47477,14,BA,1,40959565.000,41290007.000,8667472,8673616
alice29,10,reused,152089,47477,15,AB,1,40256837.000,39513790.000,8667472,8673616
alice29,11,reused,152089,46487,0,AB,1,109774751.000,106043212.000,13952543,13958687
alice29,11,reused,152089,46487,1,BA,1,108745276.000,105275644.000,13952543,13958687
alice29,11,reused,152089,46487,2,BA,1,110530540.000,106811801.000,13952543,13958687
alice29,11,reused,152089,46487,3,AB,1,108360732.000,105976966.000,13952543,13958687
alice29,11,reused,152089,46487,4,AB,1,109683348.000,107527906.000,13952543,13958687
alice29,11,reused,152089,46487,5,BA,1,109268070.000,106652185.000,13952543,13958687
alice29,11,reused,152089,46487,6,BA,1,109479415.000,106928500.000,13952543,13958687
alice29,11,reused,152089,46487,7,AB,1,109625326.000,107750005.000,13952543,13958687
alice29,11,reused,152089,46487,8,AB,1,109266858.000,106677071.000,13952543,13958687
alice29,11,reused,152089,46487,9,BA,1,111864990.000,107410307.000,13952543,13958687
alice29,11,reused,152089,46487,10,BA,1,112736919.000,108951594.000,13952543,13958687
alice29,11,reused,152089,46487,11,AB,1,111770928.000,108324935.000,13952543,13958687
alice29,11,reused,152089,46487,12,AB,1,110392305.000,106565133.000,13952543,13958687
alice29,11,reused,152089,46487,13,BA,1,111886471.000,105681477.000,13952543,13958687
alice29,11,reused,152089,46487,14,BA,1,109888467.000,106252535.000,13952543,13958687
alice29,11,reused,152089,46487,15,AB,1,109678359.000,106584655.000,13952543,13958687
text-1m,0,reused,1048576,190491,0,AB,11,3537329.909,3562176.727,139240,139240
text-1m,0,reused,1048576,190491,1,BA,11,3482854.909,3540279.273,139240,139240
text-1m,0,reused,1048576,190491,2,BA,11,3565293.364,3570065.727,139240,139240
text-1m,0,reused,1048576,190491,3,AB,11,3487020.818,3450990.818,139240,139240
text-1m,0,reused,1048576,190491,4,AB,11,3443249.273,3479029.727,139240,139240
text-1m,0,reused,1048576,190491,5,BA,11,3756313.909,3497318.182,139240,139240
text-1m,0,reused,1048576,190491,6,BA,11,3563396.000,3550838.545,139240,139240
text-1m,0,reused,1048576,190491,7,AB,11,3482682.727,3493011.545,139240,139240
text-1m,0,reused,1048576,190491,8,AB,11,3625993.818,3505381.364,139240,139240
text-1m,0,reused,1048576,190491,9,BA,11,3439511.273,3552057.273,139240,139240
text-1m,0,reused,1048576,190491,10,BA,11,3438124.545,3488688.273,139240,139240
text-1m,0,reused,1048576,190491,11,AB,11,3409741.545,3507706.818,139240,139240
text-1m,0,reused,1048576,190491,12,AB,11,3476000.818,3535246.273,139240,139240
text-1m,0,reused,1048576,190491,13,BA,11,3533899.182,3539196.273,139240,139240
text-1m,0,reused,1048576,190491,14,BA,11,3437819.545,3433074.727,139240,139240
text-1m,0,reused,1048576,190491,15,AB,11,3466737.364,3619105.455,139240,139240
text-1m,1,reused,1048576,138777,0,AB,27,1319546.963,1350864.222,1185600,1185600
text-1m,1,reused,1048576,138777,1,BA,27,1323752.667,1349148.037,1185600,1185600
text-1m,1,reused,1048576,138777,2,BA,27,1311105.148,1355762.074,1185600,1185600
text-1m,1,reused,1048576,138777,3,AB,27,1343420.148,1326354.667,1185600,1185600
text-1m,1,reused,1048576,138777,4,AB,27,1330992.148,1385134.444,1185600,1185600
text-1m,1,reused,1048576,138777,5,BA,27,1311678.704,1354048.926,1185600,1185600
text-1m,1,reused,1048576,138777,6,BA,27,1351191.741,1326972.852,1185600,1185600
text-1m,1,reused,1048576,138777,7,AB,27,1317550.296,1322169.519,1185600,1185600
text-1m,1,reused,1048576,138777,8,AB,27,1369884.630,1326360.889,1185600,1185600
text-1m,1,reused,1048576,138777,9,BA,27,1302406.259,1333523.704,1185600,1185600
text-1m,1,reused,1048576,138777,10,BA,27,1327693.704,1326438.407,1185600,1185600
text-1m,1,reused,1048576,138777,11,AB,27,1298879.185,1311574.963,1185600,1185600
text-1m,1,reused,1048576,138777,12,AB,27,1359233.407,1313031.667,1185600,1185600
text-1m,1,reused,1048576,138777,13,BA,27,1286673.333,1307481.741,1185600,1185600
text-1m,1,reused,1048576,138777,14,BA,27,1284089.444,1331365.074,1185600,1185600
text-1m,1,reused,1048576,138777,15,AB,27,1315845.370,1324411.407,1185600,1185600
text-1m,2,reused,1048576,57403,0,AB,37,1043946.838,1016916.189,3581995,3581995
text-1m,2,reused,1048576,57403,1,BA,37,1046717.162,1018367.757,3581995,3581995
text-1m,2,reused,1048576,57403,2,BA,37,1022534.378,1025139.378,3581995,3581995
text-1m,2,reused,1048576,57403,3,AB,37,1029656.459,1012164.486,3581995,3581995
text-1m,2,reused,1048576,57403,4,AB,37,1015051.270,996693.514,3581995,3581995
text-1m,2,reused,1048576,57403,5,BA,37,1039931.216,1011561.784,3581995,3581995
text-1m,2,reused,1048576,57403,6,BA,37,1017191.973,1024937.216,3581995,3581995
text-1m,2,reused,1048576,57403,7,AB,37,1045130.081,1004503.297,3581995,3581995
text-1m,2,reused,1048576,57403,8,AB,37,1066243.703,1050093.324,3581995,3581995
text-1m,2,reused,1048576,57403,9,BA,37,1028057.081,999831.000,3581995,3581995
text-1m,2,reused,1048576,57403,10,BA,37,1055617.595,1027225.730,3581995,3581995
text-1m,2,reused,1048576,57403,11,AB,37,1046916.865,1034460.838,3581995,3581995
text-1m,2,reused,1048576,57403,12,AB,37,1054589.486,1034265.189,3581995,3581995
text-1m,2,reused,1048576,57403,13,BA,37,1053123.973,1012400.378,3581995,3581995
text-1m,2,reused,1048576,57403,14,BA,37,1044178.622,1021214.865,3581995,3581995
text-1m,2,reused,1048576,57403,15,AB,37,1053741.541,1034393.595,3581995,3581995
text-1m,3,reused,1048576,56879,0,AB,33,1220496.061,1165907.273,3581995,3581995
text-1m,3,reused,1048576,56879,1,BA,33,1221373.485,1181857.848,3581995,3581995
text-1m,3,reused,1048576,56879,2,BA,33,1212220.818,1190687.576,3581995,3581995
text-1m,3,reused,1048576,56879,3,AB,33,1231280.182,1183783.000,3581995,3581995
text-1m,3,reused,1048576,56879,4,AB,33,1203198.364,1176265.848,3581995,3581995
text-1m,3,reused,1048576,56879,5,BA,33,1215110.636,1186416.848,3581995,3581995
text-1m,3,reused,1048576,56879,6,BA,33,1225345.000,1204466.576,3581995,3581995
text-1m,3,reused,1048576,56879,7,AB,33,1214237.061,1196572.152,3581995,3581995
text-1m,3,reused,1048576,56879,8,AB,33,1187871.273,1183831.636,3581995,3581995
text-1m,3,reused,1048576,56879,9,BA,33,1252165.121,1258822.152,3581995,3581995
text-1m,3,reused,1048576,56879,10,BA,33,1268172.242,1210351.152,3581995,3581995
text-1m,3,reused,1048576,56879,11,AB,33,1181414.121,1221816.273,3581995,3581995
text-1m,3,reused,1048576,56879,12,AB,33,1213596.394,1217460.636,3581995,3581995
text-1m,3,reused,1048576,56879,13,BA,33,1192685.212,1170152.424,3581995,3581995
text-1m,3,reused,1048576,56879,14,BA,33,1211321.515,1216686.152,3581995,3581995
text-1m,3,reused,1048576,56879,15,AB,33,1197732.485,1238324.818,3581995,3581995
text-1m,4,reused,1048576,55915,0,AB,23,1647835.870,1620823.652,8307509,8307509
text-1m,4,reused,1048576,55915,1,BA,23,1577459.913,1605279.783,8307509,8307509
text-1m,4,reused,1048576,55915,2,BA,23,1604854.261,1636182.043,8307509,8307509
text-1m,4,reused,1048576,55915,3,AB,23,1650724.130,1741869.174,8307509,8307509
text-1m,4,reused,1048576,55915,4,AB,23,1583439.174,1616063.130,8307509,8307509
text-1m,4,reused,1048576,55915,5,BA,23,1573322.348,1569459.565,8307509,8307509
text-1m,4,reused,1048576,55915,6,BA,23,1617969.130,1586638.478,8307509,8307509
text-1m,4,reused,1048576,55915,7,AB,23,1566902.130,1590762.043,8307509,8307509
text-1m,4,reused,1048576,55915,8,AB,23,1609111.913,1624848.043,8307509,8307509
text-1m,4,reused,1048576,55915,9,BA,23,1630021.696,1536596.609,8307509,8307509
text-1m,4,reused,1048576,55915,10,BA,23,1566369.565,1570771.565,8307509,8307509
text-1m,4,reused,1048576,55915,11,AB,23,1556778.304,1640709.652,8307509,8307509
text-1m,4,reused,1048576,55915,12,AB,23,1574557.435,1639771.478,8307509,8307509
text-1m,4,reused,1048576,55915,13,BA,23,1613089.478,1578499.652,8307509,8307509
text-1m,4,reused,1048576,55915,14,BA,23,1579650.130,1607223.348,8307509,8307509
text-1m,4,reused,1048576,55915,15,AB,23,1550038.348,1676860.130,8307509,8307509
text-1m,5,reused,1048576,51228,0,AB,14,2778064.357,2770626.214,7837624,7837624
text-1m,5,reused,1048576,51228,1,BA,14,2722040.429,2789925.357,7837624,7837624
text-1m,5,reused,1048576,51228,2,BA,14,2793027.000,2792613.429,7837624,7837624
text-1m,5,reused,1048576,51228,3,AB,14,2752884.643,2753014.643,7837624,7837624
text-1m,5,reused,1048576,51228,4,AB,14,2705313.714,2661418.214,7837624,7837624
text-1m,5,reused,1048576,51228,5,BA,14,2873493.357,2655004.143,7837624,7837624
text-1m,5,reused,1048576,51228,6,BA,14,2697587.929,2807168.429,7837624,7837624
text-1m,5,reused,1048576,51228,7,AB,14,2651426.786,2675467.786,7837624,7837624
text-1m,5,reused,1048576,51228,8,AB,14,2721859.714,2763054.429,7837624,7837624
text-1m,5,reused,1048576,51228,9,BA,14,2671082.929,2701594.214,7837624,7837624
text-1m,5,reused,1048576,51228,10,BA,14,2741001.071,2889069.643,7837624,7837624
text-1m,5,reused,1048576,51228,11,AB,14,2715271.500,2654960.429,7837624,7837624
text-1m,5,reused,1048576,51228,12,AB,14,2704627.929,2752372.000,7837624,7837624
text-1m,5,reused,1048576,51228,13,BA,14,2836865.500,2717949.500,7837624,7837624
text-1m,5,reused,1048576,51228,14,BA,14,2814785.214,2862906.357,7837624,7837624
text-1m,5,reused,1048576,51228,15,AB,14,2759658.714,2731786.929,7837624,7837624
text-1m,6,reused,1048576,50823,0,AB,12,2970291.417,3163273.333,10459064,10459064
text-1m,6,reused,1048576,50823,1,BA,12,3079169.917,3033618.583,10459064,10459064
text-1m,6,reused,1048576,50823,2,BA,12,3091677.417,2993239.167,10459064,10459064
text-1m,6,reused,1048576,50823,3,AB,12,2935317.917,2990110.917,10459064,10459064
text-1m,6,reused,1048576,50823,4,AB,12,3023254.917,3074359.333,10459064,10459064
text-1m,6,reused,1048576,50823,5,BA,12,3131979.667,2968497.500,10459064,10459064
text-1m,6,reused,1048576,50823,6,BA,12,3162366.250,3094569.333,10459064,10459064
text-1m,6,reused,1048576,50823,7,AB,12,3049406.417,3018522.250,10459064,10459064
text-1m,6,reused,1048576,50823,8,AB,12,2805592.167,2897544.333,10459064,10459064
text-1m,6,reused,1048576,50823,9,BA,12,3093457.167,3045820.333,10459064,10459064
text-1m,6,reused,1048576,50823,10,BA,12,3084831.000,3099880.083,10459064,10459064
text-1m,6,reused,1048576,50823,11,AB,12,3048408.833,3018596.583,10459064,10459064
text-1m,6,reused,1048576,50823,12,AB,12,3126947.500,3029539.250,10459064,10459064
text-1m,6,reused,1048576,50823,13,BA,12,3017369.667,3215819.500,10459064,10459064
text-1m,6,reused,1048576,50823,14,BA,12,3022214.250,3072439.333,10459064,10459064
text-1m,6,reused,1048576,50823,15,AB,12,2975825.000,3154233.417,10459064,10459064
text-1m,7,reused,1048576,50580,0,AB,10,3600047.300,3503913.400,13606904,13606904
text-1m,7,reused,1048576,50580,1,BA,10,3466285.800,3373803.500,13606904,13606904
text-1m,7,reused,1048576,50580,2,BA,10,3567690.500,3444546.600,13606904,13606904
text-1m,7,reused,1048576,50580,3,AB,10,3562183.000,3589615.600,13606904,13606904
text-1m,7,reused,1048576,50580,4,AB,10,3677489.100,3653987.800,13606904,13606904
text-1m,7,reused,1048576,50580,5,BA,10,3365611.000,3534776.200,13606904,13606904
text-1m,7,reused,1048576,50580,6,BA,10,3473798.500,3513642.900,13606904,13606904
text-1m,7,reused,1048576,50580,7,AB,10,3612701.800,3654867.300,13606904,13606904
text-1m,7,reused,1048576,50580,8,AB,10,3556959.600,3644306.800,13606904,13606904
text-1m,7,reused,1048576,50580,9,BA,10,3480474.200,3323420.300,13606904,13606904
text-1m,7,reused,1048576,50580,10,BA,10,3446185.200,3428868.100,13606904,13606904
text-1m,7,reused,1048576,50580,11,AB,10,3562801.500,3512109.700,13606904,13606904
text-1m,7,reused,1048576,50580,12,AB,10,3482472.700,3634632.800,13606904,13606904
text-1m,7,reused,1048576,50580,13,BA,10,3399356.500,3506407.100,13606904,13606904
text-1m,7,reused,1048576,50580,14,BA,10,3501342.200,3540880.600,13606904,13606904
text-1m,7,reused,1048576,50580,15,AB,10,3420213.100,3537900.800,13606904,13606904
text-1m,8,reused,1048576,50473,0,AB,9,3913693.667,3837593.889,30383848,30383848
text-1m,8,reused,1048576,50473,1,BA,9,3894483.333,3802410.778,30383848,30383848
text-1m,8,reused,1048576,50473,2,BA,9,4013268.222,4052091.333,30383848,30383848
text-1m,8,reused,1048576,50473,3,AB,9,3952257.444,4007781.333,30383848,30383848
text-1m,8,reused,1048576,50473,4,AB,9,3932837.556,3884050.000,30383848,30383848
text-1m,8,reused,1048576,50473,5,BA,9,4002450.222,3828965.778,30383848,30383848
text-1m,8,reused,1048576,50473,6,BA,9,3788253.889,3940861.889,30383848,30383848
text-1m,8,reused,1048576,50473,7,AB,9,3937342.778,4108283.000,30383848,30383848
text-1m,8,reused,1048576,50473,8,AB,9,4010938.222,4057888.333,30383848,30383848
text-1m,8,reused,1048576,50473,9,BA,9,4208861.333,3901518.333,30383848,30383848
text-1m,8,reused,1048576,50473,10,BA,9,4138444.667,3824253.889,30383848,30383848
text-1m,8,reused,1048576,50473,11,AB,9,4009855.111,4238663.333,30383848,30383848
text-1m,8,reused,1048576,50473,12,AB,9,4213378.444,4178167.667,30383848,30383848
text-1m,8,reused,1048576,50473,13,BA,9,4049070.556,3914671.000,30383848,30383848
text-1m,8,reused,1048576,50473,14,BA,9,3950566.111,3766962.000,30383848,30383848
text-1m,8,reused,1048576,50473,15,AB,9,4004200.333,4187682.333,30383848,30383848
text-1m,9,reused,1048576,50608,0,AB,7,5217843.571,5049494.857,57918772,57918772
text-1m,9,reused,1048576,50608,1,BA,7,5128682.857,4732092.571,57918772,57918772
text-1m,9,reused,1048576,50608,2,BA,7,5441349.429,5433314.286,57918772,57918772
text-1m,9,reused,1048576,50608,3,AB,7,5151201.429,5015389.000,57918772,57918772
text-1m,9,reused,1048576,50608,4,AB,7,5151962.286,5257567.000,57918772,57918772
text-1m,9,reused,1048576,50608,5,BA,7,5573435.429,5110023.429,57918772,57918772
text-1m,9,reused,1048576,50608,6,BA,7,5445849.000,5382991.429,57918772,57918772
text-1m,9,reused,1048576,50608,7,AB,7,4883895.429,5199610.286,57918772,57918772
text-1m,9,reused,1048576,50608,8,AB,7,5054639.286,5181266.000,57918772,57918772
text-1m,9,reused,1048576,50608,9,BA,7,5245731.143,4836001.429,57918772,57918772
text-1m,9,reused,1048576,50608,10,BA,7,5216900.000,4919595.571,57918772,57918772
text-1m,9,reused,1048576,50608,11,AB,7,4917086.857,5053315.571,57918772,57918772
text-1m,9,reused,1048576,50608,12,AB,7,5326529.714,5298264.714,57918772,57918772
text-1m,9,reused,1048576,50608,13,BA,7,5647469.429,5404574.714,57918772,57918772
text-1m,9,reused,1048576,50608,14,BA,7,5469630.714,5713393.429,57918772,57918772
text-1m,9,reused,1048576,50608,15,AB,7,4769785.571,5211285.571,57918772,57918772
text-1m,10,reused,1048576,47492,0,AB,1,46193063.000,44182796.000,47236171,47242315
text-1m,10,reused,1048576,47492,1,BA,1,45317851.000,44722744.000,47236171,47242315
text-1m,10,reused,1048576,47492,2,BA,1,47580509.000,45598308.000,47236171,47242315
text-1m,10,reused,1048576,47492,3,AB,1,44186731.000,43792529.000,47236171,47242315
text-1m,10,reused,1048576,47492,4,AB,1,45430728.000,44171950.000,47236171,47242315
text-1m,10,reused,1048576,47492,5,BA,1,45407516.000,44014851.000,47236171,47242315
text-1m,10,reused,1048576,47492,6,BA,1,44258254.000,44133274.000,47236171,47242315
text-1m,10,reused,1048576,47492,7,AB,1,44059268.000,43065933.000,47236171,47242315
text-1m,10,reused,1048576,47492,8,AB,1,45574466.000,44813866.000,47236171,47242315
text-1m,10,reused,1048576,47492,9,BA,1,45547901.000,44840413.000,47236171,47242315
text-1m,10,reused,1048576,47492,10,BA,1,45316573.000,43940146.000,47236171,47242315
text-1m,10,reused,1048576,47492,11,AB,1,45379079.000,44237306.000,47236171,47242315
text-1m,10,reused,1048576,47492,12,AB,1,46714301.000,43784925.000,47236171,47242315
text-1m,10,reused,1048576,47492,13,BA,1,46354420.000,42672488.000,47236171,47242315
text-1m,10,reused,1048576,47492,14,BA,1,47501995.000,43041832.000,47236171,47242315
text-1m,10,reused,1048576,47492,15,AB,1,45594989.000,43857375.000,47236171,47242315
text-1m,11,reused,1048576,46491,0,AB,1,113413266.000,111504877.000,56474927,56481071
text-1m,11,reused,1048576,46491,1,BA,1,113697401.000,113358827.000,56474927,56481071
text-1m,11,reused,1048576,46491,2,BA,1,115035841.000,112961747.000,56474927,56481071
text-1m,11,reused,1048576,46491,3,AB,1,112681844.000,112892370.000,56474927,56481071
text-1m,11,reused,1048576,46491,4,AB,1,112384452.000,111477389.000,56474927,56481071
text-1m,11,reused,1048576,46491,5,BA,1,112345143.000,111593255.000,56474927,56481071
text-1m,11,reused,1048576,46491,6,BA,1,115550679.000,110570823.000,56474927,56481071
text-1m,11,reused,1048576,46491,7,AB,1,115660726.000,110604981.000,56474927,56481071
text-1m,11,reused,1048576,46491,8,AB,1,112744032.000,109792785.000,56474927,56481071
text-1m,11,reused,1048576,46491,9,BA,1,116136996.000,110268078.000,56474927,56481071
text-1m,11,reused,1048576,46491,10,BA,1,114264952.000,110394397.000,56474927,56481071
text-1m,11,reused,1048576,46491,11,AB,1,114223645.000,109984761.000,56474927,56481071
text-1m,11,reused,1048576,46491,12,AB,1,114359847.000,111629636.000,56474927,56481071
text-1m,11,reused,1048576,46491,13,BA,1,112745840.000,110392862.000,56474927,56481071
text-1m,11,reused,1048576,46491,14,BA,1,113330660.000,112902372.000,56474927,56481071
text-1m,11,reused,1048576,46491,15,AB,1,112829493.000,112275383.000,56474927,56481071
binary-64k,0,reused,65536,3369,0,AB,3124,12158.457,11749.234,139240,139240
binary-64k,0,reused,65536,3369,1,BA,3124,12300.861,11765.225,139240,139240
binary-64k,0,reused,65536,3369,2,BA,3124,11672.284,11491.811,139240,139240
binary-64k,0,reused,65536,3369,3,AB,3124,12155.552,11974.416,139240,139240
binary-64k,0,reused,65536,3369,4,AB,3124,11864.850,12196.809,139240,139240
binary-64k,0,reused,65536,3369,5,BA,3124,12168.480,11757.316,139240,139240
binary-64k,0,reused,65536,3369,6,BA,3124,11868.419,11435.883,139240,139240
binary-64k,0,reused,65536,3369,7,AB,3124,11689.430,11368.783,139240,139240
binary-64k,0,reused,65536,3369,8,AB,3124,11591.127,11558.077,139240,139240
binary-64k,0,reused,65536,3369,9,BA,3124,12469.386,11810.258,139240,139240
binary-64k,0,reused,65536,3369,10,BA,3124,12146.291,11856.113,139240,139240
binary-64k,0,reused,65536,3369,11,AB,3124,12004.150,11526.363,139240,139240
binary-64k,0,reused,65536,3369,12,AB,3124,11777.133,12188.550,139240,139240
binary-64k,0,reused,65536,3369,13,BA,3124,12165.890,11755.850,139240,139240
binary-64k,0,reused,65536,3369,14,BA,3124,12110.931,11659.304,139240,139240
binary-64k,0,reused,65536,3369,15,AB,3124,11812.578,12138.930,139240,139240
binary-64k,1,reused,65536,3202,0,AB,2319,15882.489,16349.841,925208,925208
binary-64k,1,reused,65536,3202,1,BA,2319,15544.335,15694.459,925208,925208
binary-64k,1,reused,65536,3202,2,BA,2319,15794.573,15422.247,925208,925208
binary-64k,1,reused,65536,3202,3,AB,2319,16067.333,15909.485,925208,925208
binary-64k,1,reused,65536,3202,4,AB,2319,15919.146,16177.562,925208,925208
binary-64k,1,reused,65536,3202,5,BA,2319,15927.214,15525.213,925208,925208
binary-64k,1,reused,65536,3202,6,BA,2319,15536.339,15268.114,925208,925208
binary-64k,1,reused,65536,3202,7,AB,2319,15949.515,15782.185,925208,925208
binary-64k,1,reused,65536,3202,8,AB,2319,16653.815,15821.981,925208,925208
binary-64k,1,reused,65536,3202,9,BA,2319,16087.077,15812.506,925208,925208
binary-64k,1,reused,65536,3202,10,BA,2319,16048.307,16221.047,925208,925208
binary-64k,1,reused,65536,3202,11,AB,2319,15884.252,16033.505,925208,925208
binary-64k,1,reused,65536,3202,12,AB,2319,15438.830,15657.749,925208,925208
binary-64k,1,reused,65536,3202,13,BA,2319,15911.472,15433.527,925208,925208
binary-64k,1,reused,65536,3202,14,BA,2319,15674.762,16054.286,925208,925208
binary-64k,1,reused,65536,3202,15,AB,2319,15633.734,15617.133,925208,925208
binary-64k,2,reused,65536,2673,0,AB,1206,32855.533,32685.177,666679,666679
binary-64k,2,reused,65536,2673,1,BA,1206,31446.241,32591.286,666679,666679
binary-64k,2,reused,65536,2673,2,BA,1206,31962.603,31366.399,666679,666679
binary-64k,2,reused,65536,2673,3,AB,1206,32248.925,34148.973,666679,666679
binary-64k,2,reused,65536,2673,4,AB,1206,32834.221,30089.581,666679,666679
binary-64k,2,reused,65536,2673,5,BA,1206,32326.050,30139.485,666679,666679
binary-64k,2,reused,65536,2673,6,BA,1206,32546.228,32770.034,666679,666679
binary-64k,2,reused,65536,2673,7,AB,1206,33033.551,32716.564,666679,666679
binary-64k,2,reused,65536,2673,8,AB,1206,32655.271,32259.356,666679,666679
binary-64k,2,reused,65536,2673,9,BA,1206,31120.585,32417.117,666679,666679
binary-64k,2,reused,65536,2673,10,BA,1206,32830.348,33720.076,666679,666679
binary-64k,2,reused,65536,2673,11,AB,1206,32218.817,32444.828,666679,666679
binary-64k,2,reused,65536,2673,12,AB,1206,33225.007,32951.439,666679,666679
binary-64k,2,reused,65536,2673,13,BA,1206,33512.654,32219.290,666679,666679
binary-64k,2,reused,65536,2673,14,BA,1206,33569.353,33836.551,666679,666679
binary-64k,2,reused,65536,2673,15,AB,1206,31527.409,31782.847,666679,666679
binary-64k,3,reused,65536,2687,0,AB,782,36993.173,37246.036,666679,666679
binary-64k,3,reused,65536,2687,1,BA,782,36387.042,36966.496,666679,666679
binary-64k,3,reused,65536,2687,2,BA,782,38446.425,37466.776,666679,666679
binary-64k,3,reused,65536,2687,3,AB,782,37524.234,37297.206,666679,666679
binary-64k,3,reused,65536,2687,4,AB,782,36865.829,37887.538,666679,666679
binary-64k,3,reused,65536,2687,5,BA,782,37553.338,37624.101,666679,666679
binary-64k,3,reused,65536,2687,6,BA,782,37638.068,38386.003,666679,666679
binary-64k,3,reused,65536,2687,7,AB,782,36500.746,37381.702,666679,666679
binary-64k,3,reused,65536,2687,8,AB,782,38711.462,38926.797,666679,666679
binary-64k,3,reused,65536,2687,9,BA,782,37261.573,36421.864,666679,666679
binary-64k,3,reused,65536,2687,10,BA,782,37112.774,36997.368,666679,666679
binary-64k,3,reused,65536,2687,11,AB,782,36693.403,37141.974,666679,666679
binary-64k,3,reused,65536,2687,12,AB,782,36770.611,38520.783,666679,666679
binary-64k,3,reused,65536,2687,13,BA,782,37434.605,38844.926,666679,666679
binary-64k,3,reused,65536,2687,14,BA,782,36346.522,36304.032,666679,666679
binary-64k,3,reused,65536,2687,15,AB,782,38237.586,37294.844,666679,666679
binary-64k,4,reused,65536,2554,0,AB,672,56093.423,56257.863,1534756,1534756
binary-64k,4,reused,65536,2554,1,BA,672,55080.382,54626.902,1534756,1534756
binary-64k,4,reused,65536,2554,2,BA,672,55392.320,57388.589,1534756,1534756
binary-64k,4,reused,65536,2554,3,AB,672,53920.650,53497.031,1534756,1534756
binary-64k,4,reused,65536,2554,4,AB,672,54660.391,56836.253,1534756,1534756
binary-64k,4,reused,65536,2554,5,BA,672,54381.513,54570.314,1534756,1534756
binary-64k,4,reused,65536,2554,6,BA,672,54982.604,54539.054,1534756,1534756
binary-64k,4,reused,65536,2554,7,AB,672,54272.765,53295.766,1534756,1534756
binary-64k,4,reused,65536,2554,8,AB,672,53895.433,55710.518,1534756,1534756
binary-64k,4,reused,65536,2554,9,BA,672,53861.122,54494.292,1534756,1534756
binary-64k,4,reused,65536,2554,10,BA,672,56777.457,53471.266,1534756,1534756
binary-64k,4,reused,65536,2554,11,AB,672,54430.387,55018.960,1534756,1534756
binary-64k,4,reused,65536,2554,12,AB,672,54606.088,57644.036,1534756,1534756
binary-64k,4,reused,65536,2554,13,BA,672,54373.600,54972.768,1534756,1534756
binary-64k,4,reused,65536,2554,14,BA,672,54770.842,56120.851,1534756,1534756
binary-64k,4,reused,65536,2554,15,AB,672,53109.518,54910.740,1534756,1534756
binary-64k,5,reused,65536,1588,0,AB,347,90488.582,80244.037,2351872,2351872
binary-64k,5,reused,65536,1588,1,BA,347,107604.150,80248.663,2351872,2351872
binary-64k,5,reused,65536,1588,2,BA,347,85072.594,89553.063,2351872,2351872
binary-64k,5,reused,65536,1588,3,AB,347,91418.179,113451.478,2351872,2351872
binary-64k,5,reused,65536,1588,4,AB,347,105775.063,111058.602,2351872,2351872
binary-64k,5,reused,65536,1588,5,BA,347,115100.248,110897.669,2351872,2351872
binary-64k,5,reused,65536,1588,6,BA,347,115798.571,109616.640,2351872,2351872
binary-64k,5,reused,65536,1588,7,AB,347,115905.176,114780.524,2351872,2351872
binary-64k,5,reused,65536,1588,8,AB,347,117347.285,90677.718,2351872,2351872
binary-64k,5,reused,65536,1588,9,BA,347,110902.104,109063.389,2351872,2351872
binary-64k,5,reused,65536,1588,10,BA,347,113046.401,111299.337,2351872,2351872
binary-64k,5,reused,65536,1588,11,AB,347,92432.317,100694.239,2351872,2351872
binary-64k,5,reused,65536,1588,12,AB,347,119280.058,114044.458,2351872,2351872
binary-64k,5,reused,65536,1588,13,BA,347,112874.424,96842.550,2351872,2351872
binary-64k,5,reused,65536,1588,14,BA,347,112989.233,109882.931,2351872,2351872
binary-64k,5,reused,65536,1588,15,AB,347,116089.323,102966.997,2351872,2351872
binary-64k,6,reused,65536,1588,0,AB,244,116557.635,112461.873,1876736,1876736
binary-64k,6,reused,65536,1588,1,BA,244,111967.566,111101.664,1876736,1876736
binary-64k,6,reused,65536,1588,2,BA,244,114807.598,111327.426,1876736,1876736
binary-64k,6,reused,65536,1588,3,AB,244,117165.029,112279.295,1876736,1876736
binary-64k,6,reused,65536,1588,4,AB,244,111835.160,109738.287,1876736,1876736
binary-64k,6,reused,65536,1588,5,BA,244,91699.893,89901.197,1876736,1876736
binary-64k,6,reused,65536,1588,6,BA,244,89402.500,85171.492,1876736,1876736
binary-64k,6,reused,65536,1588,7,AB,244,115721.451,112252.988,1876736,1876736
binary-64k,6,reused,65536,1588,8,AB,244,113142.160,113996.664,1876736,1876736
binary-64k,6,reused,65536,1588,9,BA,244,87738.795,85519.807,1876736,1876736
binary-64k,6,reused,65536,1588,10,BA,244,121996.865,114125.434,1876736,1876736
binary-64k,6,reused,65536,1588,11,AB,244,103639.734,85501.795,1876736,1876736
binary-64k,6,reused,65536,1588,12,AB,244,85796.016,86200.393,1876736,1876736
binary-64k,6,reused,65536,1588,13,BA,244,86134.008,85707.566,1876736,1876736
binary-64k,6,reused,65536,1588,14,BA,244,117719.008,93150.934,1876736,1876736
binary-64k,6,reused,65536,1588,15,AB,244,115170.361,105276.598,1876736,1876736
binary-64k,7,reused,65536,1588,0,AB,337,100350.662,103543.730,2384640,2384640
binary-64k,7,reused,65536,1588,1,BA,337,110715.967,109505.226,2384640,2384640
binary-64k,7,reused,65536,1588,2,BA,337,109396.887,109197.021,2384640,2384640
binary-64k,7,reused,65536,1588,3,AB,337,110243.157,109622.605,2384640,2384640
binary-64k,7,reused,65536,1588,4,AB,337,111511.932,108973.071,2384640,2384640
binary-64k,7,reused,65536,1588,5,BA,337,103075.315,81440.163,2384640,2384640
binary-64k,7,reused,65536,1588,6,BA,337,115879.169,109590.472,2384640,2384640
binary-64k,7,reused,65536,1588,7,AB,337,110523.042,111781.276,2384640,2384640
binary-64k,7,reused,65536,1588,8,AB,337,119191.902,110118.944,2384640,2384640
binary-64k,7,reused,65536,1588,9,BA,337,89946.774,94613.552,2384640,2384640
binary-64k,7,reused,65536,1588,10,BA,337,85017.552,86263.095,2384640,2384640
binary-64k,7,reused,65536,1588,11,AB,337,86788.608,86229.234,2384640,2384640
binary-64k,7,reused,65536,1588,12,AB,337,86013.430,81978.596,2384640,2384640
binary-64k,7,reused,65536,1588,13,BA,337,112189.766,86482.697,2384640,2384640
binary-64k,7,reused,65536,1588,14,BA,337,86845.065,96385.822,2384640,2384640
binary-64k,7,reused,65536,1588,15,AB,337,92915.861,89209.766,2384640,2384640
binary-64k,8,reused,65536,1588,0,AB,396,87584.280,87242.694,3433216,3433216
binary-64k,8,reused,65536,1588,1,BA,396,84732.412,81467.944,3433216,3433216
binary-64k,8,reused,65536,1588,2,BA,396,89027.253,81103.462,3433216,3433216
binary-64k,8,reused,65536,1588,3,AB,396,84341.619,81163.106,3433216,3433216
binary-64k,8,reused,65536,1588,4,AB,396,90737.962,106491.631,3433216,3433216
binary-64k,8,reused,65536,1588,5,BA,396,107874.997,83281.770,3433216,3433216
binary-64k,8,reused,65536,1588,6,BA,396,111975.482,113657.551,3433216,3433216
binary-64k,8,reused,65536,1588,7,AB,396,85574.939,87898.038,3433216,3433216
binary-64k,8,reused,65536,1588,8,AB,396,90670.934,83004.131,3433216,3433216
binary-64k,8,reused,65536,1588,9,BA,396,87401.222,81182.197,3433216,3433216
binary-64k,8,reused,65536,1588,10,BA,396,104419.995,85990.045,3433216,3433216
binary-64k,8,reused,65536,1588,11,AB,396,112451.758,106670.000,3433216,3433216
binary-64k,8,reused,65536,1588,12,AB,396,116462.220,101530.960,3433216,3433216
binary-64k,8,reused,65536,1588,13,BA,396,86501.937,84083.053,3433216,3433216
binary-64k,8,reused,65536,1588,14,BA,396,85275.078,85477.308,3433216,3433216
binary-64k,8,reused,65536,1588,15,AB,396,88490.553,98812.066,3433216,3433216
binary-64k,9,reused,65536,1349,0,AB,278,132457.396,140970.176,5530368,5530368
binary-64k,9,reused,65536,1349,1,BA,278,143136.755,125652.500,5530368,5530368
binary-64k,9,reused,65536,1349,2,BA,278,151934.047,139230.802,5530368,5530368
binary-64k,9,reused,65536,1349,3,AB,278,143307.737,143731.568,5530368,5530368
binary-64k,9,reused,65536,1349,4,AB,278,139302.950,129257.752,5530368,5530368
binary-64k,9,reused,65536,1349,5,BA,278,146461.946,118110.529,5530368,5530368
binary-64k,9,reused,65536,1349,6,BA,278,147102.813,140372.252,5530368,5530368
binary-64k,9,reused,65536,1349,7,AB,278,144028.047,150996.263,5530368,5530368
binary-64k,9,reused,65536,1349,8,AB,278,142820.892,124974.784,5530368,5530368
binary-64k,9,reused,65536,1349,9,BA,278,139182.252,132301.863,5530368,5530368
binary-64k,9,reused,65536,1349,10,BA,278,127232.835,140151.835,5530368,5530368
binary-64k,9,reused,65536,1349,11,AB,278,107581.968,146522.313,5530368,5530368
binary-64k,9,reused,65536,1349,12,AB,278,139562.629,142457.216,5530368,5530368
binary-64k,9,reused,65536,1349,13,BA,278,144897.903,146920.493,5530368,5530368
binary-64k,9,reused,65536,1349,14,BA,278,149813.460,145280.079,5530368,5530368
binary-64k,9,reused,65536,1349,15,AB,278,144950.504,139817.906,5530368,5530368
binary-64k,10,reused,65536,1063,0,AB,25,1532318.040,1543211.640,3880974,3887118
binary-64k,10,reused,65536,1063,1,BA,25,1557625.280,1538907.680,3880974,3887118
binary-64k,10,reused,65536,1063,2,BA,25,1497829.080,1502912.040,3880974,3887118
binary-64k,10,reused,65536,1063,3,AB,25,1498941.960,1485719.840,3880974,3887118
binary-64k,10,reused,65536,1063,4,AB,25,1501567.120,1549203.280,3880974,3887118
binary-64k,10,reused,65536,1063,5,BA,25,1532025.440,1613691.120,3880974,3887118
binary-64k,10,reused,65536,1063,6,BA,25,1493156.120,1522652.960,3880974,3887118
binary-64k,10,reused,65536,1063,7,AB,25,1460001.600,1514620.680,3880974,3887118
binary-64k,10,reused,65536,1063,8,AB,25,1493964.880,1558335.160,3880974,3887118
binary-64k,10,reused,65536,1063,9,BA,25,1507465.160,1482492.920,3880974,3887118
binary-64k,10,reused,65536,1063,10,BA,25,1536977.000,1488008.760,3880974,3887118
binary-64k,10,reused,65536,1063,11,AB,25,1464703.400,1573948.320,3880974,3887118
binary-64k,10,reused,65536,1063,12,AB,25,1500172.360,1529964.160,3880974,3887118
binary-64k,10,reused,65536,1063,13,BA,25,1504154.960,1544531.800,3880974,3887118
binary-64k,10,reused,65536,1063,14,BA,25,1496887.440,1517740.440,3880974,3887118
binary-64k,10,reused,65536,1063,15,AB,25,1456848.960,1521814.920,3880974,3887118
binary-64k,11,reused,65536,1065,0,AB,16,2546949.375,2439836.438,6097922,6104066
binary-64k,11,reused,65536,1065,1,BA,16,2562384.812,2661377.125,6097922,6104066
binary-64k,11,reused,65536,1065,2,BA,16,2469496.062,2425635.812,6097922,6104066
binary-64k,11,reused,65536,1065,3,AB,16,2685856.562,2557988.125,6097922,6104066
binary-64k,11,reused,65536,1065,4,AB,16,2482984.688,2439119.750,6097922,6104066
binary-64k,11,reused,65536,1065,5,BA,16,2638834.938,2490158.438,6097922,6104066
binary-64k,11,reused,65536,1065,6,BA,16,2519365.438,2449128.312,6097922,6104066
binary-64k,11,reused,65536,1065,7,AB,16,2521629.250,2531904.438,6097922,6104066
binary-64k,11,reused,65536,1065,8,AB,16,2623216.125,2477408.188,6097922,6104066
binary-64k,11,reused,65536,1065,9,BA,16,2539342.562,2518112.812,6097922,6104066
binary-64k,11,reused,65536,1065,10,BA,16,2661373.812,2497801.688,6097922,6104066
binary-64k,11,reused,65536,1065,11,AB,16,2480457.625,2476648.562,6097922,6104066
binary-64k,11,reused,65536,1065,12,AB,16,2512770.000,2456617.000,6097922,6104066
binary-64k,11,reused,65536,1065,13,BA,16,2573765.875,2509248.250,6097922,6104066
binary-64k,11,reused,65536,1065,14,BA,16,2582145.750,2559941.125,6097922,6104066
binary-64k,11,reused,65536,1065,15,AB,16,2634197.750,2506500.875,6097922,6104066
random-64k,0,reused,65536,65540,0,AB,3632,9359.020,9078.950,139240,139240
random-64k,0,reused,65536,65540,1,BA,3632,9302.470,9019.689,139240,139240
random-64k,0,reused,65536,65540,2,BA,3632,9169.981,8915.229,139240,139240
random-64k,0,reused,65536,65540,3,AB,3632,9667.822,9196.085,139240,139240
random-64k,0,reused,65536,65540,4,AB,3632,9563.059,9420.319,139240,139240
random-64k,0,reused,65536,65540,5,BA,3632,9673.894,8930.758,139240,139240
random-64k,0,reused,65536,65540,6,BA,3632,9260.980,9715.918,139240,139240
random-64k,0,reused,65536,65540,7,AB,3632,9186.640,9226.964,139240,139240
random-64k,0,reused,65536,65540,8,AB,3632,9188.866,9252.201,139240,139240
random-64k,0,reused,65536,65540,9,BA,3632,9461.258,9219.203,139240,139240
random-64k,0,reused,65536,65540,10,BA,3632,9454.391,9450.788,139240,139240
random-64k,0,reused,65536,65540,11,AB,3632,9489.801,9074.248,139240,139240
random-64k,0,reused,65536,65540,12,AB,3632,9437.757,9355.926,139240,139240
random-64k,0,reused,65536,65540,13,BA,3632,9133.592,9054.031,139240,139240
random-64k,0,reused,65536,65540,14,BA,3632,9546.303,8838.015,139240,139240
random-64k,0,reused,65536,65540,15,AB,3632,9152.542,8855.503,139240,139240
random-64k,1,reused,65536,65540,0,AB,5471,7476.541,7804.504,921104,921104
random-64k,1,reused,65536,65540,1,BA,5471,7312.646,7350.591,921104,921104
random-64k,1,reused,65536,65540,2,BA,5471,7244.614,7420.417,921104,921104
random-64k,1,reused,65536,65540,3,AB,5471,7425.759,7630.040,921104,921104
random-64k,1,reused,65536,65540,4,AB,5471,7396.123,7587.103,921104,921104
random-64k,1,reused,65536,65540,5,BA,5471,7525.914,7430.157,921104,921104
random-64k,1,reused,65536,65540,6,BA,5471,7422.144,7711.012,921104,921104
random-64k,1,reused,65536,65540,7,AB,5471,7394.281,7547.204,921104,921104
random-64k,1,reused,65536,65540,8,AB,5471,7331.813,7325.927,921104,921104
random-64k,1,reused,65536,65540,9,BA,5471,7448.773,7614.903,921104,921104
random-64k,1,reused,65536,65540,10,BA,5471,7225.215,7315.753,921104,921104
random-64k,1,reused,65536,65540,11,AB,5471,7669.721,7543.647,921104,921104
random-64k,1,reused,65536,65540,12,AB,5471,7398.899,7592.741,921104,921104
random-64k,1,reused,65536,65540,13,BA,5471,7354.058,7360.492,921104,921104
random-64k,1,reused,65536,65540,14,BA,5471,7335.271,7497.541,921104,921104
random-64k,1,reused,65536,65540,15,AB,5471,7703.806,7631.133,921104,921104
random-64k,2,reused,65536,65540,0,AB,1646,27080.711,24574.398,659275,659275
random-64k,2,reused,65536,65540,1,BA,1646,24928.682,25849.470,659275,659275
random-64k,2,reused,65536,65540,2,BA,1646,25078.328,24354.128,659275,659275
random-64k,2,reused,65536,65540,3,AB,1646,25250.038,24050.745,659275,659275
random-64k,2,reused,65536,65540,4,AB,1646,25773.375,31523.979,659275,659275
random-64k,2,reused,65536,65540,5,BA,1646,25244.733,26890.697,659275,659275
random-64k,2,reused,65536,65540,6,BA,1646,31950.830,25832.496,659275,659275
random-64k,2,reused,65536,65540,7,AB,1646,28704.782,24868.015,659275,659275
random-64k,2,reused,65536,65540,8,AB,1646,25502.444,26754.636,659275,659275
random-64k,2,reused,65536,65540,9,BA,1646,29436.654,25736.048,659275,659275
random-64k,2,reused,65536,65540,10,BA,1646,32286.433,26351.377,659275,659275
random-64k,2,reused,65536,65540,11,AB,1646,31802.313,25090.453,659275,659275
random-64k,2,reused,65536,65540,12,AB,1646,25131.106,24685.809,659275,659275
random-64k,2,reused,65536,65540,13,BA,1646,32412.270,30880.791,659275,659275
random-64k,2,reused,65536,65540,14,BA,1646,25518.465,26389.450,659275,659275
random-64k,2,reused,65536,65540,15,AB,1646,29428.482,27063.210,659275,659275
random-64k,3,reused,65536,65540,0,AB,1214,36478.456,39754.227,659275,659275
random-64k,3,reused,65536,65540,1,BA,1214,35043.581,35318.928,659275,659275
random-64k,3,reused,65536,65540,2,BA,1214,37343.036,35511.713,659275,659275
random-64k,3,reused,65536,65540,3,AB,1214,34307.020,33647.955,659275,659275
random-64k,3,reused,65536,65540,4,AB,1214,36597.608,36379.140,659275,659275
random-64k,3,reused,65536,65540,5,BA,1214,34880.350,34882.318,659275,659275
random-64k,3,reused,65536,65540,6,BA,1214,33468.171,38768.134,659275,659275
random-64k,3,reused,65536,65540,7,AB,1214,33618.694,36192.420,659275,659275
random-64k,3,reused,65536,65540,8,AB,1214,34177.025,38189.512,659275,659275
random-64k,3,reused,65536,65540,9,BA,1214,38527.594,34002.867,659275,659275
random-64k,3,reused,65536,65540,10,BA,1214,33235.164,34163.453,659275,659275
random-64k,3,reused,65536,65540,11,AB,1214,34679.889,35326.152,659275,659275
random-64k,3,reused,65536,65540,12,AB,1214,35416.071,37215.074,659275,659275
random-64k,3,reused,65536,65540,13,BA,1214,34968.789,34690.965,659275,659275
random-64k,3,reused,65536,65540,14,BA,1214,38018.863,37574.525,659275,659275
random-64k,3,reused,65536,65540,15,AB,1214,36852.432,36061.945,659275,659275
random-64k,4,reused,65536,65540,0,AB,968,41529.357,43731.305,1511216,1511216
random-64k,4,reused,65536,65540,1,BA,968,41651.686,43490.340,1511216,1511216
random-64k,4,reused,65536,65540,2,BA,968,45212.530,44340.365,1511216,1511216
random-64k,4,reused,65536,65540,3,AB,968,43393.916,44289.989,1511216,1511216
random-64k,4,reused,65536,65540,4,AB,968,45606.007,42632.625,1511216,1511216
random-64k,4,reused,65536,65540,5,BA,968,44693.700,42495.577,1511216,1511216
random-64k,4,reused,65536,65540,6,BA,968,42048.983,43463.067,1511216,1511216
random-64k,4,reused,65536,65540,7,AB,968,42486.720,45508.790,1511216,1511216
random-64k,4,reused,65536,65540,8,AB,968,44577.519,44563.342,1511216,1511216
random-64k,4,reused,65536,65540,9,BA,968,43831.685,46015.211,1511216,1511216
random-64k,4,reused,65536,65540,10,BA,968,41502.685,41747.401,1511216,1511216
random-64k,4,reused,65536,65540,11,AB,968,41581.581,43667.417,1511216,1511216
random-64k,4,reused,65536,65540,12,AB,968,42778.371,47229.380,1511216,1511216
random-64k,4,reused,65536,65540,13,BA,968,42879.819,42961.877,1511216,1511216
random-64k,4,reused,65536,65540,14,BA,968,42882.387,42676.052,1511216,1511216
random-64k,4,reused,65536,65540,15,AB,968,42126.165,43178.184,1511216,1511216
random-64k,5,reused,65536,65540,0,AB,551,63362.953,64420.820,2330416,2330416
random-64k,5,reused,65536,65540,1,BA,551,63559.623,64239.022,2330416,2330416
random-64k,5,reused,65536,65540,2,BA,551,63402.494,64918.154,2330416,2330416
random-64k,5,reused,65536,65540,3,AB,551,73448.436,77846.519,2330416,2330416
random-64k,5,reused,65536,65540,4,AB,551,101221.120,77163.982,2330416,2330416
random-64k,5,reused,65536,65540,5,BA,551,79720.949,68431.325,2330416,2330416
random-64k,5,reused,65536,65540,6,BA,551,88252.243,68413.891,2330416,2330416
random-64k,5,reused,65536,65540,7,AB,551,101891.537,91232.506,2330416,2330416
random-64k,5,reused,65536,65540,8,AB,551,65904.198,79515.581,2330416,2330416
random-64k,5,reused,65536,65540,9,BA,551,72229.995,100577.025,2330416,2330416
random-64k,5,reused,65536,65540,10,BA,551,64392.655,67430.521,2330416,2330416
random-64k,5,reused,65536,65540,11,AB,551,64107.328,64419.405,2330416,2330416
random-64k,5,reused,65536,65540,12,AB,551,65538.989,100652.800,2330416,2330416
random-64k,5,reused,65536,65540,13,BA,551,88906.886,68540.566,2330416,2330416
random-64k,5,reused,65536,65540,14,BA,551,63143.481,69334.299,2330416,2330416
random-64k,5,reused,65536,65540,15,AB,551,81349.397,85521.637,2330416,2330416
random-64k,6,reused,65536,65540,0,AB,284,120309.430,124227.676,1466160,1466160
random-64k,6,reused,65536,65540,1,BA,284,124815.831,125692.363,1466160,1466160
random-64k,6,reused,65536,65540,2,BA,284,124844.391,123072.708,1466160,1466160
random-64k,6,reused,65536,65540,3,AB,284,125660.398,125647.669,1466160,1466160
random-64k,6,reused,65536,65540,4,AB,284,126823.718,122378.891,1466160,1466160
random-64k,6,reused,65536,65540,5,BA,284,124753.324,123929.711,1466160,1466160
random-64k,6,reused,65536,65540,6,BA,284,120801.993,128739.539,1466160,1466160
random-64k,6,reused,65536,65540,7,AB,284,125150.954,124986.063,1466160,1466160
random-64k,6,reused,65536,65540,8,AB,284,121416.042,120239.173,1466160,1466160
random-64k,6,reused,65536,65540,9,BA,284,121779.496,122045.011,1466160,1466160
random-64k,6,reused,65536,65540,10,BA,284,119155.204,138758.567,1466160,1466160
random-64k,6,reused,65536,65540,11,AB,284,129531.306,134436.246,1466160,1466160
random-64k,6,reused,65536,65540,12,AB,284,125112.370,123617.982,1466160,1466160
random-64k,6,reused,65536,65540,13,BA,284,127029.514,122619.532,1466160,1466160
random-64k,6,reused,65536,65540,14,BA,284,128213.173,126388.620,1466160,1466160
random-64k,6,reused,65536,65540,15,AB,284,121656.173,127038.342,1466160,1466160
random-64k,7,reused,65536,65540,0,AB,296,132583.929,115445.561,1515312,1515312
random-64k,7,reused,65536,65540,1,BA,296,128888.118,117388.139,1515312,1515312
random-64k,7,reused,65536,65540,2,BA,296,129339.834,116047.030,1515312,1515312
random-64k,7,reused,65536,65540,3,AB,296,133691.736,115163.659,1515312,1515312
random-64k,7,reused,65536,65540,4,AB,296,139090.970,120331.365,1515312,1515312
random-64k,7,reused,65536,65540,5,BA,296,126130.858,112817.480,1515312,1515312
random-64k,7,reused,65536,65540,6,BA,296,128943.983,120167.821,1515312,1515312
random-64k,7,reused,65536,65540,7,AB,296,133045.341,116673.351,1515312,1515312
random-64k,7,reused,65536,65540,8,AB,296,127640.959,118537.537,1515312,1515312
random-64k,7,reused,65536,65540,9,BA,296,133972.395,117482.274,1515312,1515312
random-64k,7,reused,65536,65540,10,BA,296,129867.635,122830.476,1515312,1515312
random-64k,7,reused,65536,65540,11,AB,296,128702.662,118643.628,1515312,1515312
random-64k,7,reused,65536,65540,12,AB,296,128757.368,119839.858,1515312,1515312
random-64k,7,reused,65536,65540,13,BA,296,127420.236,117946.216,1515312,1515312
random-64k,7,reused,65536,65540,14,BA,296,131026.010,120688.611,1515312,1515312
random-64k,7,reused,65536,65540,15,AB,296,126346.497,121642.307,1515312,1515312
random-64k,8,reused,65536,65540,0,AB,286,119397.458,117255.934,1519408,1519408
random-64k,8,reused,65536,65540,1,BA,286,122683.993,121357.916,1519408,1519408
random-64k,8,reused,65536,65540,2,BA,286,115120.668,115687.776,1519408,1519408
random-64k,8,reused,65536,65540,3,AB,286,113433.724,117834.161,1519408,1519408
random-64k,8,reused,65536,65540,4,AB,286,120622.395,113430.182,1519408,1519408
random-64k,8,reused,65536,65540,5,BA,286,116442.906,115451.745,1519408,1519408
random-64k,8,reused,65536,65540,6,BA,286,123728.206,115099.664,1519408,1519408
random-64k,8,reused,65536,65540,7,AB,286,117101.325,111987.119,1519408,1519408
random-64k,8,reused,65536,65540,8,AB,286,124661.276,112980.332,1519408,1519408
random-64k,8,reused,65536,65540,9,BA,286,124771.273,117660.976,1519408,1519408
random-64k,8,reused,65536,65540,10,BA,286,114428.147,115305.003,1519408,1519408
random-64k,8,reused,65536,65540,11,AB,286,118204.598,119627.063,1519408,1519408
random-64k,8,reused,65536,65540,12,AB,286,116981.594,119836.818,1519408,1519408
random-64k,8,reused,65536,65540,13,BA,286,119425.671,120644.916,1519408,1519408
random-64k,8,reused,65536,65540,14,BA,286,125791.056,114673.038,1519408,1519408
random-64k,8,reused,65536,65540,15,AB,286,115586.318,130571.850,1519408,1519408
random-64k,9,reused,65536,65540,0,AB,242,155667.000,145785.438,1543984,1543984
random-64k,9,reused,65536,65540,1,BA,242,160089.450,149254.711,1543984,1543984
random-64k,9,reused,65536,65540,2,BA,242,155706.690,148949.368,1543984,1543984
random-64k,9,reused,65536,65540,3,AB,242,154349.248,155218.810,1543984,1543984
random-64k,9,reused,65536,65540,4,AB,242,151679.579,147984.905,1543984,1543984
random-64k,9,reused,65536,65540,5,BA,242,155409.864,145231.475,1543984,1543984
random-64k,9,reused,65536,65540,6,BA,242,155301.302,150469.236,1543984,1543984
random-64k,9,reused,65536,65540,7,AB,242,156879.789,144923.178,1543984,1543984
random-64k,9,reused,65536,65540,8,AB,242,158995.645,156160.318,1543984,1543984
random-64k,9,reused,65536,65540,9,BA,242,166142.822,148101.298,1543984,1543984
random-64k,9,reused,65536,65540,10,BA,242,159388.698,151809.384,1543984,1543984
random-64k,9,reused,65536,65540,11,AB,242,155938.467,149214.517,1543984,1543984
random-64k,9,reused,65536,65540,12,AB,242,159724.190,160238.269,1543984,1543984
random-64k,9,reused,65536,65540,13,BA,242,163599.740,148636.587,1543984,1543984
random-64k,9,reused,65536,65540,14,BA,242,163107.798,144106.041,1543984,1543984
random-64k,9,reused,65536,65540,15,AB,242,160028.000,147520.773,1543984,1543984
random-64k,10,reused,65536,65540,0,AB,9,4385888.222,4600177.111,3378960,3385104
random-64k,10,reused,65536,65540,1,BA,9,4264163.000,4333410.667,3378960,3385104
random-64k,10,reused,65536,65540,2,BA,9,4280798.333,4277850.111,3378960,3385104
random-64k,10,reused,65536,65540,3,AB,9,4211304.556,4244362.889,3378960,3385104
random-64k,10,reused,65536,65540,4,AB,9,4424193.556,4305479.111,3378960,3385104
random-64k,10,reused,65536,65540,5,BA,9,4421850.889,4206509.778,3378960,3385104
random-64k,10,reused,65536,65540,6,BA,9,4284584.667,4386410.889,3378960,3385104
random-64k,10,reused,65536,65540,7,AB,9,4239770.444,4487009.778,3378960,3385104
random-64k,10,reused,65536,65540,8,AB,9,4321151.000,4213057.889,3378960,3385104
random-64k,10,reused,65536,65540,9,BA,9,4156502.556,4237048.778,3378960,3385104
random-64k,10,reused,65536,65540,10,BA,9,4177135.889,4230913.000,3378960,3385104
random-64k,10,reused,65536,65540,11,AB,9,4177560.333,4387306.778,3378960,3385104
random-64k,10,reused,65536,65540,12,AB,9,4361267.111,4320889.000,3378960,3385104
random-64k,10,reused,65536,65540,13,BA,9,4171980.000,4224802.667,3378960,3385104
random-64k,10,reused,65536,65540,14,BA,9,4319452.333,4312246.778,3378960,3385104
random-64k,10,reused,65536,65540,15,AB,9,4117886.778,4556178.000,3378960,3385104
random-64k,11,reused,65536,65540,0,AB,6,5952015.000,6383186.500,5738224,5744368
random-64k,11,reused,65536,65540,1,BA,6,6098217.333,6185840.000,5738224,5744368
random-64k,11,reused,65536,65540,2,BA,6,6001182.667,6476587.333,5738224,5744368
random-64k,11,reused,65536,65540,3,AB,6,6062349.833,6087326.000,5738224,5744368
random-64k,11,reused,65536,65540,4,AB,6,6661270.000,6175708.833,5738224,5744368
random-64k,11,reused,65536,65540,5,BA,6,6125398.333,6163624.000,5738224,5744368
random-64k,11,reused,65536,65540,6,BA,6,5815545.667,5976780.333,5738224,5744368
random-64k,11,reused,65536,65540,7,AB,6,5871041.167,5928945.667,5738224,5744368
random-64k,11,reused,65536,65540,8,AB,6,5972107.667,6011709.333,5738224,5744368
random-64k,11,reused,65536,65540,9,BA,6,5861417.167,5916081.833,5738224,5744368
random-64k,11,reused,65536,65540,10,BA,6,6030635.500,6107460.667,5738224,5744368
random-64k,11,reused,65536,65540,11,AB,6,5939713.167,6082297.500,5738224,5744368
random-64k,11,reused,65536,65540,12,AB,6,6063421.500,6000977.333,5738224,5744368
random-64k,11,reused,65536,65540,13,BA,6,6047590.167,6154635.833,5738224,5744368
random-64k,11,reused,65536,65540,14,BA,6,5869932.667,5981728.000,5738224,5744368
random-64k,11,reused,65536,65540,15,AB,6,5882637.000,6054930.167,5738224,5744368
random-1m,0,reused,1048576,1048581,0,AB,506,73853.990,74621.079,139240,139240
random-1m,0,reused,1048576,1048581,1,BA,506,72112.960,73213.310,139240,139240
random-1m,0,reused,1048576,1048581,2,BA,506,72700.113,72545.585,139240,139240
random-1m,0,reused,1048576,1048581,3,AB,506,74142.719,75322.340,139240,139240
random-1m,0,reused,1048576,1048581,4,AB,506,78309.672,74644.913,139240,139240
random-1m,0,reused,1048576,1048581,5,BA,506,73319.540,74030.172,139240,139240
random-1m,0,reused,1048576,1048581,6,BA,506,73364.425,74251.340,139240,139240
random-1m,0,reused,1048576,1048581,7,AB,506,72119.275,74342.508,139240,139240
random-1m,0,reused,1048576,1048581,8,AB,506,73072.536,72157.526,139240,139240
random-1m,0,reused,1048576,1048581,9,BA,506,74358.828,73322.670,139240,139240
random-1m,0,reused,1048576,1048581,10,BA,506,75457.652,74153.200,139240,139240
random-1m,0,reused,1048576,1048581,11,AB,506,73923.854,75726.455,139240,139240
random-1m,0,reused,1048576,1048581,12,AB,506,74624.698,71804.597,139240,139240
random-1m,0,reused,1048576,1048581,13,BA,506,72461.374,75192.277,139240,139240
random-1m,0,reused,1048576,1048581,14,BA,506,72550.480,71281.020,139240,139240
random-1m,0,reused,1048576,1048581,15,AB,506,71916.970,71287.881,139240,139240
random-1m,1,reused,1048576,1048581,0,AB,340,106280.762,105014.803,1183248,1183248
random-1m,1,reused,1048576,1048581,1,BA,340,110268.709,104686.568,1183248,1183248
random-1m,1,reused,1048576,1048581,2,BA,340,107150.912,105589.047,1183248,1183248
random-1m,1,reused,1048576,1048581,3,AB,340,109204.906,105090.574,1183248,1183248
random-1m,1,reused,1048576,1048581,4,AB,340,107932.476,107076.482,1183248,1183248
random-1m,1,reused,1048576,1048581,5,BA,340,109175.659,105569.132,1183248,1183248
random-1m,1,reused,1048576,1048581,6,BA,340,110135.138,106259.559,1183248,1183248
random-1m,1,reused,1048576,1048581,7,AB,340,110267.291,105666.318,1183248,1183248
random-1m,1,reused,1048576,1048581,8,AB,340,112580.074,107914.521,1183248,1183248
random-1m,1,reused,1048576,1048581,9,BA,340,109906.715,107381.791,1183248,1183248
random-1m,1,reused,1048576,1048581,10,BA,340,110568.862,108067.006,1183248,1183248
random-1m,1,reused,1048576,1048581,11,AB,340,109526.926,107553.226,1183248,1183248
random-1m,1,reused,1048576,1048581,12,AB,340,108947.112,107127.168,1183248,1183248
random-1m,1,reused,1048576,1048581,13,BA,340,107758.641,107048.082,1183248,1183248
random-1m,1,reused,1048576,1048581,14,BA,340,108258.162,104620.785,1183248,1183248
random-1m,1,reused,1048576,1048581,15,AB,340,109506.156,106744.247,1183248,1183248
random-1m,2,reused,1048576,1048581,0,AB,95,413065.874,422722.526,3608935,3608935
random-1m,2,reused,1048576,1048581,1,BA,95,509877.621,511950.305,3608935,3608935
random-1m,2,reused,1048576,1048581,2,BA,95,505389.137,506881.411,3608935,3608935
random-1m,2,reused,1048576,1048581,3,AB,95,478344.453,475612.211,3608935,3608935
random-1m,2,reused,1048576,1048581,4,AB,95,426616.737,411383.621,3608935,3608935
random-1m,2,reused,1048576,1048581,5,BA,95,422099.347,411954.284,3608935,3608935
random-1m,2,reused,1048576,1048581,6,BA,95,469952.326,458443.253,3608935,3608935
random-1m,2,reused,1048576,1048581,7,AB,95,429995.495,446395.432,3608935,3608935
random-1m,2,reused,1048576,1048581,8,AB,95,514700.379,505207.884,3608935,3608935
random-1m,2,reused,1048576,1048581,9,BA,95,431503.716,508286.253,3608935,3608935
random-1m,2,reused,1048576,1048581,10,BA,95,407369.032,412510.411,3608935,3608935
random-1m,2,reused,1048576,1048581,11,AB,95,411694.053,430842.200,3608935,3608935
random-1m,2,reused,1048576,1048581,12,AB,95,412226.695,416037.600,3608935,3608935
random-1m,2,reused,1048576,1048581,13,BA,95,432189.453,405234.147,3608935,3608935
random-1m,2,reused,1048576,1048581,14,BA,95,507206.674,452922.389,3608935,3608935
random-1m,2,reused,1048576,1048581,15,AB,95,406487.979,411524.084,3608935,3608935
random-1m,3,reused,1048576,1048581,0,AB,68,585540.971,611647.044,3608935,3608935
random-1m,3,reused,1048576,1048581,1,BA,68,572291.882,581771.176,3608935,3608935
random-1m,3,reused,1048576,1048581,2,BA,68,578029.721,577671.250,3608935,3608935
random-1m,3,reused,1048576,1048581,3,AB,68,575709.809,577589.176,3608935,3608935
random-1m,3,reused,1048576,1048581,4,AB,68,571426.353,589684.103,3608935,3608935
random-1m,3,reused,1048576,1048581,5,BA,68,575739.544,580010.382,3608935,3608935
random-1m,3,reused,1048576,1048581,6,BA,68,588109.735,587417.603,3608935,3608935
random-1m,3,reused,1048576,1048581,7,AB,68,585948.574,608329.559,3608935,3608935
random-1m,3,reused,1048576,1048581,8,AB,68,564916.250,581492.441,3608935,3608935
random-1m,3,reused,1048576,1048581,9,BA,68,578401.103,605390.118,3608935,3608935
random-1m,3,reused,1048576,1048581,10,BA,68,575606.441,574461.809,3608935,3608935
random-1m,3,reused,1048576,1048581,11,AB,68,580472.618,581461.956,3608935,3608935
random-1m,3,reused,1048576,1048581,12,AB,68,590878.500,575299.441,3608935,3608935
random-1m,3,reused,1048576,1048581,13,BA,68,586277.074,581092.000,3608935,3608935
random-1m,3,reused,1048576,1048581,14,BA,68,584114.324,573635.750,3608935,3608935
random-1m,3,reused,1048576,1048581,15,AB,68,584322.324,593759.029,3608935,3608935
random-1m,4,reused,1048576,1048581,0,AB,39,1276001.769,1269919.897,8130487,8130487
random-1m,4,reused,1048576,1048581,1,BA,39,1266145.231,1167080.744,8130487,8130487
random-1m,4,reused,1048576,1048581,2,BA,39,1067158.692,1168330.026,8130487,8130487
random-1m,4,reused,1048576,1048581,3,AB,39,1133306.308,1036004.769,8130487,8130487
random-1m,4,reused,1048576,1048581,4,AB,39,1031319.538,1173045.385,8130487,8130487
random-1m,4,reused,1048576,1048581,5,BA,39,1191977.949,1225154.282,8130487,8130487
random-1m,4,reused,1048576,1048581,6,BA,39,1091507.359,1042967.333,8130487,8130487
random-1m,4,reused,1048576,1048581,7,AB,39,1138131.256,1156558.949,8130487,8130487
random-1m,4,reused,1048576,1048581,8,AB,39,1206567.205,1137029.692,8130487,8130487
random-1m,4,reused,1048576,1048581,9,BA,39,1090466.487,1030962.385,8130487,8130487
random-1m,4,reused,1048576,1048581,10,BA,39,1025336.026,1056623.692,8130487,8130487
random-1m,4,reused,1048576,1048581,11,AB,39,1005372.308,1071814.205,8130487,8130487
random-1m,4,reused,1048576,1048581,12,AB,39,1094249.615,1077283.103,8130487,8130487
random-1m,4,reused,1048576,1048581,13,BA,39,1062618.256,1056402.051,8130487,8130487
random-1m,4,reused,1048576,1048581,14,BA,39,1098643.615,1117862.282,8130487,8130487
random-1m,4,reused,1048576,1048581,15,AB,39,1177512.256,1025752.000,8130487,8130487
random-1m,5,reused,1048576,1048581,0,AB,31,1629381.935,1261502.935,6623159,6623159
random-1m,5,reused,1048576,1048581,1,BA,31,2219435.355,1260588.742,6623159,6623159
random-1m,5,reused,1048576,1048581,2,BA,31,1392064.161,1405917.935,6623159,6623159
random-1m,5,reused,1048576,1048581,3,AB,31,1280666.194,1283299.742,6623159,6623159
random-1m,5,reused,1048576,1048581,4,AB,31,1268122.000,1254967.387,6623159,6623159
random-1m,5,reused,1048576,1048581,5,BA,31,1278686.226,1275933.903,6623159,6623159
random-1m,5,reused,1048576,1048581,6,BA,31,1271268.645,1237274.742,6623159,6623159
random-1m,5,reused,1048576,1048581,7,AB,31,1482301.581,1295977.129,6623159,6623159
random-1m,5,reused,1048576,1048581,8,AB,31,1284561.710,1308352.806,6623159,6623159
random-1m,5,reused,1048576,1048581,9,BA,31,1284564.484,1363726.065,6623159,6623159
random-1m,5,reused,1048576,1048581,10,BA,31,1283995.290,1252543.226,6623159,6623159
random-1m,5,reused,1048576,1048581,11,AB,31,2454225.742,1718831.000,6623159,6623159
random-1m,5,reused,1048576,1048581,12,AB,31,1292059.516,1298351.355,6623159,6623159
random-1m,5,reused,1048576,1048581,13,BA,31,1309822.226,1294824.871,6623159,6623159
random-1m,5,reused,1048576,1048581,14,BA,31,1296763.613,1286734.548,6623159,6623159
random-1m,5,reused,1048576,1048581,15,AB,31,1637708.161,2011977.645,6623159,6623159
random-1m,6,reused,1048576,1048581,0,AB,26,2610407.038,1490865.962,9244599,9244599
random-1m,6,reused,1048576,1048581,1,BA,26,1556507.769,1459904.000,9244599,9244599
random-1m,6,reused,1048576,1048581,2,BA,26,1545791.385,1868772.192,9244599,9244599
random-1m,6,reused,1048576,1048581,3,AB,26,1527061.615,1566812.731,9244599,9244599
random-1m,6,reused,1048576,1048581,4,AB,26,1597957.962,1473999.731,9244599,9244599
random-1m,6,reused,1048576,1048581,5,BA,26,1620616.885,1443817.962,9244599,9244599
random-1m,6,reused,1048576,1048581,6,BA,26,1587299.500,1593217.769,9244599,9244599
random-1m,6,reused,1048576,1048581,7,AB,26,1535942.077,1521862.654,9244599,9244599
random-1m,6,reused,1048576,1048581,8,AB,26,1586818.731,1442216.269,9244599,9244599
random-1m,6,reused,1048576,1048581,9,BA,26,1659600.231,1445677.615,9244599,9244599
random-1m,6,reused,1048576,1048581,10,BA,26,1547401.192,1465125.000,9244599,9244599
random-1m,6,reused,1048576,1048581,11,AB,26,1521700.769,1465747.154,9244599,9244599
random-1m,6,reused,1048576,1048581,12,AB,26,1634303.962,1727545.808,9244599,9244599
random-1m,6,reused,1048576,1048581,13,BA,26,1510240.654,1433744.538,9244599,9244599
random-1m,6,reused,1048576,1048581,14,BA,26,1512909.885,1423243.192,9244599,9244599
random-1m,6,reused,1048576,1048581,15,AB,26,2842405.923,1939506.154,9244599,9244599
random-1m,7,reused,1048576,1048581,0,AB,16,2424053.688,2531666.688,12390327,12390327
random-1m,7,reused,1048576,1048581,1,BA,16,2418718.062,2619947.125,12390327,12390327
random-1m,7,reused,1048576,1048581,2,BA,16,2859711.750,2885917.375,12390327,12390327
random-1m,7,reused,1048576,1048581,3,AB,16,2660897.750,2905589.812,12390327,12390327
random-1m,7,reused,1048576,1048581,4,AB,16,2478018.375,2605450.062,12390327,12390327
random-1m,7,reused,1048576,1048581,5,BA,16,2708556.625,2581988.938,12390327,12390327
random-1m,7,reused,1048576,1048581,6,BA,16,2332642.375,2446692.188,12390327,12390327
random-1m,7,reused,1048576,1048581,7,AB,16,2899263.188,3171329.938,12390327,12390327
random-1m,7,reused,1048576,1048581,8,AB,16,2515260.125,2679038.750,12390327,12390327
random-1m,7,reused,1048576,1048581,9,BA,16,3089168.312,2667944.500,12390327,12390327
random-1m,7,reused,1048576,1048581,10,BA,16,3124711.438,3101252.250,12390327,12390327
random-1m,7,reused,1048576,1048581,11,AB,16,2673149.188,2775716.562,12390327,12390327
random-1m,7,reused,1048576,1048581,12,AB,16,2573351.812,2997564.688,12390327,12390327
random-1m,7,reused,1048576,1048581,13,BA,16,2901831.875,3119170.750,12390327,12390327
random-1m,7,reused,1048576,1048581,14,BA,16,2500548.688,2867493.875,12390327,12390327
random-1m,7,reused,1048576,1048581,15,AB,16,2285484.688,2414879.562,12390327,12390327
random-1m,8,reused,1048576,1048581,0,AB,10,3102623.700,3130382.000,38342583,38342583
random-1m,8,reused,1048576,1048581,1,BA,10,3261462.300,3095741.400,38342583,38342583
random-1m,8,reused,1048576,1048581,2,BA,10,3064212.300,3062286.800,38342583,38342583
random-1m,8,reused,1048576,1048581,3,AB,10,3060862.800,3119425.100,38342583,38342583
random-1m,8,reused,1048576,1048581,4,AB,10,3117558.700,3060234.500,38342583,38342583
random-1m,8,reused,1048576,1048581,5,BA,10,3328345.100,3121698.900,38342583,38342583
random-1m,8,reused,1048576,1048581,6,BA,10,3083111.900,3076208.900,38342583,38342583
random-1m,8,reused,1048576,1048581,7,AB,10,3124104.600,2978341.600,38342583,38342583
random-1m,8,reused,1048576,1048581,8,AB,10,3197355.500,3039814.300,38342583,38342583
random-1m,8,reused,1048576,1048581,9,BA,10,3280621.700,2981397.200,38342583,38342583
random-1m,8,reused,1048576,1048581,10,BA,10,3061522.100,3096118.200,38342583,38342583
random-1m,8,reused,1048576,1048581,11,AB,10,3029081.200,3165240.700,38342583,38342583
random-1m,8,reused,1048576,1048581,12,AB,10,3327344.900,2968465.100,38342583,38342583
random-1m,8,reused,1048576,1048581,13,BA,10,3264991.900,3086393.500,38342583,38342583
random-1m,8,reused,1048576,1048581,14,BA,10,3472361.600,3489948.200,38342583,38342583
random-1m,8,reused,1048576,1048581,15,AB,10,3328743.700,3028630.600,38342583,38342583
random-1m,9,reused,1048576,1048581,0,AB,8,4545157.875,4497094.750,74256203,74256203
random-1m,9,reused,1048576,1048581,1,BA,8,4668021.500,4499495.875,74256203,74256203
random-1m,9,reused,1048576,1048581,2,BA,8,4575055.000,4569677.000,74256203,74256203
random-1m,9,reused,1048576,1048581,3,AB,8,4544605.750,4519560.375,74256203,74256203
random-1m,9,reused,1048576,1048581,4,AB,8,4555574.500,4490592.125,74256203,74256203
random-1m,9,reused,1048576,1048581,5,BA,8,4696425.750,4465723.500,74256203,74256203
random-1m,9,reused,1048576,1048581,6,BA,8,4712862.000,4583534.750,74256203,74256203
random-1m,9,reused,1048576,1048581,7,AB,8,4492747.750,4646547.750,74256203,74256203
random-1m,9,reused,1048576,1048581,8,AB,8,4557947.375,4488095.875,74256203,74256203
random-1m,9,reused,1048576,1048581,9,BA,8,4614606.125,4566885.125,74256203,74256203
random-1m,9,reused,1048576,1048581,10,BA,8,4850762.250,4509802.250,74256203,74256203
random-1m,9,reused,1048576,1048581,11,AB,8,4560695.375,4571276.875,74256203,74256203
random-1m,9,reused,1048576,1048581,12,AB,8,4614299.625,4573893.250,74256203,74256203
random-1m,9,reused,1048576,1048581,13,BA,8,4555476.125,4459125.000,74256203,74256203
random-1m,9,reused,1048576,1048581,14,BA,8,4641286.000,4504578.750,74256203,74256203
random-1m,9,reused,1048576,1048581,15,AB,8,4495204.625,4393949.000,74256203,74256203
random-1m,10,reused,1048576,1048581,0,AB,1,129576464.000,124880327.000,45649707,45655851
random-1m,10,reused,1048576,1048581,1,BA,1,127754968.000,125379910.000,45649707,45655851
random-1m,10,reused,1048576,1048581,2,BA,1,124775672.000,124675128.000,45649707,45655851
random-1m,10,reused,1048576,1048581,3,AB,1,122862620.000,131090481.000,45649707,45655851
random-1m,10,reused,1048576,1048581,4,AB,1,124480563.000,127406681.000,45649707,45655851
random-1m,10,reused,1048576,1048581,5,BA,1,130651626.000,126796701.000,45649707,45655851
random-1m,10,reused,1048576,1048581,6,BA,1,123511736.000,126300706.000,45649707,45655851
random-1m,10,reused,1048576,1048581,7,AB,1,126956975.000,134782299.000,45649707,45655851
random-1m,10,reused,1048576,1048581,8,AB,1,125992605.000,123131625.000,45649707,45655851
random-1m,10,reused,1048576,1048581,9,BA,1,126283825.000,127693585.000,45649707,45655851
random-1m,10,reused,1048576,1048581,10,BA,1,128803615.000,126046401.000,45649707,45655851
random-1m,10,reused,1048576,1048581,11,AB,1,124746188.000,130786881.000,45649707,45655851
random-1m,10,reused,1048576,1048581,12,AB,1,124437286.000,125345496.000,45649707,45655851
random-1m,10,reused,1048576,1048581,13,BA,1,127231862.000,124423571.000,45649707,45655851
random-1m,10,reused,1048576,1048581,14,BA,1,124379057.000,124690677.000,45649707,45655851
random-1m,10,reused,1048576,1048581,15,AB,1,122040951.000,128656688.000,45649707,45655851
random-1m,11,reused,1048576,1048581,0,AB,1,153686349.000,177212360.000,55086859,55093003
random-1m,11,reused,1048576,1048581,1,BA,1,158520737.000,165257728.000,55086859,55093003
random-1m,11,reused,1048576,1048581,2,BA,1,160116798.000,158430926.000,55086859,55093003
random-1m,11,reused,1048576,1048581,3,AB,1,167357006.000,159502482.000,55086859,55093003
random-1m,11,reused,1048576,1048581,4,AB,1,160265502.000,157008227.000,55086859,55093003
random-1m,11,reused,1048576,1048581,5,BA,1,172744866.000,166833015.000,55086859,55093003
random-1m,11,reused,1048576,1048581,6,BA,1,157202897.000,161195656.000,55086859,55093003
random-1m,11,reused,1048576,1048581,7,AB,1,162785238.000,166865332.000,55086859,55093003
random-1m,11,reused,1048576,1048581,8,AB,1,155754461.000,177196579.000,55086859,55093003
random-1m,11,reused,1048576,1048581,9,BA,1,156375178.000,175071916.000,55086859,55093003
random-1m,11,reused,1048576,1048581,10,BA,1,162239950.000,164799868.000,55086859,55093003
random-1m,11,reused,1048576,1048581,11,AB,1,158932168.000,165858121.000,55086859,55093003
random-1m,11,reused,1048576,1048581,12,AB,1,161968828.000,157761515.000,55086859,55093003
random-1m,11,reused,1048576,1048581,13,BA,1,159656329.000,161284470.000,55086859,55093003
random-1m,11,reused,1048576,1048581,14,BA,1,155821438.000,167489018.000,55086859,55093003
random-1m,11,reused,1048576,1048581,15,AB,1,153383773.000,155278876.000,55086859,55093003
repeated-1m,0,reused,1048576,712,0,AB,239,156921.297,154505.611,139240,139240
repeated-1m,0,reused,1048576,712,1,BA,239,162178.983,156368.435,139240,139240
repeated-1m,0,reused,1048576,712,2,BA,239,160160.812,158081.100,139240,139240
repeated-1m,0,reused,1048576,712,3,AB,239,170942.782,159947.632,139240,139240
repeated-1m,0,reused,1048576,712,4,AB,239,159198.151,158720.381,139240,139240
repeated-1m,0,reused,1048576,712,5,BA,239,161654.096,160129.565,139240,139240
repeated-1m,0,reused,1048576,712,6,BA,239,158193.423,161922.586,139240,139240
repeated-1m,0,reused,1048576,712,7,AB,239,156956.201,160367.142,139240,139240
repeated-1m,0,reused,1048576,712,8,AB,239,157674.008,157572.649,139240,139240
repeated-1m,0,reused,1048576,712,9,BA,239,158267.808,157177.477,139240,139240
repeated-1m,0,reused,1048576,712,10,BA,239,161349.979,158013.105,139240,139240
repeated-1m,0,reused,1048576,712,11,AB,239,160702.485,157199.251,139240,139240
repeated-1m,0,reused,1048576,712,12,AB,239,159514.653,161003.732,139240,139240
repeated-1m,0,reused,1048576,712,13,BA,239,157293.552,158709.172,139240,139240
repeated-1m,0,reused,1048576,712,14,BA,239,159560.285,159980.795,139240,139240
repeated-1m,0,reused,1048576,712,15,AB,239,161352.561,160866.188,139240,139240
repeated-1m,1,reused,1048576,190,0,AB,1003,39962.956,40305.731,1183304,1183304
repeated-1m,1,reused,1048576,190,1,BA,1003,40288.133,39285.499,1183304,1183304
repeated-1m,1,reused,1048576,190,2,BA,1003,39905.690,40257.383,1183304,1183304
repeated-1m,1,reused,1048576,190,3,AB,1003,38839.380,39808.500,1183304,1183304
repeated-1m,1,reused,1048576,190,4,AB,1003,39928.620,40155.395,1183304,1183304
repeated-1m,1,reused,1048576,190,5,BA,1003,39676.534,39539.175,1183304,1183304
repeated-1m,1,reused,1048576,190,6,BA,1003,39715.945,39713.171,1183304,1183304
repeated-1m,1,reused,1048576,190,7,AB,1003,40240.190,39441.256,1183304,1183304
repeated-1m,1,reused,1048576,190,8,AB,1003,40739.803,40367.265,1183304,1183304
repeated-1m,1,reused,1048576,190,9,BA,1003,39814.341,41435.695,1183304,1183304
repeated-1m,1,reused,1048576,190,10,BA,1003,40397.071,39487.289,1183304,1183304
repeated-1m,1,reused,1048576,190,11,AB,1003,39031.773,41625.730,1183304,1183304
repeated-1m,1,reused,1048576,190,12,AB,1003,39593.831,40057.582,1183304,1183304
repeated-1m,1,reused,1048576,190,13,BA,1003,38334.191,39122.918,1183304,1183304
repeated-1m,1,reused,1048576,190,14,BA,1003,39192.121,39683.540,1183304,1183304
repeated-1m,1,reused,1048576,190,15,AB,1003,40348.388,41440.720,1183304,1183304
repeated-1m,2,reused,1048576,23,0,AB,788,47050.019,47468.624,3609703,3609703
repeated-1m,2,reused,1048576,23,1,BA,788,46828.081,48242.393,3609703,3609703
repeated-1m,2,reused,1048576,23,2,BA,788,46438.258,47857.387,3609703,3609703
repeated-1m,2,reused,1048576,23,3,AB,788,46100.778,48957.701,3609703,3609703
repeated-1m,2,reused,1048576,23,4,AB,788,47582.910,47542.788,3609703,3609703
repeated-1m,2,reused,1048576,23,5,BA,788,48615.119,46635.504,3609703,3609703
repeated-1m,2,reused,1048576,23,6,BA,788,47509.308,48159.513,3609703,3609703
repeated-1m,2,reused,1048576,23,7,AB,788,47828.105,48452.072,3609703,3609703
repeated-1m,2,reused,1048576,23,8,AB,788,47445.256,46846.456,3609703,3609703
repeated-1m,2,reused,1048576,23,9,BA,788,47695.632,46486.962,3609703,3609703
repeated-1m,2,reused,1048576,23,10,BA,788,46969.062,46743.845,3609703,3609703
repeated-1m,2,reused,1048576,23,11,AB,788,48741.721,48201.006,3609703,3609703
repeated-1m,2,reused,1048576,23,12,AB,788,48819.763,46434.992,3609703,3609703
repeated-1m,2,reused,1048576,23,13,BA,788,47221.989,46778.165,3609703,3609703
repeated-1m,2,reused,1048576,23,14,BA,788,46932.928,46146.421,3609703,3609703
repeated-1m,2,reused,1048576,23,15,AB,788,47669.881,47179.862,3609703,3609703
repeated-1m,3,reused,1048576,13,0,AB,690,48366.364,47503.242,3612235,3612235
repeated-1m,3,reused,1048576,13,1,BA,690,48443.758,48848.317,3612235,3612235
repeated-1m,3,reused,1048576,13,2,BA,690,48794.310,46419.887,3612235,3612235
repeated-1m,3,reused,1048576,13,3,AB,690,52184.832,46901.367,3612235,3612235
repeated-1m,3,reused,1048576,13,4,AB,690,49508.806,46575.610,3612235,3612235
repeated-1m,3,reused,1048576,13,5,BA,690,48025.404,46357.958,3612235,3612235
repeated-1m,3,reused,1048576,13,6,BA,690,49828.914,48624.713,3612235,3612235
repeated-1m,3,reused,1048576,13,7,AB,690,47922.365,51139.886,3612235,3612235
repeated-1m,3,reused,1048576,13,8,AB,690,48504.690,46659.970,3612235,3612235
repeated-1m,3,reused,1048576,13,9,BA,690,48574.012,46455.065,3612235,3612235
repeated-1m,3,reused,1048576,13,10,BA,690,48427.307,47018.499,3612235,3612235
repeated-1m,3,reused,1048576,13,11,AB,690,49676.897,46916.680,3612235,3612235
repeated-1m,3,reused,1048576,13,12,AB,690,49387.719,47695.432,3612235,3612235
repeated-1m,3,reused,1048576,13,13,BA,690,49441.525,47438.657,3612235,3612235
repeated-1m,3,reused,1048576,13,14,BA,690,47768.081,48195.387,3612235,3612235
repeated-1m,3,reused,1048576,13,15,AB,690,48124.361,46460.364,3612235,3612235
repeated-1m,4,reused,1048576,13,0,AB,259,147749.069,146119.556,8145759,8145759
repeated-1m,4,reused,1048576,13,1,BA,259,149679.622,149731.548,8145759,8145759
repeated-1m,4,reused,1048576,13,2,BA,259,150966.961,152548.633,8145759,8145759
repeated-1m,4,reused,1048576,13,3,AB,259,145730.737,151579.259,8145759,8145759
repeated-1m,4,reused,1048576,13,4,AB,259,145242.386,148622.579,8145759,8145759
repeated-1m,4,reused,1048576,13,5,BA,259,150985.961,153383.822,8145759,8145759
repeated-1m,4,reused,1048576,13,6,BA,259,143182.073,143755.660,8145759,8145759
repeated-1m,4,reused,1048576,13,7,AB,259,147820.189,151830.459,8145759,8145759
repeated-1m,4,reused,1048576,13,8,AB,259,142898.965,145413.367,8145759,8145759
repeated-1m,4,reused,1048576,13,9,BA,259,150595.819,151138.336,8145759,8145759
repeated-1m,4,reused,1048576,13,10,BA,259,143692.780,142768.282,8145759,8145759
repeated-1m,4,reused,1048576,13,11,AB,259,142094.212,148438.934,8145759,8145759
repeated-1m,4,reused,1048576,13,12,AB,259,146567.023,145056.811,8145759,8145759
repeated-1m,4,reused,1048576,13,13,BA,259,149004.486,143238.703,8145759,8145759
repeated-1m,4,reused,1048576,13,14,BA,259,143969.301,154668.865,8145759,8145759
repeated-1m,4,reused,1048576,13,15,AB,259,145168.069,144894.884,8145759,8145759
repeated-1m,5,reused,1048576,13,0,AB,359,108548.657,109079.825,6638431,6638431
repeated-1m,5,reused,1048576,13,1,BA,359,107760.017,110814.312,6638431,6638431
repeated-1m,5,reused,1048576,13,2,BA,359,104520.805,104558.011,6638431,6638431
repeated-1m,5,reused,1048576,13,3,AB,359,105342.657,109062.056,6638431,6638431
repeated-1m,5,reused,1048576,13,4,AB,359,107617.981,107768.212,6638431,6638431
repeated-1m,5,reused,1048576,13,5,BA,359,107457.064,110641.387,6638431,6638431
repeated-1m,5,reused,1048576,13,6,BA,359,107370.067,106160.830,6638431,6638431
repeated-1m,5,reused,1048576,13,7,AB,359,107162.240,106330.070,6638431,6638431
repeated-1m,5,reused,1048576,13,8,AB,359,106187.348,105501.454,6638431,6638431
repeated-1m,5,reused,1048576,13,9,BA,359,107779.025,107024.574,6638431,6638431
repeated-1m,5,reused,1048576,13,10,BA,359,106923.758,109066.627,6638431,6638431
repeated-1m,5,reused,1048576,13,11,AB,359,107715.387,105580.150,6638431,6638431
repeated-1m,5,reused,1048576,13,12,AB,359,108753.830,113365.064,6638431,6638431
repeated-1m,5,reused,1048576,13,13,BA,359,114000.468,109049.493,6638431,6638431
repeated-1m,5,reused,1048576,13,14,BA,359,106183.501,102361.574,6638431,6638431
repeated-1m,5,reused,1048576,13,15,AB,359,111575.203,105087.713,6638431,6638431
repeated-1m,6,reused,1048576,13,0,AB,368,107521.432,104911.065,9259871,9259871
repeated-1m,6,reused,1048576,13,1,BA,368,109188.242,105418.389,9259871,9259871
repeated-1m,6,reused,1048576,13,2,BA,368,106971.842,110252.315,9259871,9259871
repeated-1m,6,reused,1048576,13,3,AB,368,111932.068,111119.427,9259871,9259871
repeated-1m,6,reused,1048576,13,4,AB,368,111119.641,104331.492,9259871,9259871
repeated-1m,6,reused,1048576,13,5,BA,368,110355.997,107325.511,9259871,9259871
repeated-1m,6,reused,1048576,13,6,BA,368,108458.959,106689.516,9259871,9259871
repeated-1m,6,reused,1048576,13,7,AB,368,114687.644,108028.755,9259871,9259871
repeated-1m,6,reused,1048576,13,8,AB,368,106249.845,103894.560,9259871,9259871
repeated-1m,6,reused,1048576,13,9,BA,368,106462.614,106946.457,9259871,9259871
repeated-1m,6,reused,1048576,13,10,BA,368,110141.924,107678.033,9259871,9259871
repeated-1m,6,reused,1048576,13,11,AB,368,106474.217,109823.592,9259871,9259871
repeated-1m,6,reused,1048576,13,12,AB,368,107440.402,106422.524,9259871,9259871
repeated-1m,6,reused,1048576,13,13,BA,368,103116.962,106414.726,9259871,9259871
repeated-1m,6,reused,1048576,13,14,BA,368,109974.177,106255.918,9259871,9259871
repeated-1m,6,reused,1048576,13,15,AB,368,107204.274,108229.943,9259871,9259871
repeated-1m,7,reused,1048576,13,0,AB,369,108558.558,109792.363,12405599,12405599
repeated-1m,7,reused,1048576,13,1,BA,369,107048.829,110360.854,12405599,12405599
repeated-1m,7,reused,1048576,13,2,BA,369,105464.572,107241.260,12405599,12405599
repeated-1m,7,reused,1048576,13,3,AB,369,112667.279,107811.799,12405599,12405599
repeated-1m,7,reused,1048576,13,4,AB,369,104011.854,107595.322,12405599,12405599
repeated-1m,7,reused,1048576,13,5,BA,369,102732.667,112068.989,12405599,12405599
repeated-1m,7,reused,1048576,13,6,BA,369,103546.718,105226.054,12405599,12405599
repeated-1m,7,reused,1048576,13,7,AB,369,103318.618,108527.547,12405599,12405599
repeated-1m,7,reused,1048576,13,8,AB,369,105089.268,105833.233,12405599,12405599
repeated-1m,7,reused,1048576,13,9,BA,369,103385.003,105391.038,12405599,12405599
repeated-1m,7,reused,1048576,13,10,BA,369,103952.133,106217.420,12405599,12405599
repeated-1m,7,reused,1048576,13,11,AB,369,108449.011,109453.932,12405599,12405599
repeated-1m,7,reused,1048576,13,12,AB,369,105651.612,112001.084,12405599,12405599
repeated-1m,7,reused,1048576,13,13,BA,369,106409.509,106493.276,12405599,12405599
repeated-1m,7,reused,1048576,13,14,BA,369,108215.290,109805.341,12405599,12405599
repeated-1m,7,reused,1048576,13,15,AB,369,106877.580,107515.965,12405599,12405599
repeated-1m,8,reused,1048576,13,0,AB,343,102307.869,106275.898,21058463,21058463
repeated-1m,8,reused,1048576,13,1,BA,343,103263.953,102429.309,21058463,21058463
repeated-1m,8,reused,1048576,13,2,BA,343,105052.883,106206.878,21058463,21058463
repeated-1m,8,reused,1048576,13,3,AB,343,103988.335,107447.169,21058463,21058463
repeated-1m,8,reused,1048576,13,4,AB,343,102736.810,109722.085,21058463,21058463
repeated-1m,8,reused,1048576,13,5,BA,343,101986.799,103176.117,21058463,21058463
repeated-1m,8,reused,1048576,13,6,BA,343,103245.271,108461.067,21058463,21058463
repeated-1m,8,reused,1048576,13,7,AB,343,101036.647,104522.195,21058463,21058463
repeated-1m,8,reused,1048576,13,8,AB,343,103344.802,104396.274,21058463,21058463
repeated-1m,8,reused,1048576,13,9,BA,343,106803.650,107571.883,21058463,21058463
repeated-1m,8,reused,1048576,13,10,BA,343,105520.128,109162.510,21058463,21058463
repeated-1m,8,reused,1048576,13,11,AB,343,106228.828,107255.294,21058463,21058463
repeated-1m,8,reused,1048576,13,12,AB,343,104801.956,107404.907,21058463,21058463
repeated-1m,8,reused,1048576,13,13,BA,343,104094.067,104346.924,21058463,21058463
repeated-1m,8,reused,1048576,13,14,BA,343,102588.274,103736.306,21058463,21058463
repeated-1m,8,reused,1048576,13,15,AB,343,104505.029,104615.799,21058463,21058463
repeated-1m,9,reused,1048576,13,0,AB,327,103730.193,107196.153,40196915,40196915
repeated-1m,9,reused,1048576,13,1,BA,327,108611.037,103756.413,40196915,40196915
repeated-1m,9,reused,1048576,13,2,BA,327,108143.031,107081.128,40196915,40196915
repeated-1m,9,reused,1048576,13,3,AB,327,108174.251,106899.477,40196915,40196915
repeated-1m,9,reused,1048576,13,4,AB,327,106383.890,109565.394,40196915,40196915
repeated-1m,9,reused,1048576,13,5,BA,327,106839.028,108786.737,40196915,40196915
repeated-1m,9,reused,1048576,13,6,BA,327,107585.700,108134.119,40196915,40196915
repeated-1m,9,reused,1048576,13,7,AB,327,107201.768,105241.917,40196915,40196915
repeated-1m,9,reused,1048576,13,8,AB,327,105780.850,109220.636,40196915,40196915
repeated-1m,9,reused,1048576,13,9,BA,327,107074.321,107904.911,40196915,40196915
repeated-1m,9,reused,1048576,13,10,BA,327,109743.339,107687.743,40196915,40196915
repeated-1m,9,reused,1048576,13,11,AB,327,109089.709,103714.287,40196915,40196915
repeated-1m,9,reused,1048576,13,12,AB,327,101284.856,102583.413,40196915,40196915
repeated-1m,9,reused,1048576,13,13,BA,327,103309.052,106084.694,40196915,40196915
repeated-1m,9,reused,1048576,13,14,BA,327,113336.581,104341.951,40196915,40196915
repeated-1m,9,reused,1048576,13,15,AB,327,107320.061,108386.618,40196915,40196915
repeated-1m,10,reused,1048576,14,0,AB,7,5373531.000,4374098.143,45861395,45867539
repeated-1m,10,reused,1048576,14,1,BA,7,5353560.571,4340124.714,45861395,45867539
repeated-1m,10,reused,1048576,14,2,BA,7,5282001.286,4390446.857,45861395,45867539
repeated-1m,10,reused,1048576,14,3,AB,7,5192957.429,4482887.857,45861395,45867539
repeated-1m,10,reused,1048576,14,4,AB,7,5370172.143,4388141.857,45861395,45867539
repeated-1m,10,reused,1048576,14,5,BA,7,5265370.571,4275640.286,45861395,45867539
repeated-1m,10,reused,1048576,14,6,BA,7,5182079.143,4342663.714,45861395,45867539
repeated-1m,10,reused,1048576,14,7,AB,7,5301213.143,4466168.286,45861395,45867539
repeated-1m,10,reused,1048576,14,8,AB,7,5250117.857,4610109.286,45861395,45867539
repeated-1m,10,reused,1048576,14,9,BA,7,5160788.714,4214176.000,45861395,45867539
repeated-1m,10,reused,1048576,14,10,BA,7,5291528.714,4275121.286,45861395,45867539
repeated-1m,10,reused,1048576,14,11,AB,7,5207061.714,4399018.429,45861395,45867539
repeated-1m,10,reused,1048576,14,12,AB,7,5182515.714,4517338.000,45861395,45867539
repeated-1m,10,reused,1048576,14,13,BA,7,5273961.571,4315203.571,45861395,45867539
repeated-1m,10,reused,1048576,14,14,BA,7,5278333.429,4399200.286,45861395,45867539
repeated-1m,10,reused,1048576,14,15,AB,7,5175527.714,4361635.714,45861395,45867539
repeated-1m,11,reused,1048576,14,0,AB,4,8764943.000,7075688.500,55298547,55304691
repeated-1m,11,reused,1048576,14,1,BA,4,8800257.250,7001500.250,55298547,55304691
repeated-1m,11,reused,1048576,14,2,BA,4,8805426.750,6988168.500,55298547,55304691
repeated-1m,11,reused,1048576,14,3,AB,4,8638702.500,6931667.000,55298547,55304691
repeated-1m,11,reused,1048576,14,4,AB,4,8965233.250,7151275.750,55298547,55304691
repeated-1m,11,reused,1048576,14,5,BA,4,9079100.000,6838682.500,55298547,55304691
repeated-1m,11,reused,1048576,14,6,BA,4,8793323.250,7452524.750,55298547,55304691
repeated-1m,11,reused,1048576,14,7,AB,4,8754084.500,6934746.750,55298547,55304691
repeated-1m,11,reused,1048576,14,8,AB,4,8678972.000,6966275.500,55298547,55304691
repeated-1m,11,reused,1048576,14,9,BA,4,8987550.500,7501399.000,55298547,55304691
repeated-1m,11,reused,1048576,14,10,BA,4,9076952.750,7048025.750,55298547,55304691
repeated-1m,11,reused,1048576,14,11,AB,4,8624146.250,7081859.500,55298547,55304691
repeated-1m,11,reused,1048576,14,12,AB,4,8863176.250,7013731.000,55298547,55304691
repeated-1m,11,reused,1048576,14,13,BA,4,8882870.500,6901715.000,55298547,55304691
repeated-1m,11,reused,1048576,14,14,BA,4,9002909.000,7103558.250,55298547,55304691
repeated-1m,11,reused,1048576,14,15,AB,4,9163710.750,7526726.500,55298547,55304691
