corpus,quality,mode,input_bytes,compressed_bytes,pair,order,iterations,before_ns,after_ns,retained_before,retained_after
empty,0,writer,0,1,0,AB,21030,1597.889,1603.408,4194304,4194304
empty,0,writer,0,1,1,BA,21030,1621.275,1686.644,4194304,4194304
empty,0,writer,0,1,2,BA,21030,1604.068,1676.305,4194304,4194304
empty,0,writer,0,1,3,AB,21030,1597.917,1622.734,4194304,4194304
empty,0,writer,0,1,4,AB,21030,1786.312,1599.879,4194304,4194304
empty,0,writer,0,1,5,BA,21030,1693.741,1663.454,4194304,4194304
empty,0,writer,0,1,6,BA,21030,1611.661,1620.992,4194304,4194304
empty,0,writer,0,1,7,AB,21030,1658.802,1602.827,4194304,4194304
empty,0,writer,0,1,8,AB,21030,1616.494,1681.302,4194304,4194304
empty,0,writer,0,1,9,BA,21030,1662.102,1613.357,4194304,4194304
empty,0,writer,0,1,10,BA,21030,1604.932,1639.495,4194304,4194304
empty,0,writer,0,1,11,AB,21030,1594.150,1596.623,4194304,4194304
empty,0,writer,0,1,12,AB,21030,1584.114,1650.207,4194304,4194304
empty,0,writer,0,1,13,BA,21030,1584.215,1600.246,4194304,4194304
empty,0,writer,0,1,14,BA,21030,1625.587,1605.273,4194304,4194304
empty,0,writer,0,1,15,AB,21030,1601.951,1626.850,4194304,4194304
empty,1,writer,0,1,0,AB,23081,1695.949,1714.427,4854288,4854288
empty,1,writer,0,1,1,BA,23081,1666.645,1705.968,4854288,4854288
empty,1,writer,0,1,2,BA,23081,1663.434,1646.031,4854288,4854288
empty,1,writer,0,1,3,AB,23081,1797.090,1677.686,4854288,4854288
empty,1,writer,0,1,4,AB,23081,1683.897,1670.718,4854288,4854288
empty,1,writer,0,1,5,BA,23081,1672.268,1687.068,4854288,4854288
empty,1,writer,0,1,6,BA,23081,1708.533,1654.441,4854288,4854288
empty,1,writer,0,1,7,AB,23081,1661.313,1702.693,4854288,4854288
empty,1,writer,0,1,8,AB,23081,1696.337,1674.495,4854288,4854288
empty,1,writer,0,1,9,BA,23081,1702.401,1688.600,4854288,4854288
empty,1,writer,0,1,10,BA,23081,1657.749,1691.219,4854288,4854288
empty,1,writer,0,1,11,AB,23081,1683.865,1761.381,4854288,4854288
empty,1,writer,0,1,12,AB,23081,1715.078,1649.922,4854288,4854288
empty,1,writer,0,1,13,BA,23081,1652.340,1672.975,4854288,4854288
empty,1,writer,0,1,14,BA,23081,1685.532,1650.109,4854288,4854288
empty,1,writer,0,1,15,AB,23081,1678.460,1709.991,4854288,4854288
empty,2,writer,0,1,0,AB,20661,1612.529,1601.876,282135,282135
empty,2,writer,0,1,1,BA,20661,1702.773,1645.023,282135,282135
empty,2,writer,0,1,2,BA,20661,1595.274,1604.974,282135,282135
empty,2,writer,0,1,3,AB,20661,1633.462,1650.793,282135,282135
empty,2,writer,0,1,4,AB,20661,1640.091,1678.223,282135,282135
empty,2,writer,0,1,5,BA,20661,1601.441,1611.656,282135,282135
empty,2,writer,0,1,6,BA,20661,1699.329,1657.105,282135,282135
empty,2,writer,0,1,7,AB,20661,1643.083,1646.553,282135,282135
empty,2,writer,0,1,8,AB,20661,1677.316,1634.311,282135,282135
empty,2,writer,0,1,9,BA,20661,1630.213,1642.986,282135,282135
empty,2,writer,0,1,10,BA,20661,1603.635,1641.033,282135,282135
empty,2,writer,0,1,11,AB,20661,1594.414,1604.230,282135,282135
empty,2,writer,0,1,12,AB,20661,1635.754,1609.148,282135,282135
empty,2,writer,0,1,13,BA,20661,1587.610,1615.615,282135,282135
empty,2,writer,0,1,14,BA,20661,1622.413,1612.097,282135,282135
empty,2,writer,0,1,15,AB,20661,1665.778,1633.013,282135,282135
empty,3,writer,0,1,0,AB,23008,1618.760,1651.525,282135,282135
empty,3,writer,0,1,1,BA,23008,1599.743,1600.652,282135,282135
empty,3,writer,0,1,2,BA,23008,1594.514,1616.780,282135,282135
empty,3,writer,0,1,3,AB,23008,1602.305,1613.443,282135,282135
empty,3,writer,0,1,4,AB,23008,1601.907,1613.377,282135,282135
empty,3,writer,0,1,5,BA,23008,1597.242,1603.834,282135,282135
empty,3,writer,0,1,6,BA,23008,1602.693,1625.797,282135,282135
empty,3,writer,0,1,7,AB,23008,1593.299,1603.177,282135,282135
empty,3,writer,0,1,8,AB,23008,1590.218,1641.016,282135,282135
empty,3,writer,0,1,9,BA,23008,1683.116,1612.835,282135,282135
empty,3,writer,0,1,10,BA,23008,1607.526,1645.551,282135,282135
empty,3,writer,0,1,11,AB,23008,1609.873,1625.516,282135,282135
empty,3,writer,0,1,12,AB,23008,1624.845,1605.002,282135,282135
empty,3,writer,0,1,13,BA,23008,1622.065,1630.368,282135,282135
empty,3,writer,0,1,14,BA,23008,1620.780,1640.876,282135,282135
empty,3,writer,0,1,15,AB,23008,1623.776,1640.787,282135,282135
empty,4,writer,0,1,0,AB,22191,1591.652,1601.257,593431,593431
empty,4,writer,0,1,1,BA,22191,1589.698,1632.482,593431,593431
empty,4,writer,0,1,2,BA,22191,1625.000,1605.014,593431,593431
empty,4,writer,0,1,3,AB,22191,1606.885,1599.855,593431,593431
empty,4,writer,0,1,4,AB,22191,1616.673,1613.528,593431,593431
empty,4,writer,0,1,5,BA,22191,1593.200,1610.559,593431,593431
empty,4,writer,0,1,6,BA,22191,1603.523,1610.430,593431,593431
empty,4,writer,0,1,7,AB,22191,1592.085,1619.577,593431,593431
empty,4,writer,0,1,8,AB,22191,1616.696,1603.093,593431,593431
empty,4,writer,0,1,9,BA,22191,1622.233,1619.240,593431,593431
empty,4,writer,0,1,10,BA,22191,1610.636,1632.617,593431,593431
empty,4,writer,0,1,11,AB,22191,1607.627,1618.223,593431,593431
empty,4,writer,0,1,12,AB,22191,1598.388,1622.921,593431,593431
empty,4,writer,0,1,13,BA,22191,1603.621,1611.256,593431,593431
empty,4,writer,0,1,14,BA,22191,1587.188,1620.184,593431,593431
empty,4,writer,0,1,15,AB,22191,1625.781,1598.356,593431,593431
empty,5,writer,0,1,0,AB,22586,1591.009,1604.052,69143,69143
empty,5,writer,0,1,1,BA,22586,1587.893,1607.034,69143,69143
empty,5,writer,0,1,2,BA,22586,1604.644,1618.042,69143,69143
empty,5,writer,0,1,3,AB,22586,1626.273,1615.135,69143,69143
empty,5,writer,0,1,4,AB,22586,1597.621,1612.225,69143,69143
empty,5,writer,0,1,5,BA,22586,1614.418,1627.808,69143,69143
empty,5,writer,0,1,6,BA,22586,1616.028,1638.341,69143,69143
empty,5,writer,0,1,7,AB,22586,1638.225,1617.621,69143,69143
empty,5,writer,0,1,8,AB,22586,1616.452,1629.229,69143,69143
empty,5,writer,0,1,9,BA,22586,1602.902,1608.288,69143,69143
empty,5,writer,0,1,10,BA,22586,1603.165,1613.112,69143,69143
empty,5,writer,0,1,11,AB,22586,1602.132,1650.621,69143,69143
empty,5,writer,0,1,12,AB,22586,1601.998,1603.987,69143,69143
empty,5,writer,0,1,13,BA,22586,1595.195,1614.825,69143,69143
empty,5,writer,0,1,14,BA,22586,1600.807,1611.440,69143,69143
empty,5,writer,0,1,15,AB,22586,1626.871,1607.276,69143,69143
empty,6,writer,0,1,0,AB,22759,1622.285,1616.973,69143,69143
empty,6,writer,0,1,1,BA,22759,1626.037,1608.737,69143,69143
empty,6,writer,0,1,2,BA,22759,1615.438,1630.633,69143,69143
empty,6,writer,0,1,3,AB,22759,1620.078,1604.600,69143,69143
empty,6,writer,0,1,4,AB,22759,1615.485,1605.819,69143,69143
empty,6,writer,0,1,5,BA,22759,1615.250,1614.952,69143,69143
empty,6,writer,0,1,6,BA,22759,1611.539,1623.523,69143,69143
empty,6,writer,0,1,7,AB,22759,1614.291,1615.498,69143,69143
empty,6,writer,0,1,8,AB,22759,1612.777,1619.562,69143,69143
empty,6,writer,0,1,9,BA,22759,1614.106,1604.182,69143,69143
empty,6,writer,0,1,10,BA,22759,1612.587,1628.530,69143,69143
empty,6,writer,0,1,11,AB,22759,1623.169,1606.094,69143,69143
empty,6,writer,0,1,12,AB,22759,1616.844,1630.040,69143,69143
empty,6,writer,0,1,13,BA,22759,1599.779,1604.331,69143,69143
empty,6,writer,0,1,14,BA,22759,1610.516,1623.229,69143,69143
empty,6,writer,0,1,15,AB,22759,1608.900,1643.160,69143,69143
empty,7,writer,0,1,0,AB,22440,1619.848,1618.684,69143,69143
empty,7,writer,0,1,1,BA,22440,1600.151,1611.860,69143,69143
empty,7,writer,0,1,2,BA,22440,1645.773,1625.995,69143,69143
empty,7,writer,0,1,3,AB,22440,1625.057,1631.998,69143,69143
empty,7,writer,0,1,4,AB,22440,1622.173,1634.481,69143,69143
empty,7,writer,0,1,5,BA,22440,1618.008,1637.025,69143,69143
empty,7,writer,0,1,6,BA,22440,1648.018,1634.781,69143,69143
empty,7,writer,0,1,7,AB,22440,1652.817,1612.342,69143,69143
empty,7,writer,0,1,8,AB,22440,1620.121,1650.815,69143,69143
empty,7,writer,0,1,9,BA,22440,1613.702,1636.830,69143,69143
empty,7,writer,0,1,10,BA,22440,1596.538,1620.254,69143,69143
empty,7,writer,0,1,11,AB,22440,1609.361,1615.739,69143,69143
empty,7,writer,0,1,12,AB,22440,1602.883,1626.422,69143,69143
empty,7,writer,0,1,13,BA,22440,1628.993,1627.755,69143,69143
empty,7,writer,0,1,14,BA,22440,1623.449,1618.225,69143,69143
empty,7,writer,0,1,15,AB,22440,1626.742,1626.732,69143,69143
empty,8,writer,0,1,0,AB,22975,1613.883,1635.377,69143,69143
empty,8,writer,0,1,1,BA,22975,1610.551,1622.421,69143,69143
empty,8,writer,0,1,2,BA,22975,1614.661,1633.729,69143,69143
empty,8,writer,0,1,3,AB,22975,1621.426,1616.692,69143,69143
empty,8,writer,0,1,4,AB,22975,1619.379,1646.307,69143,69143
empty,8,writer,0,1,5,BA,22975,1600.249,1625.543,69143,69143
empty,8,writer,0,1,6,BA,22975,1592.504,1634.654,69143,69143
empty,8,writer,0,1,7,AB,22975,1621.306,1642.570,69143,69143
empty,8,writer,0,1,8,AB,22975,1622.235,1618.475,69143,69143
empty,8,writer,0,1,9,BA,22975,1598.122,1605.913,69143,69143
empty,8,writer,0,1,10,BA,22975,1592.678,1614.108,69143,69143
empty,8,writer,0,1,11,AB,22975,1609.793,1640.402,69143,69143
empty,8,writer,0,1,12,AB,22975,1589.713,1622.402,69143,69143
empty,8,writer,0,1,13,BA,22975,1619.850,1616.734,69143,69143
empty,8,writer,0,1,14,BA,22975,1613.394,1705.195,69143,69143
empty,8,writer,0,1,15,AB,22975,1604.459,1660.987,69143,69143
empty,9,writer,0,1,0,AB,22068,1640.181,1619.464,265751,265751
empty,9,writer,0,1,1,BA,22068,1601.602,1622.887,265751,265751
empty,9,writer,0,1,2,BA,22068,1633.882,1612.596,265751,265751
empty,9,writer,0,1,3,AB,22068,1598.866,1618.672,265751,265751
empty,9,writer,0,1,4,AB,22068,1596.543,1625.658,265751,265751
empty,9,writer,0,1,5,BA,22068,1616.614,1617.484,265751,265751
empty,9,writer,0,1,6,BA,22068,1607.875,1605.562,265751,265751
empty,9,writer,0,1,7,AB,22068,1636.705,1626.118,265751,265751
empty,9,writer,0,1,8,AB,22068,1623.812,1625.930,265751,265751
empty,9,writer,0,1,9,BA,22068,1625.270,1630.498,265751,265751
empty,9,writer,0,1,10,BA,22068,1621.341,1616.626,265751,265751
empty,9,writer,0,1,11,AB,22068,1620.782,1642.335,265751,265751
empty,9,writer,0,1,12,AB,22068,1620.250,1633.109,265751,265751
empty,9,writer,0,1,13,BA,22068,1620.948,1604.572,265751,265751
empty,9,writer,0,1,14,BA,22068,1598.234,1606.809,265751,265751
empty,9,writer,0,1,15,AB,22068,1617.227,1617.896,265751,265751
empty,10,writer,0,1,0,AB,22535,1586.961,1599.016,298431,298431
empty,10,writer,0,1,1,BA,22535,1589.638,1596.879,298431,298431
empty,10,writer,0,1,2,BA,22535,1616.492,1631.996,298431,298431
empty,10,writer,0,1,3,AB,22535,1588.001,1689.509,298431,298431
empty,10,writer,0,1,4,AB,22535,1607.675,1646.428,298431,298431
empty,10,writer,0,1,5,BA,22535,1589.100,1602.981,298431,298431
empty,10,writer,0,1,6,BA,22535,1605.059,1621.804,298431,298431
empty,10,writer,0,1,7,AB,22535,1648.275,1624.363,298431,298431
empty,10,writer,0,1,8,AB,22535,1602.926,1590.614,298431,298431
empty,10,writer,0,1,9,BA,22535,1590.428,1627.274,298431,298431
empty,10,writer,0,1,10,BA,22535,1598.786,1617.016,298431,298431
empty,10,writer,0,1,11,AB,22535,1579.622,1601.964,298431,298431
empty,10,writer,0,1,12,AB,22535,1593.291,1599.838,298431,298431
empty,10,writer,0,1,13,BA,22535,1608.325,1621.402,298431,298431
empty,10,writer,0,1,14,BA,22535,1610.636,1598.808,298431,298431
empty,10,writer,0,1,15,AB,22535,1614.097,1638.752,298431,298431
empty,11,writer,0,1,0,AB,23809,1611.240,1632.694,298431,298431
empty,11,writer,0,1,1,BA,23809,1591.182,1659.502,298431,298431
empty,11,writer,0,1,2,BA,23809,1599.701,1591.231,298431,298431
empty,11,writer,0,1,3,AB,23809,1601.847,1619.138,298431,298431
empty,11,writer,0,1,4,AB,23809,1635.614,1597.646,298431,298431
empty,11,writer,0,1,5,BA,23809,1624.425,1635.789,298431,298431
empty,11,writer,0,1,6,BA,23809,1616.597,1604.347,298431,298431
empty,11,writer,0,1,7,AB,23809,1597.099,1592.316,298431,298431
empty,11,writer,0,1,8,AB,23809,1598.936,1611.999,298431,298431
empty,11,writer,0,1,9,BA,23809,1592.017,1597.652,298431,298431
empty,11,writer,0,1,10,BA,23809,1600.734,1585.783,298431,298431
empty,11,writer,0,1,11,AB,23809,1622.747,1599.803,298431,298431
empty,11,writer,0,1,12,AB,23809,1618.230,1625.945,298431,298431
empty,11,writer,0,1,13,BA,23809,1578.500,1622.879,298431,298431
empty,11,writer,0,1,14,BA,23809,1616.379,1596.768,298431,298431
empty,11,writer,0,1,15,AB,23809,1588.412,1597.699,298431,298431
tiny-text,0,writer,44,48,0,AB,22727,1619.959,1644.579,4194304,4194304
tiny-text,0,writer,44,48,1,BA,22727,1612.383,1641.207,4194304,4194304
tiny-text,0,writer,44,48,2,BA,22727,1598.018,1641.286,4194304,4194304
tiny-text,0,writer,44,48,3,AB,22727,1631.020,1679.320,4194304,4194304
tiny-text,0,writer,44,48,4,AB,22727,1628.714,1646.021,4194304,4194304
tiny-text,0,writer,44,48,5,BA,22727,1623.579,1635.261,4194304,4194304
tiny-text,0,writer,44,48,6,BA,22727,1609.552,1641.692,4194304,4194304
tiny-text,0,writer,44,48,7,AB,22727,1642.059,1643.691,4194304,4194304
tiny-text,0,writer,44,48,8,AB,22727,1620.264,1657.447,4194304,4194304
tiny-text,0,writer,44,48,9,BA,22727,1606.282,1635.336,4194304,4194304
tiny-text,0,writer,44,48,10,BA,22727,1614.758,1647.460,4194304,4194304
tiny-text,0,writer,44,48,11,AB,22727,1633.406,1643.408,4194304,4194304
tiny-text,0,writer,44,48,12,AB,22727,1613.069,1638.359,4194304,4194304
tiny-text,0,writer,44,48,13,BA,22727,1618.538,1649.028,4194304,4194304
tiny-text,0,writer,44,48,14,BA,22727,1611.074,1631.346,4194304,4194304
tiny-text,0,writer,44,48,15,AB,22727,1627.132,1652.542,4194304,4194304
tiny-text,1,writer,44,48,0,AB,10122,3372.059,3323.023,4854760,4854760
tiny-text,1,writer,44,48,1,BA,10122,3244.076,3308.665,4854760,4854760
tiny-text,1,writer,44,48,2,BA,10122,3278.191,3337.328,4854760,4854760
tiny-text,1,writer,44,48,3,AB,10122,3470.431,3383.786,4854760,4854760
tiny-text,1,writer,44,48,4,AB,10122,3224.113,3290.373,4854760,4854760
tiny-text,1,writer,44,48,5,BA,10122,3318.743,3283.359,4854760,4854760
tiny-text,1,writer,44,48,6,BA,10122,3238.852,3297.114,4854760,4854760
tiny-text,1,writer,44,48,7,AB,10122,3253.107,3317.006,4854760,4854760
tiny-text,1,writer,44,48,8,AB,10122,3253.027,3410.976,4854760,4854760
tiny-text,1,writer,44,48,9,BA,10122,3415.361,3360.778,4854760,4854760
tiny-text,1,writer,44,48,10,BA,10122,3280.961,3316.172,4854760,4854760
tiny-text,1,writer,44,48,11,AB,10122,3302.508,3353.469,4854760,4854760
tiny-text,1,writer,44,48,12,AB,10122,3289.183,3337.908,4854760,4854760
tiny-text,1,writer,44,48,13,BA,10122,3262.797,3341.811,4854760,4854760
tiny-text,1,writer,44,48,14,BA,10122,3242.533,3317.815,4854760,4854760
tiny-text,1,writer,44,48,15,AB,10122,3257.836,3312.697,4854760,4854760
tiny-text,2,writer,44,48,0,AB,14492,2517.590,2570.915,284316,284316
tiny-text,2,writer,44,48,1,BA,14492,2529.818,2576.850,284316,284316
tiny-text,2,writer,44,48,2,BA,14492,2534.870,2570.266,284316,284316
tiny-text,2,writer,44,48,3,AB,14492,2540.929,2636.905,284316,284316
tiny-text,2,writer,44,48,4,AB,14492,2536.800,2597.413,284316,284316
tiny-text,2,writer,44,48,5,BA,14492,2501.701,2536.278,284316,284316
tiny-text,2,writer,44,48,6,BA,14492,2538.163,2567.827,284316,284316
tiny-text,2,writer,44,48,7,AB,14492,2496.220,2556.333,284316,284316
tiny-text,2,writer,44,48,8,AB,14492,2477.851,2599.645,284316,284316
tiny-text,2,writer,44,48,9,BA,14492,2515.188,2549.179,284316,284316
tiny-text,2,writer,44,48,10,BA,14492,2569.998,2599.748,284316,284316
tiny-text,2,writer,44,48,11,AB,14492,2550.146,2610.453,284316,284316
tiny-text,2,writer,44,48,12,AB,14492,2571.704,2561.995,284316,284316
tiny-text,2,writer,44,48,13,BA,14492,2530.639,2577.173,284316,284316
tiny-text,2,writer,44,48,14,BA,14492,2522.677,2584.652,284316,284316
tiny-text,2,writer,44,48,15,AB,14492,2554.281,2575.650,284316,284316
tiny-text,3,writer,44,46,0,AB,9712,3584.573,3625.680,286848,286848
tiny-text,3,writer,44,46,1,BA,9712,3545.356,3687.956,286848,286848
tiny-text,3,writer,44,46,2,BA,9712,3516.224,3653.985,286848,286848
tiny-text,3,writer,44,46,3,AB,9712,3566.824,3593.116,286848,286848
tiny-text,3,writer,44,46,4,AB,9712,3506.965,3614.553,286848,286848
tiny-text,3,writer,44,46,5,BA,9712,3575.038,3627.817,286848,286848
tiny-text,3,writer,44,46,6,BA,9712,3527.266,3696.976,286848,286848
tiny-text,3,writer,44,46,7,AB,9712,3547.827,3592.029,286848,286848
tiny-text,3,writer,44,46,8,AB,9712,3537.674,3620.694,286848,286848
tiny-text,3,writer,44,46,9,BA,9712,3570.168,3610.871,286848,286848
tiny-text,3,writer,44,46,10,BA,9712,3539.739,3598.463,286848,286848
tiny-text,3,writer,44,46,11,AB,9712,3596.193,3658.167,286848,286848
tiny-text,3,writer,44,46,12,AB,9712,3573.099,3598.433,286848,286848
tiny-text,3,writer,44,46,13,BA,9712,3568.509,3669.694,286848,286848
tiny-text,3,writer,44,46,14,BA,9712,3534.888,3662.690,286848,286848
tiny-text,3,writer,44,46,15,AB,9712,3594.195,3580.778,286848,286848
tiny-text,4,writer,44,48,0,AB,5901,6155.036,6347.660,610036,610036
tiny-text,4,writer,44,48,1,BA,5901,6207.532,6350.216,610036,610036
tiny-text,4,writer,44,48,2,BA,5901,6197.681,6362.664,610036,610036
tiny-text,4,writer,44,48,3,AB,5901,6274.249,6406.083,610036,610036
tiny-text,4,writer,44,48,4,AB,5901,6214.628,6273.706,610036,610036
tiny-text,4,writer,44,48,5,BA,5901,6230.693,6315.021,610036,610036
tiny-text,4,writer,44,48,6,BA,5901,6235.233,6516.786,610036,610036
tiny-text,4,writer,44,48,7,AB,5901,6174.780,6502.184,610036,610036
tiny-text,4,writer,44,48,8,AB,5901,6214.590,6433.923,610036,610036
tiny-text,4,writer,44,48,9,BA,5901,6167.716,6400.975,610036,610036
tiny-text,4,writer,44,48,10,BA,5901,6356.140,6348.185,610036,610036
tiny-text,4,writer,44,48,11,AB,5901,6251.347,6413.808,610036,610036
tiny-text,4,writer,44,48,12,AB,5901,6122.514,6307.177,610036,610036
tiny-text,4,writer,44,48,13,BA,5901,6367.505,6412.448,610036,610036
tiny-text,4,writer,44,48,14,BA,5901,6311.836,6413.943,610036,610036
tiny-text,4,writer,44,48,15,AB,5901,6337.041,6362.609,610036,610036
tiny-text,5,writer,44,48,0,AB,5767,6168.197,6524.326,87124,87124
tiny-text,5,writer,44,48,1,BA,5767,6209.605,6429.193,87124,87124
tiny-text,5,writer,44,48,2,BA,5767,6289.082,6325.447,87124,87124
tiny-text,5,writer,44,48,3,AB,5767,6217.773,6338.200,87124,87124
tiny-text,5,writer,44,48,4,AB,5767,6257.655,6514.461,87124,87124
tiny-text,5,writer,44,48,5,BA,5767,6245.708,6312.056,87124,87124
tiny-text,5,writer,44,48,6,BA,5767,6361.095,6435.572,87124,87124
tiny-text,5,writer,44,48,7,AB,5767,6216.085,6496.398,87124,87124
tiny-text,5,writer,44,48,8,AB,5767,6164.303,6407.184,87124,87124
tiny-text,5,writer,44,48,9,BA,5767,6237.730,6929.268,87124,87124
tiny-text,5,writer,44,48,10,BA,5767,6312.914,6480.532,87124,87124
tiny-text,5,writer,44,48,11,AB,5767,6304.980,6461.071,87124,87124
tiny-text,5,writer,44,48,12,AB,5767,6280.200,6474.226,87124,87124
tiny-text,5,writer,44,48,13,BA,5767,6119.780,6427.450,87124,87124
tiny-text,5,writer,44,48,14,BA,5767,6269.896,6362.585,87124,87124
tiny-text,5,writer,44,48,15,AB,5767,6164.988,6573.885,87124,87124
tiny-text,6,writer,44,48,0,AB,5754,6235.482,6350.893,87124,87124
tiny-text,6,writer,44,48,1,BA,5754,6240.204,6337.470,87124,87124
tiny-text,6,writer,44,48,2,BA,5754,6313.260,6620.121,87124,87124
tiny-text,6,writer,44,48,3,AB,5754,6233.659,6479.765,87124,87124
tiny-text,6,writer,44,48,4,AB,5754,6384.620,6372.749,87124,87124
tiny-text,6,writer,44,48,5,BA,5754,6184.608,6502.508,87124,87124
tiny-text,6,writer,44,48,6,BA,5754,6233.102,6588.612,87124,87124
tiny-text,6,writer,44,48,7,AB,5754,6195.613,6377.836,87124,87124
tiny-text,6,writer,44,48,8,AB,5754,6208.019,6469.544,87124,87124
tiny-text,6,writer,44,48,9,BA,5754,6236.351,6591.819,87124,87124
tiny-text,6,writer,44,48,10,BA,5754,6264.131,6438.643,87124,87124
tiny-text,6,writer,44,48,11,AB,5754,6242.301,6395.399,87124,87124
tiny-text,6,writer,44,48,12,AB,5754,6441.201,6554.363,87124,87124
tiny-text,6,writer,44,48,13,BA,5754,6298.202,6644.379,87124,87124
tiny-text,6,writer,44,48,14,BA,5754,6300.302,6347.068,87124,87124
tiny-text,6,writer,44,48,15,AB,5754,6221.138,6406.528,87124,87124
tiny-text,7,writer,44,48,0,AB,5573,6304.615,6513.657,87124,87124
tiny-text,7,writer,44,48,1,BA,5573,6369.038,6537.978,87124,87124
tiny-text,7,writer,44,48,2,BA,5573,6266.744,6544.866,87124,87124
tiny-text,7,writer,44,48,3,AB,5573,6326.075,6425.859,87124,87124
tiny-text,7,writer,44,48,4,AB,5573,6302.329,6669.378,87124,87124
tiny-text,7,writer,44,48,5,BA,5573,6379.262,6723.943,87124,87124
tiny-text,7,writer,44,48,6,BA,5573,6576.787,6567.464,87124,87124
tiny-text,7,writer,44,48,7,AB,5573,6470.756,6485.424,87124,87124
tiny-text,7,writer,44,48,8,AB,5573,6210.624,6566.799,87124,87124
tiny-text,7,writer,44,48,9,BA,5573,6223.295,6592.397,87124,87124
tiny-text,7,writer,44,48,10,BA,5573,6353.661,6521.918,87124,87124
tiny-text,7,writer,44,48,11,AB,5573,6381.729,6844.478,87124,87124
tiny-text,7,writer,44,48,12,AB,5573,6495.771,6436.370,87124,87124
tiny-text,7,writer,44,48,13,BA,5573,6229.510,6432.410,87124,87124
tiny-text,7,writer,44,48,14,BA,5573,6493.724,6598.303,87124,87124
tiny-text,7,writer,44,48,15,AB,5573,6405.356,6598.463,87124,87124
tiny-text,8,writer,44,48,0,AB,4427,6433.185,6578.205,87124,87124
tiny-text,8,writer,44,48,1,BA,4427,6331.542,6484.664,87124,87124
tiny-text,8,writer,44,48,2,BA,4427,6344.787,6540.937,87124,87124
tiny-text,8,writer,44,48,3,AB,4427,6366.285,6815.050,87124,87124
tiny-text,8,writer,44,48,4,AB,4427,6337.118,6426.136,87124,87124
tiny-text,8,writer,44,48,5,BA,4427,6456.973,6425.913,87124,87124
tiny-text,8,writer,44,48,6,BA,4427,6519.889,6564.650,87124,87124
tiny-text,8,writer,44,48,7,AB,4427,6447.974,6684.142,87124,87124
tiny-text,8,writer,44,48,8,AB,4427,6447.533,6456.979,87124,87124
tiny-text,8,writer,44,48,9,BA,4427,6347.724,6460.124,87124,87124
tiny-text,8,writer,44,48,10,BA,4427,6374.600,6500.518,87124,87124
tiny-text,8,writer,44,48,11,AB,4427,6353.055,6447.944,87124,87124
tiny-text,8,writer,44,48,12,AB,4427,6376.549,6495.449,87124,87124
tiny-text,8,writer,44,48,13,BA,4427,6525.764,6470.795,87124,87124
tiny-text,8,writer,44,48,14,BA,4427,6333.726,6469.639,87124,87124
tiny-text,8,writer,44,48,15,AB,4427,6356.716,6579.035,87124,87124
tiny-text,9,writer,44,48,0,AB,5500,6452.419,6638.352,283732,283732
tiny-text,9,writer,44,48,1,BA,5500,6585.355,6566.491,283732,283732
tiny-text,9,writer,44,48,2,BA,5500,6438.309,6624.610,283732,283732
tiny-text,9,writer,44,48,3,AB,5500,6394.340,6610.824,283732,283732
tiny-text,9,writer,44,48,4,AB,5500,6481.376,6622.625,283732,283732
tiny-text,9,writer,44,48,5,BA,5500,6506.551,6748.965,283732,283732
tiny-text,9,writer,44,48,6,BA,5500,6491.107,6643.741,283732,283732
tiny-text,9,writer,44,48,7,AB,5500,6490.165,6514.483,283732,283732
tiny-text,9,writer,44,48,8,AB,5500,6388.827,6660.187,283732,283732
tiny-text,9,writer,44,48,9,BA,5500,6375.228,6638.208,283732,283732
tiny-text,9,writer,44,48,10,BA,5500,6612.847,6581.735,283732,283732
tiny-text,9,writer,44,48,11,AB,5500,6454.361,6568.068,283732,283732
tiny-text,9,writer,44,48,12,AB,5500,6437.092,6660.885,283732,283732
tiny-text,9,writer,44,48,13,BA,5500,6635.683,6645.994,283732,283732
tiny-text,9,writer,44,48,14,BA,5500,6387.423,6581.599,283732,283732
tiny-text,9,writer,44,48,15,AB,5500,6389.685,6718.110,283732,283732
tiny-text,10,writer,44,48,0,AB,245,141819.167,140417.608,1041304,1041304
tiny-text,10,writer,44,48,1,BA,245,139611.600,138706.922,1041304,1041304
tiny-text,10,writer,44,48,2,BA,245,142488.314,138614.016,1041304,1041304
tiny-text,10,writer,44,48,3,AB,245,142610.984,141733.449,1041304,1041304
tiny-text,10,writer,44,48,4,AB,245,143174.824,140292.388,1041304,1041304
tiny-text,10,writer,44,48,5,BA,245,139782.629,141882.637,1041304,1041304
tiny-text,10,writer,44,48,6,BA,245,139744.159,139066.502,1041304,1041304
tiny-text,10,writer,44,48,7,AB,245,146597.543,140885.841,1041304,1041304
tiny-text,10,writer,44,48,8,AB,245,143394.429,142602.490,1041304,1041304
tiny-text,10,writer,44,48,9,BA,245,144464.910,141301.322,1041304,1041304
tiny-text,10,writer,44,48,10,BA,245,142433.053,146702.073,1041304,1041304
tiny-text,10,writer,44,48,11,AB,245,140982.563,146725.498,1041304,1041304
tiny-text,10,writer,44,48,12,AB,245,142119.690,143603.714,1041304,1041304
tiny-text,10,writer,44,48,13,BA,245,148400.094,142304.306,1041304,1041304
tiny-text,10,writer,44,48,14,BA,245,144340.143,143866.784,1041304,1041304
tiny-text,10,writer,44,48,15,AB,245,143313.045,143122.061,1041304,1041304
tiny-text,11,writer,44,48,0,AB,254,148647.386,150663.169,1042824,1042824
tiny-text,11,writer,44,48,1,BA,254,147184.898,146248.016,1042824,1042824
tiny-text,11,writer,44,48,2,BA,254,153625.720,157990.516,1042824,1042824
tiny-text,11,writer,44,48,3,AB,254,149015.024,149612.150,1042824,1042824
tiny-text,11,writer,44,48,4,AB,254,154848.461,149354.094,1042824,1042824
tiny-text,11,writer,44,48,5,BA,254,148960.252,151138.000,1042824,1042824
tiny-text,11,writer,44,48,6,BA,254,148203.378,152284.618,1042824,1042824
tiny-text,11,writer,44,48,7,AB,254,146880.587,149026.319,1042824,1042824
tiny-text,11,writer,44,48,8,AB,254,146081.846,146230.752,1042824,1042824
tiny-text,11,writer,44,48,9,BA,254,147484.622,149943.035,1042824,1042824
tiny-text,11,writer,44,48,10,BA,254,147881.059,154148.102,1042824,1042824
tiny-text,11,writer,44,48,11,AB,254,147469.846,150161.382,1042824,1042824
tiny-text,11,writer,44,48,12,AB,254,146172.988,148921.398,1042824,1042824
tiny-text,11,writer,44,48,13,BA,254,145823.984,146292.870,1042824,1042824
tiny-text,11,writer,44,48,14,BA,254,152353.961,147791.177,1042824,1042824
tiny-text,11,writer,44,48,15,AB,254,145235.094,149323.461,1042824,1042824
alice29,0,writer,152089,65795,0,AB,91,361209.110,367802.824,4638233,4638233
alice29,0,writer,152089,65795,1,BA,91,360479.824,358644.791,4638233,4638233
alice29,0,writer,152089,65795,2,BA,91,359263.615,358516.978,4638233,4638233
alice29,0,writer,152089,65795,3,AB,91,359675.110,374935.407,4638233,4638233
alice29,0,writer,152089,65795,4,AB,91,374075.857,358078.626,4638233,4638233
alice29,0,writer,152089,65795,5,BA,91,357461.989,366479.022,4638233,4638233
alice29,0,writer,152089,65795,6,BA,91,363109.187,365516.165,4638233,4638233
alice29,0,writer,152089,65795,7,AB,91,357949.604,368218.593,4638233,4638233
alice29,0,writer,152089,65795,8,AB,91,362447.088,356784.978,4638233,4638233
alice29,0,writer,152089,65795,9,BA,91,351849.308,358264.385,4638233,4638233
alice29,0,writer,152089,65795,10,BA,91,354818.220,355495.418,4638233,4638233
alice29,0,writer,152089,65795,11,AB,91,355095.110,354822.440,4638233,4638233
alice29,0,writer,152089,65795,12,AB,91,359311.330,356547.495,4638233,4638233
alice29,0,writer,152089,65795,13,BA,91,356299.407,353299.659,4638233,4638233
alice29,0,writer,152089,65795,14,BA,91,355700.121,355798.505,4638233,4638233
alice29,0,writer,152089,65795,15,AB,91,356562.989,376860.451,4638233,4638233
alice29,1,writer,152089,60292,0,AB,70,506266.500,526580.871,5683417,5683417
alice29,1,writer,152089,60292,1,BA,70,510380.500,521387.886,5683417,5683417
alice29,1,writer,152089,60292,2,BA,70,514721.429,511351.443,5683417,5683417
alice29,1,writer,152089,60292,3,AB,70,510211.671,512290.114,5683417,5683417
alice29,1,writer,152089,60292,4,AB,70,515525.914,514852.814,5683417,5683417
alice29,1,writer,152089,60292,5,BA,70,505823.729,507715.886,5683417,5683417
alice29,1,writer,152089,60292,6,BA,70,514334.543,506145.671,5683417,5683417
alice29,1,writer,152089,60292,7,AB,70,510568.057,522680.886,5683417,5683417
alice29,1,writer,152089,60292,8,AB,70,510694.486,505851.529,5683417,5683417
alice29,1,writer,152089,60292,9,BA,70,514636.871,515132.157,5683417,5683417
alice29,1,writer,152089,60292,10,BA,70,500874.471,524489.929,5683417,5683417
alice29,1,writer,152089,60292,11,AB,70,506879.743,518099.943,5683417,5683417
alice29,1,writer,152089,60292,12,AB,70,508772.171,504922.100,5683417,5683417
alice29,1,writer,152089,60292,13,BA,70,517047.829,504007.871,5683417,5683417
alice29,1,writer,152089,60292,14,BA,70,513488.843,503250.557,5683417,5683417
alice29,1,writer,152089,60292,15,AB,70,513267.443,516667.057,5683417,5683417
alice29,2,writer,152089,57383,0,AB,39,1001697.077,972374.359,1074811,1074811
alice29,2,writer,152089,57383,1,BA,39,997488.487,968647.308,1074811,1074811
alice29,2,writer,152089,57383,2,BA,39,980665.821,976947.821,1074811,1074811
alice29,2,writer,152089,57383,3,AB,39,964436.641,955954.692,1074811,1074811
alice29,2,writer,152089,57383,4,AB,39,992127.179,1003963.718,1074811,1074811
alice29,2,writer,152089,57383,5,BA,39,973048.590,954227.667,1074811,1074811
alice29,2,writer,152089,57383,6,BA,39,1015952.051,980901.846,1074811,1074811
alice29,2,writer,152089,57383,7,AB,39,993363.564,976659.949,1074811,1074811
alice29,2,writer,152089,57383,8,AB,39,999589.538,966226.718,1074811,1074811
alice29,2,writer,152089,57383,9,BA,39,980461.744,959125.410,1074811,1074811
alice29,2,writer,152089,57383,10,BA,39,970674.154,968526.538,1074811,1074811
alice29,2,writer,152089,57383,11,AB,39,985994.154,968093.718,1074811,1074811
alice29,2,writer,152089,57383,12,AB,39,988862.974,1023672.487,1074811,1074811
alice29,2,writer,152089,57383,13,BA,39,980443.282,1010606.256,1074811,1074811
alice29,2,writer,152089,57383,14,BA,39,992602.000,1002769.205,1074811,1074811
alice29,2,writer,152089,57383,15,AB,39,975406.769,996985.872,1074811,1074811
alice29,3,writer,152089,56863,0,AB,34,1146582.588,1133089.588,1074811,1074811
alice29,3,writer,152089,56863,1,BA,34,1138902.000,1128137.118,1074811,1074811
alice29,3,writer,152089,56863,2,BA,34,1131342.088,1103727.882,1074811,1074811
alice29,3,writer,152089,56863,3,AB,34,1144937.147,1127107.118,1074811,1074811
alice29,3,writer,152089,56863,4,AB,34,1113392.206,1149804.353,1074811,1074811
alice29,3,writer,152089,56863,5,BA,34,1134332.618,1120512.206,1074811,1074811
alice29,3,writer,152089,56863,6,BA,34,1149835.353,1129170.853,1074811,1074811
alice29,3,writer,152089,56863,7,AB,34,1146723.529,1123387.529,1074811,1074811
alice29,3,writer,152089,56863,8,AB,34,1150367.676,1129235.618,1074811,1074811
alice29,3,writer,152089,56863,9,BA,34,1142835.618,1141357.794,1074811,1074811
alice29,3,writer,152089,56863,10,BA,34,1150997.735,1137503.176,1074811,1074811
alice29,3,writer,152089,56863,11,AB,34,1174568.353,1171845.000,1074811,1074811
alice29,3,writer,152089,56863,12,AB,34,1116534.441,1124216.206,1074811,1074811
alice29,3,writer,152089,56863,13,BA,34,1226244.471,1141597.500,1074811,1074811
alice29,3,writer,152089,56863,14,BA,34,1188261.794,1125674.088,1074811,1074811
alice29,3,writer,152089,56863,15,AB,34,1155650.235,1117928.559,1074811,1074811
alice29,4,writer,152089,55504,0,AB,24,1647157.125,1703912.292,2117161,2117161
alice29,4,writer,152089,55504,1,BA,24,1675711.917,1681341.542,2117161,2117161
alice29,4,writer,152089,55504,2,BA,24,1640781.542,1689378.583,2117161,2117161
alice29,4,writer,152089,55504,3,AB,24,1629746.500,1667799.625,2117161,2117161
alice29,4,writer,152089,55504,4,AB,24,1652440.417,1696482.833,2117161,2117161
alice29,4,writer,152089,55504,5,BA,24,1635025.750,1736469.750,2117161,2117161
alice29,4,writer,152089,55504,6,BA,24,1655985.958,1647080.208,2117161,2117161
alice29,4,writer,152089,55504,7,AB,24,1667874.625,1659652.250,2117161,2117161
alice29,4,writer,152089,55504,8,AB,24,1622111.458,1678626.833,2117161,2117161
alice29,4,writer,152089,55504,9,BA,24,1673366.875,1703437.417,2117161,2117161
alice29,4,writer,152089,55504,10,BA,24,1662347.333,1683722.833,2117161,2117161
alice29,4,writer,152089,55504,11,AB,24,1628089.375,1679796.750,2117161,2117161
alice29,4,writer,152089,55504,12,AB,24,1715222.917,1634794.625,2117161,2117161
alice29,4,writer,152089,55504,13,BA,24,1650121.708,1635458.583,2117161,2117161
alice29,4,writer,152089,55504,14,BA,24,1645562.500,1696858.125,2117161,2117161
alice29,4,writer,152089,55504,15,AB,24,1663645.083,1715833.833,2117161,2117161
alice29,5,writer,152089,52809,0,AB,15,2596502.200,2483803.600,2932727,2932727
alice29,5,writer,152089,52809,1,BA,15,2599129.667,2479256.800,2932727,2932727
alice29,5,writer,152089,52809,2,BA,15,2581620.533,2564260.267,2932727,2932727
alice29,5,writer,152089,52809,3,AB,15,2673260.067,2465199.667,2932727,2932727
alice29,5,writer,152089,52809,4,AB,15,2464188.267,2552857.000,2932727,2932727
alice29,5,writer,152089,52809,5,BA,15,2586823.733,2702431.933,2932727,2932727
alice29,5,writer,152089,52809,6,BA,15,2547976.600,2448321.600,2932727,2932727
alice29,5,writer,152089,52809,7,AB,15,2576463.667,2476166.733,2932727,2932727
alice29,5,writer,152089,52809,8,AB,15,2532391.067,2568192.600,2932727,2932727
alice29,5,writer,152089,52809,9,BA,15,2472821.133,2444478.667,2932727,2932727
alice29,5,writer,152089,52809,10,BA,15,2595944.267,2476099.467,2932727,2932727
alice29,5,writer,152089,52809,11,AB,15,2498134.533,2504747.400,2932727,2932727
alice29,5,writer,152089,52809,12,AB,15,2603474.400,2480087.267,2932727,2932727
alice29,5,writer,152089,52809,13,BA,15,2577560.200,2481511.267,2932727,2932727
alice29,5,writer,152089,52809,14,BA,15,2663426.867,2487236.933,2932727,2932727
alice29,5,writer,152089,52809,15,AB,15,2523239.200,2464783.400,2932727,2932727
alice29,6,writer,152089,51967,0,AB,13,2823149.615,2908767.154,4243559,4243559
alice29,6,writer,152089,51967,1,BA,13,2870104.077,2799789.615,4243559,4243559
alice29,6,writer,152089,51967,2,BA,13,2803383.769,2767291.308,4243559,4243559
alice29,6,writer,152089,51967,3,AB,13,2829384.769,2872376.769,4243559,4243559
alice29,6,writer,152089,51967,4,AB,13,2808797.385,2830148.154,4243559,4243559
alice29,6,writer,152089,51967,5,BA,13,2896634.308,2849490.000,4243559,4243559
alice29,6,writer,152089,51967,6,BA,13,2810120.769,2760182.154,4243559,4243559
alice29,6,writer,152089,51967,7,AB,13,2803029.923,2818769.308,4243559,4243559
alice29,6,writer,152089,51967,8,AB,13,2963238.385,2813737.231,4243559,4243559
alice29,6,writer,152089,51967,9,BA,13,3013418.231,2900116.923,4243559,4243559
alice29,6,writer,152089,51967,10,BA,13,2821502.692,2841181.769,4243559,4243559
alice29,6,writer,152089,51967,11,AB,13,2786950.077,2798897.000,4243559,4243559
alice29,6,writer,152089,51967,12,AB,13,2962584.923,2897073.615,4243559,4243559
alice29,6,writer,152089,51967,13,BA,13,2879645.077,2736957.308,4243559,4243559
alice29,6,writer,152089,51967,14,BA,13,2809878.000,2908984.231,4243559,4243559
alice29,6,writer,152089,51967,15,AB,13,2838547.846,2813527.923,4243559,4243559
alice29,7,writer,152089,51451,0,AB,12,3282421.917,3252338.333,12658952,12658952
alice29,7,writer,152089,51451,1,BA,12,3405002.833,3140835.500,12658952,12658952
alice29,7,writer,152089,51451,2,BA,12,3494682.250,3234981.167,12658952,12658952
alice29,7,writer,152089,51451,3,AB,12,3274008.583,3212989.583,12658952,12658952
alice29,7,writer,152089,51451,4,AB,12,3221366.667,3211915.083,12658952,12658952
alice29,7,writer,152089,51451,5,BA,12,3444535.250,3297323.333,12658952,12658952
alice29,7,writer,152089,51451,6,BA,12,3547036.250,3361324.750,12658952,12658952
alice29,7,writer,152089,51451,7,AB,12,3380830.833,3229787.750,12658952,12658952
alice29,7,writer,152089,51451,8,AB,12,3304644.917,3193305.583,12658952,12658952
alice29,7,writer,152089,51451,9,BA,12,3336797.833,3225344.833,12658952,12658952
alice29,7,writer,152089,51451,10,BA,12,3289630.417,3497264.417,12658952,12658952
alice29,7,writer,152089,51451,11,AB,12,3320891.333,3247947.000,12658952,12658952
alice29,7,writer,152089,51451,12,AB,12,3369014.250,3281418.667,12658952,12658952
alice29,7,writer,152089,51451,13,BA,12,3284227.083,3184310.833,12658952,12658952
alice29,7,writer,152089,51451,14,BA,12,3370186.250,3402012.833,12658952,12658952
alice29,7,writer,152089,51451,15,AB,12,3274809.667,3370272.750,12658952,12658952
alice29,8,writer,152089,51187,0,AB,9,3944748.444,3947697.111,6303848,6303848
alice29,8,writer,152089,51187,1,BA,9,3931959.000,3877828.222,6303848,6303848
alice29,8,writer,152089,51187,2,BA,9,3831053.222,3931931.778,6303848,6303848
alice29,8,writer,152089,51187,3,AB,9,3848252.778,3995971.111,6303848,6303848
alice29,8,writer,152089,51187,4,AB,9,3981729.111,3894029.333,6303848,6303848
alice29,8,writer,152089,51187,5,BA,9,4039752.333,3898711.889,6303848,6303848
alice29,8,writer,152089,51187,6,BA,9,3961782.667,3951645.111,6303848,6303848
alice29,8,writer,152089,51187,7,AB,9,3811907.111,3918938.000,6303848,6303848
alice29,8,writer,152089,51187,8,AB,9,4057861.889,3920141.444,6303848,6303848
alice29,8,writer,152089,51187,9,BA,9,4039919.444,4049825.333,6303848,6303848
alice29,8,writer,152089,51187,10,BA,9,3819789.667,3784961.444,6303848,6303848
alice29,8,writer,152089,51187,11,AB,9,3934908.778,3835067.778,6303848,6303848
alice29,8,writer,152089,51187,12,AB,9,3907680.556,4011185.000,6303848,6303848
alice29,8,writer,152089,51187,13,BA,9,4066703.889,4188466.778,6303848,6303848
alice29,8,writer,152089,51187,14,BA,9,3995482.556,3869156.333,6303848,6303848
alice29,8,writer,152089,51187,15,AB,9,3967109.778,4102964.778,6303848,6303848
alice29,9,writer,152089,51054,0,AB,8,4946114.250,4685708.250,11623574,11623574
alice29,9,writer,152089,51054,1,BA,8,4774551.375,4638750.750,11623574,11623574
alice29,9,writer,152089,51054,2,BA,8,4550940.125,4807038.375,11623574,11623574
alice29,9,writer,152089,51054,3,AB,8,4573850.750,4708419.375,11623574,11623574
alice29,9,writer,152089,51054,4,AB,8,4758544.250,4837160.875,11623574,11623574
alice29,9,writer,152089,51054,5,BA,8,4544979.250,4787379.500,11623574,11623574
alice29,9,writer,152089,51054,6,BA,8,4669349.125,4515905.750,11623574,11623574
alice29,9,writer,152089,51054,7,AB,8,4549071.625,4728778.125,11623574,11623574
alice29,9,writer,152089,51054,8,AB,8,4964838.000,4618385.875,11623574,11623574
alice29,9,writer,152089,51054,9,BA,8,4631348.125,4664185.250,11623574,11623574
alice29,9,writer,152089,51054,10,BA,8,4816579.000,4644070.750,11623574,11623574
alice29,9,writer,152089,51054,11,AB,8,4656872.875,4916550.125,11623574,11623574
alice29,9,writer,152089,51054,12,AB,8,4630703.125,4563566.000,11623574,11623574
alice29,9,writer,152089,51054,13,BA,8,4651649.125,4454709.125,11623574,11623574
alice29,9,writer,152089,51054,14,BA,8,4726543.125,4789298.000,11623574,11623574
alice29,9,writer,152089,51054,15,AB,8,4604912.875,5057902.250,11623574,11623574
alice29,10,writer,152089,47477,0,AB,1,41874990.000,40399887.000,8929616,8935760
alice29,10,writer,152089,47477,1,BA,1,42060471.000,40268738.000,8929616,8935760
alice29,10,writer,152089,47477,2,BA,1,42473120.000,40023362.000,8929616,8935760
alice29,10,writer,152089,47477,3,AB,1,42348737.000,39285608.000,8929616,8935760
alice29,10,writer,152089,47477,4,AB,1,44190390.000,41314248.000,8929616,8935760
alice29,10,writer,152089,47477,5,BA,1,42126939.000,41846049.000,8929616,8935760
alice29,10,writer,152089,47477,6,BA,1,43236166.000,41041823.000,8929616,8935760
alice29,10,writer,152089,47477,7,AB,1,40183196.000,41243435.000,8929616,8935760
alice29,10,writer,152089,47477,8,AB,1,40785210.000,41194552.000,8929616,8935760
alice29,10,writer,152089,47477,9,BA,1,41500633.000,42110986.000,8929616,8935760
alice29,10,writer,152089,47477,10,BA,1,42752236.000,40269750.000,8929616,8935760
alice29,10,writer,152089,47477,11,AB,1,41255358.000,41469379.000,8929616,8935760
alice29,10,writer,152089,47477,12,AB,1,41884419.000,41917797.000,8929616,8935760
alice29,10,writer,152089,47477,13,BA,1,43459861.000,40080871.000,8929616,8935760
alice29,10,writer,152089,47477,14,BA,1,42418790.000,39230384.000,8929616,8935760
alice29,10,writer,152089,47477,15,AB,1,42951131.000,40477680.000,8929616,8935760
alice29,11,writer,152089,46487,0,AB,1,114402331.000,109524084.000,14214687,14220831
alice29,11,writer,152089,46487,1,BA,1,111008370.000,106059082.000,14214687,14220831
alice29,11,writer,152089,46487,2,BA,1,111321053.000,106348219.000,14214687,14220831
alice29,11,writer,152089,46487,3,AB,1,110818350.000,106957719.000,14214687,14220831
alice29,11,writer,152089,46487,4,AB,1,111562407.000,106228671.000,14214687,14220831
alice29,11,writer,152089,46487,5,BA,1,112897486.000,108542259.000,14214687,14220831
alice29,11,writer,152089,46487,6,BA,1,109604164.000,106319817.000,14214687,14220831
alice29,11,writer,152089,46487,7,AB,1,112977872.000,105905559.000,14214687,14220831
alice29,11,writer,152089,46487,8,AB,1,109453836.000,107921571.000,14214687,14220831
alice29,11,writer,152089,46487,9,BA,1,113083793.000,104168452.000,14214687,14220831
alice29,11,writer,152089,46487,10,BA,1,109687184.000,105220810.000,14214687,14220831
alice29,11,writer,152089,46487,11,AB,1,110416605.000,106234837.000,14214687,14220831
alice29,11,writer,152089,46487,12,AB,1,112404405.000,109262941.000,14214687,14220831
alice29,11,writer,152089,46487,13,BA,1,111552661.000,106684401.000,14214687,14220831
alice29,11,writer,152089,46487,14,BA,1,110046078.000,108884111.000,14214687,14220831
alice29,11,writer,152089,46487,15,AB,1,112289521.000,106154842.000,14214687,14220831
text-1m,0,writer,1048576,190491,0,AB,11,3568605.364,3451655.636,6490626,6490626
text-1m,0,writer,1048576,190491,1,BA,11,3456764.818,3433200.364,6490626,6490626
text-1m,0,writer,1048576,190491,2,BA,11,3522521.455,3469829.636,6490626,6490626
text-1m,0,writer,1048576,190491,3,AB,11,3694082.727,3513521.545,6490626,6490626
text-1m,0,writer,1048576,190491,4,AB,11,3547134.818,3588237.364,6490626,6490626
text-1m,0,writer,1048576,190491,5,BA,11,3477026.455,3531029.909,6490626,6490626
text-1m,0,writer,1048576,190491,6,BA,11,3540592.727,3517106.455,6490626,6490626
text-1m,0,writer,1048576,190491,7,AB,11,3558535.818,3498493.818,6490626,6490626
text-1m,0,writer,1048576,190491,8,AB,11,3615311.455,3420641.636,6490626,6490626
text-1m,0,writer,1048576,190491,9,BA,11,3506977.182,3441657.364,6490626,6490626
text-1m,0,writer,1048576,190491,10,BA,11,3596600.818,3547926.636,6490626,6490626
text-1m,0,writer,1048576,190491,11,AB,11,3503393.091,3573318.091,6490626,6490626
text-1m,0,writer,1048576,190491,12,AB,11,3517102.545,3474625.182,6490626,6490626
text-1m,0,writer,1048576,190491,13,BA,11,3469696.727,3519724.182,6490626,6490626
text-1m,0,writer,1048576,190491,14,BA,11,3701596.091,3562941.727,6490626,6490626
text-1m,0,writer,1048576,190491,15,AB,11,3530662.000,3651724.455,6490626,6490626
text-1m,1,writer,1048576,138777,0,AB,29,1395344.655,1420027.448,7485272,7485272
text-1m,1,writer,1048576,138777,1,BA,29,1354380.931,1334614.276,7485272,7485272
text-1m,1,writer,1048576,138777,2,BA,29,1412738.862,1404138.172,7485272,7485272
text-1m,1,writer,1048576,138777,3,AB,29,1436721.000,1409828.172,7485272,7485272
text-1m,1,writer,1048576,138777,4,AB,29,1332083.862,1401094.931,7485272,7485272
text-1m,1,writer,1048576,138777,5,BA,29,1388190.138,1393018.621,7485272,7485272
text-1m,1,writer,1048576,138777,6,BA,29,1372598.034,1355679.828,7485272,7485272
text-1m,1,writer,1048576,138777,7,AB,29,1426030.759,1397194.966,7485272,7485272
text-1m,1,writer,1048576,138777,8,AB,29,1392884.931,1416579.655,7485272,7485272
text-1m,1,writer,1048576,138777,9,BA,29,1393964.000,1383154.276,7485272,7485272
text-1m,1,writer,1048576,138777,10,BA,29,1387244.897,1379273.931,7485272,7485272
text-1m,1,writer,1048576,138777,11,AB,29,1357604.379,1375542.759,7485272,7485272
text-1m,1,writer,1048576,138777,12,AB,29,1412356.241,1378444.621,7485272,7485272
text-1m,1,writer,1048576,138777,13,BA,29,1397609.034,1435049.345,7485272,7485272
text-1m,1,writer,1048576,138777,14,BA,29,1341979.414,1367822.759,7485272,7485272
text-1m,1,writer,1048576,138777,15,AB,29,1347481.379,1438439.621,7485272,7485272
text-1m,2,writer,1048576,57403,0,AB,33,1141627.212,1022836.424,3598379,3598379
text-1m,2,writer,1048576,57403,1,BA,33,1031641.667,1012382.970,3598379,3598379
text-1m,2,writer,1048576,57403,2,BA,33,1060386.182,1011991.152,3598379,3598379
text-1m,2,writer,1048576,57403,3,AB,33,1064772.485,1026056.879,3598379,3598379
text-1m,2,writer,1048576,57403,4,AB,33,1050262.333,1091619.636,3598379,3598379
text-1m,2,writer,1048576,57403,5,BA,33,1050902.727,1120551.333,3598379,3598379
text-1m,2,writer,1048576,57403,6,BA,33,1104791.606,1088044.485,3598379,3598379
text-1m,2,writer,1048576,57403,7,AB,33,1064963.788,1093246.182,3598379,3598379
text-1m,2,writer,1048576,57403,8,AB,33,1033262.030,1032805.394,3598379,3598379
text-1m,2,writer,1048576,57403,9,BA,33,1028832.394,1054464.697,3598379,3598379
text-1m,2,writer,1048576,57403,10,BA,33,1099890.939,1052387.788,3598379,3598379
text-1m,2,writer,1048576,57403,11,AB,33,1058515.970,1032165.545,3598379,3598379
text-1m,2,writer,1048576,57403,12,AB,33,1126753.879,1096005.909,3598379,3598379
text-1m,2,writer,1048576,57403,13,BA,33,1049879.091,1032290.879,3598379,3598379
text-1m,2,writer,1048576,57403,14,BA,33,1048622.455,1026124.485,3598379,3598379
text-1m,2,writer,1048576,57403,15,AB,33,1066872.879,1044774.273,3598379,3598379
text-1m,3,writer,1048576,56879,0,AB,29,1194966.276,1240905.690,3598379,3598379
text-1m,3,writer,1048576,56879,1,BA,29,1235259.793,1221448.793,3598379,3598379
text-1m,3,writer,1048576,56879,2,BA,29,1241698.586,1288213.172,3598379,3598379
text-1m,3,writer,1048576,56879,3,AB,29,1202540.138,1237339.483,3598379,3598379
text-1m,3,writer,1048576,56879,4,AB,29,1201480.655,1218205.172,3598379,3598379
text-1m,3,writer,1048576,56879,5,BA,29,1207279.138,1222433.241,3598379,3598379
text-1m,3,writer,1048576,56879,6,BA,29,1192577.931,1246287.448,3598379,3598379
text-1m,3,writer,1048576,56879,7,AB,29,1181816.793,1186383.207,3598379,3598379
text-1m,3,writer,1048576,56879,8,AB,29,1219741.000,1200544.103,3598379,3598379
text-1m,3,writer,1048576,56879,9,BA,29,1267750.897,1229801.759,3598379,3598379
text-1m,3,writer,1048576,56879,10,BA,29,1265649.586,1233594.172,3598379,3598379
text-1m,3,writer,1048576,56879,11,AB,29,1217687.138,1227826.552,3598379,3598379
text-1m,3,writer,1048576,56879,12,AB,29,1261863.000,1226725.897,3598379,3598379
text-1m,3,writer,1048576,56879,13,BA,29,1199554.828,1196490.724,3598379,3598379
text-1m,3,writer,1048576,56879,14,BA,29,1269415.483,1216361.931,3598379,3598379
text-1m,3,writer,1048576,56879,15,AB,29,1255794.379,1257166.862,3598379,3598379
text-1m,4,writer,1048576,55915,0,AB,24,1676236.000,1649745.083,8373045,8373045
text-1m,4,writer,1048576,55915,1,BA,24,1605393.250,1597225.750,8373045,8373045
text-1m,4,writer,1048576,55915,2,BA,24,1728575.417,1620584.083,8373045,8373045
text-1m,4,writer,1048576,55915,3,AB,24,1606744.583,1557064.583,8373045,8373045
text-1m,4,writer,1048576,55915,4,AB,24,1636016.250,1630556.708,8373045,8373045
text-1m,4,writer,1048576,55915,5,BA,24,1654556.292,1673205.333,8373045,8373045
text-1m,4,writer,1048576,55915,6,BA,24,1684791.708,1617775.542,8373045,8373045
text-1m,4,writer,1048576,55915,7,AB,24,1693853.833,1585006.625,8373045,8373045
text-1m,4,writer,1048576,55915,8,AB,24,1603128.458,1649856.958,8373045,8373045
text-1m,4,writer,1048576,55915,9,BA,24,1585329.500,1640464.917,8373045,8373045
text-1m,4,writer,1048576,55915,10,BA,24,1671846.625,1672509.542,8373045,8373045
text-1m,4,writer,1048576,55915,11,AB,24,1583421.208,1589691.375,8373045,8373045
text-1m,4,writer,1048576,55915,12,AB,24,1578398.667,1608190.708,8373045,8373045
text-1m,4,writer,1048576,55915,13,BA,24,1662596.333,1568885.375,8373045,8373045
text-1m,4,writer,1048576,55915,14,BA,24,1610725.458,1740883.833,8373045,8373045
text-1m,4,writer,1048576,55915,15,AB,24,1588558.000,1581417.125,8373045,8373045
text-1m,5,writer,1048576,51228,0,AB,14,2763347.429,2738142.929,7903160,7903160
text-1m,5,writer,1048576,51228,1,BA,14,2765919.571,2746578.214,7903160,7903160
text-1m,5,writer,1048576,51228,2,BA,14,2683141.286,2624486.643,7903160,7903160
text-1m,5,writer,1048576,51228,3,AB,14,2897480.714,2841619.357,7903160,7903160
text-1m,5,writer,1048576,51228,4,AB,14,2875146.286,2938137.071,7903160,7903160
text-1m,5,writer,1048576,51228,5,BA,14,2770707.143,2750291.000,7903160,7903160
text-1m,5,writer,1048576,51228,6,BA,14,2869495.857,2827490.286,7903160,7903160
text-1m,5,writer,1048576,51228,7,AB,14,2830995.714,2775356.286,7903160,7903160
text-1m,5,writer,1048576,51228,8,AB,14,2742571.929,2604314.786,7903160,7903160
text-1m,5,writer,1048576,51228,9,BA,14,2769668.714,2683351.929,7903160,7903160
text-1m,5,writer,1048576,51228,10,BA,14,2907437.571,2719860.929,7903160,7903160
text-1m,5,writer,1048576,51228,11,AB,14,2767525.929,2757303.214,7903160,7903160
text-1m,5,writer,1048576,51228,12,AB,14,2691875.571,2670720.429,7903160,7903160
text-1m,5,writer,1048576,51228,13,BA,14,2668841.071,2629109.429,7903160,7903160
text-1m,5,writer,1048576,51228,14,BA,14,2841059.786,2592399.429,7903160,7903160
text-1m,5,writer,1048576,51228,15,AB,14,2690165.786,2667141.786,7903160,7903160
text-1m,6,writer,1048576,50823,0,AB,13,3027415.538,3040282.615,10524600,10524600
text-1m,6,writer,1048576,50823,1,BA,13,2922320.154,3083540.231,10524600,10524600
text-1m,6,writer,1048576,50823,2,BA,13,2937564.846,2972950.769,10524600,10524600
text-1m,6,writer,1048576,50823,3,AB,13,2867621.000,2988835.923,10524600,10524600
text-1m,6,writer,1048576,50823,4,AB,13,2957010.000,2975899.923,10524600,10524600
text-1m,6,writer,1048576,50823,5,BA,13,3157937.154,3190439.846,10524600,10524600
text-1m,6,writer,1048576,50823,6,BA,13,3157441.846,3160860.462,10524600,10524600
text-1m,6,writer,1048576,50823,7,AB,13,2856605.692,3134588.769,10524600,10524600
text-1m,6,writer,1048576,50823,8,AB,13,2975714.000,2982571.615,10524600,10524600
text-1m,6,writer,1048576,50823,9,BA,13,2885024.462,2927074.154,10524600,10524600
text-1m,6,writer,1048576,50823,10,BA,13,2955219.231,3225114.615,10524600,10524600
text-1m,6,writer,1048576,50823,11,AB,13,2842657.692,2988826.308,10524600,10524600
text-1m,6,writer,1048576,50823,12,AB,13,3140310.538,3096449.385,10524600,10524600
text-1m,6,writer,1048576,50823,13,BA,13,2964763.385,3106313.692,10524600,10524600
text-1m,6,writer,1048576,50823,14,BA,13,3067909.538,2980467.077,10524600,10524600
text-1m,6,writer,1048576,50823,15,AB,13,2970534.769,2957328.231,10524600,10524600
text-1m,7,writer,1048576,50580,0,AB,11,3552003.727,3574847.818,13672440,13672440
text-1m,7,writer,1048576,50580,1,BA,11,3563158.000,3501875.091,13672440,13672440
text-1m,7,writer,1048576,50580,2,BA,11,3637206.273,3579833.000,13672440,13672440
text-1m,7,writer,1048576,50580,3,AB,11,3460861.182,3421006.182,13672440,13672440
text-1m,7,writer,1048576,50580,4,AB,11,3377640.636,3378544.727,13672440,13672440
text-1m,7,writer,1048576,50580,5,BA,11,3560042.909,3415271.091,13672440,13672440
text-1m,7,writer,1048576,50580,6,BA,11,3555482.818,3545828.545,13672440,13672440
text-1m,7,writer,1048576,50580,7,AB,11,3400834.455,3365021.000,13672440,13672440
text-1m,7,writer,1048576,50580,8,AB,11,3489934.091,3516661.818,13672440,13672440
text-1m,7,writer,1048576,50580,9,BA,11,3525806.455,3497855.818,13672440,13672440
text-1m,7,writer,1048576,50580,10,BA,11,3599822.091,3732562.091,13672440,13672440
text-1m,7,writer,1048576,50580,11,AB,11,3469081.455,3723266.182,13672440,13672440
text-1m,7,writer,1048576,50580,12,AB,11,3664993.818,3505158.818,13672440,13672440
text-1m,7,writer,1048576,50580,13,BA,11,3364943.545,3275791.364,13672440,13672440
text-1m,7,writer,1048576,50580,14,BA,11,3559496.273,3316069.545,13672440,13672440
text-1m,7,writer,1048576,50580,15,AB,11,3343529.455,3365871.545,13672440,13672440
text-1m,8,writer,1048576,50473,0,AB,9,4036847.222,3705877.111,30449384,30449384
text-1m,8,writer,1048576,50473,1,BA,9,4028118.778,3939025.556,30449384,30449384
text-1m,8,writer,1048576,50473,2,BA,9,4101681.889,3744607.222,30449384,30449384
text-1m,8,writer,1048576,50473,3,AB,9,4101547.889,4181670.333,30449384,30449384
text-1m,8,writer,1048576,50473,4,AB,9,3890711.111,3772296.333,30449384,30449384
text-1m,8,writer,1048576,50473,5,BA,9,3895201.444,3906993.222,30449384,30449384
text-1m,8,writer,1048576,50473,6,BA,9,4223599.222,3800466.444,30449384,30449384
text-1m,8,writer,1048576,50473,7,AB,9,4181937.778,4134835.444,30449384,30449384
text-1m,8,writer,1048576,50473,8,AB,9,4016066.556,3846136.000,30449384,30449384
text-1m,8,writer,1048576,50473,9,BA,9,4146433.000,3879466.556,30449384,30449384
text-1m,8,writer,1048576,50473,10,BA,9,3983968.556,3892993.889,30449384,30449384
text-1m,8,writer,1048576,50473,11,AB,9,3945044.778,3878916.000,30449384,30449384
text-1m,8,writer,1048576,50473,12,AB,9,3966627.333,4118926.778,30449384,30449384
text-1m,8,writer,1048576,50473,13,BA,9,4075157.444,3989663.667,30449384,30449384
text-1m,8,writer,1048576,50473,14,BA,9,3963239.667,4314507.667,30449384,30449384
text-1m,8,writer,1048576,50473,15,AB,9,3947507.667,3890430.444,30449384,30449384
text-1m,9,writer,1048576,50608,0,AB,6,5199445.000,5520079.333,58180916,58180916
text-1m,9,writer,1048576,50608,1,BA,6,5420876.500,4942510.833,58180916,58180916
text-1m,9,writer,1048576,50608,2,BA,6,5134890.500,4998500.333,58180916,58180916
text-1m,9,writer,1048576,50608,3,AB,6,5306226.667,5472231.833,58180916,58180916
text-1m,9,writer,1048576,50608,4,AB,6,5390328.500,5285310.833,58180916,58180916
text-1m,9,writer,1048576,50608,5,BA,6,5448232.833,5129448.500,58180916,58180916
text-1m,9,writer,1048576,50608,6,BA,6,5557838.500,5463513.667,58180916,58180916
text-1m,9,writer,1048576,50608,7,AB,6,5595121.167,5501498.667,58180916,58180916
text-1m,9,writer,1048576,50608,8,AB,6,5661421.833,5447415.667,58180916,58180916
text-1m,9,writer,1048576,50608,9,BA,6,5406824.000,5358611.833,58180916,58180916
text-1m,9,writer,1048576,50608,10,BA,6,5029283.667,5426997.000,58180916,58180916
text-1m,9,writer,1048576,50608,11,AB,6,4902078.500,5195443.500,58180916,58180916
text-1m,9,writer,1048576,50608,12,AB,6,5591402.500,5423018.167,58180916,58180916
text-1m,9,writer,1048576,50608,13,BA,6,5665727.667,5632041.833,58180916,58180916
text-1m,9,writer,1048576,50608,14,BA,6,5593875.000,5377380.667,58180916,58180916
text-1m,9,writer,1048576,50608,15,AB,6,5453177.833,5549950.500,58180916,58180916
text-1m,10,writer,1048576,47492,0,AB,1,46258993.000,44953988.000,47498315,47504459
text-1m,10,writer,1048576,47492,1,BA,1,45550563.000,42679375.000,47498315,47504459
text-1m,10,writer,1048576,47492,2,BA,1,46295371.000,43932684.000,47498315,47504459
text-1m,10,writer,1048576,47492,3,AB,1,44960491.000,44620247.000,47498315,47504459
text-1m,10,writer,1048576,47492,4,AB,1,45588765.000,43347452.000,47498315,47504459
text-1m,10,writer,1048576,47492,5,BA,1,47007819.000,43544300.000,47498315,47504459
text-1m,10,writer,1048576,47492,6,BA,1,44795879.000,46171711.000,47498315,47504459
text-1m,10,writer,1048576,47492,7,AB,1,47147391.000,43123749.000,47498315,47504459
text-1m,10,writer,1048576,47492,8,AB,1,44846934.000,47116749.000,47498315,47504459
text-1m,10,writer,1048576,47492,9,BA,1,45924075.000,45699779.000,47498315,47504459
text-1m,10,writer,1048576,47492,10,BA,1,47391401.000,43972519.000,47498315,47504459
text-1m,10,writer,1048576,47492,11,AB,1,44813201.000,44760149.000,47498315,47504459
text-1m,10,writer,1048576,47492,12,AB,1,44286923.000,44605450.000,47498315,47504459
text-1m,10,writer,1048576,47492,13,BA,1,45879483.000,45932296.000,47498315,47504459
text-1m,10,writer,1048576,47492,14,BA,1,48066781.000,45252610.000,47498315,47504459
text-1m,10,writer,1048576,47492,15,AB,1,44750515.000,45640562.000,47498315,47504459
text-1m,11,writer,1048576,46491,0,AB,1,117517862.000,112003246.000,56737071,56743215
text-1m,11,writer,1048576,46491,1,BA,1,115029465.000,110990363.000,56737071,56743215
text-1m,11,writer,1048576,46491,2,BA,1,115202896.000,108933781.000,56737071,56743215
text-1m,11,writer,1048576,46491,3,AB,1,114239808.000,109185645.000,56737071,56743215
text-1m,11,writer,1048576,46491,4,AB,1,112331972.000,109578906.000,56737071,56743215
text-1m,11,writer,1048576,46491,5,BA,1,115621271.000,108447307.000,56737071,56743215
text-1m,11,writer,1048576,46491,6,BA,1,116276624.000,108580400.000,56737071,56743215
text-1m,11,writer,1048576,46491,7,AB,1,113683267.000,112198306.000,56737071,56743215
text-1m,11,writer,1048576,46491,8,AB,1,113774939.000,109655911.000,56737071,56743215
text-1m,11,writer,1048576,46491,9,BA,1,112217488.000,109461301.000,56737071,56743215
text-1m,11,writer,1048576,46491,10,BA,1,114770452.000,107713768.000,56737071,56743215
text-1m,11,writer,1048576,46491,11,AB,1,112440448.000,109129934.000,56737071,56743215
text-1m,11,writer,1048576,46491,12,AB,1,113998158.000,110594227.000,56737071,56743215
text-1m,11,writer,1048576,46491,13,BA,1,114229422.000,110540133.000,56737071,56743215
text-1m,11,writer,1048576,46491,14,BA,1,112438570.000,107937056.000,56737071,56743215
text-1m,11,writer,1048576,46491,15,AB,1,113570267.000,108368577.000,56737071,56743215
binary-64k,0,writer,65536,3369,0,AB,2453,14659.006,14081.188,4465127,4465127
binary-64k,0,writer,65536,3369,1,BA,2453,14489.996,13860.345,4465127,4465127
binary-64k,0,writer,65536,3369,2,BA,2453,14699.343,13885.766,4465127,4465127
binary-64k,0,writer,65536,3369,3,AB,2453,14842.740,14198.973,4465127,4465127
binary-64k,0,writer,65536,3369,4,AB,2453,14881.338,14688.977,4465127,4465127
binary-64k,0,writer,65536,3369,5,BA,2453,14244.491,14186.592,4465127,4465127
binary-64k,0,writer,65536,3369,6,BA,2453,14992.015,13928.503,4465127,4465127
binary-64k,0,writer,65536,3369,7,AB,2453,15221.731,14187.027,4465127,4465127
binary-64k,0,writer,65536,3369,8,AB,2453,14523.256,14740.499,4465127,4465127
binary-64k,0,writer,65536,3369,9,BA,2453,14638.210,14462.003,4465127,4465127
binary-64k,0,writer,65536,3369,10,BA,2453,14501.410,14518.177,4465127,4465127
binary-64k,0,writer,65536,3369,11,AB,2453,14722.280,14199.690,4465127,4465127
binary-64k,0,writer,65536,3369,12,AB,2453,14514.248,15143.641,4465127,4465127
binary-64k,0,writer,65536,3369,13,BA,2453,14352.868,13823.605,4465127,4465127
binary-64k,0,writer,65536,3369,14,BA,2453,14811.734,14215.909,4465127,4465127
binary-64k,0,writer,65536,3369,15,AB,2453,14731.108,14549.475,4465127,4465127
binary-64k,1,writer,65536,3202,0,AB,1912,18931.547,18496.813,5251095,5251095
binary-64k,1,writer,65536,3202,1,BA,1912,18610.300,18268.888,5251095,5251095
binary-64k,1,writer,65536,3202,2,BA,1912,18864.306,18218.922,5251095,5251095
binary-64k,1,writer,65536,3202,3,AB,1912,19122.918,18719.587,5251095,5251095
binary-64k,1,writer,65536,3202,4,AB,1912,19767.338,18493.337,5251095,5251095
binary-64k,1,writer,65536,3202,5,BA,1912,18354.301,18234.937,5251095,5251095
binary-64k,1,writer,65536,3202,6,BA,1912,18539.334,18202.169,5251095,5251095
binary-64k,1,writer,65536,3202,7,AB,1912,18711.214,18368.327,5251095,5251095
binary-64k,1,writer,65536,3202,8,AB,1912,19314.413,18446.780,5251095,5251095
binary-64k,1,writer,65536,3202,9,BA,1912,18747.033,18543.323,5251095,5251095
binary-64k,1,writer,65536,3202,10,BA,1912,18430.785,19045.506,5251095,5251095
binary-64k,1,writer,65536,3202,11,AB,1912,19519.140,18639.635,5251095,5251095
binary-64k,1,writer,65536,3202,12,AB,1912,19133.377,19258.269,5251095,5251095
binary-64k,1,writer,65536,3202,13,BA,1912,18905.136,18805.986,5251095,5251095
binary-64k,1,writer,65536,3202,14,BA,1912,19286.840,18468.373,5251095,5251095
binary-64k,1,writer,65536,3202,15,AB,1912,19379.281,18279.565,5251095,5251095
binary-64k,2,writer,65536,2673,0,AB,1065,33202.726,33003.014,683063,683063
binary-64k,2,writer,65536,2673,1,BA,1065,35207.949,33654.343,683063,683063
binary-64k,2,writer,65536,2673,2,BA,1065,33959.298,34158.576,683063,683063
binary-64k,2,writer,65536,2673,3,AB,1065,33964.332,33939.284,683063,683063
binary-64k,2,writer,65536,2673,4,AB,1065,33271.988,33354.880,683063,683063
binary-64k,2,writer,65536,2673,5,BA,1065,34031.182,34999.043,683063,683063
binary-64k,2,writer,65536,2673,6,BA,1065,33984.954,34936.782,683063,683063
binary-64k,2,writer,65536,2673,7,AB,1065,33664.088,32957.435,683063,683063
binary-64k,2,writer,65536,2673,8,AB,1065,35366.955,32946.091,683063,683063
binary-64k,2,writer,65536,2673,9,BA,1065,35040.738,35651.419,683063,683063
binary-64k,2,writer,65536,2673,10,BA,1065,34488.177,34994.607,683063,683063
binary-64k,2,writer,65536,2673,11,AB,1065,33696.092,34999.841,683063,683063
binary-64k,2,writer,65536,2673,12,AB,1065,32942.019,33239.500,683063,683063
binary-64k,2,writer,65536,2673,13,BA,1065,34394.412,33620.918,683063,683063
binary-64k,2,writer,65536,2673,14,BA,1065,33743.842,34162.307,683063,683063
binary-64k,2,writer,65536,2673,15,AB,1065,33015.697,33666.278,683063,683063
binary-64k,3,writer,65536,2687,0,AB,918,37207.759,37138.377,683063,683063
binary-64k,3,writer,65536,2687,1,BA,918,38391.300,37582.365,683063,683063
binary-64k,3,writer,65536,2687,2,BA,918,37474.606,37124.095,683063,683063
binary-64k,3,writer,65536,2687,3,AB,918,37559.083,39736.235,683063,683063
binary-64k,3,writer,65536,2687,4,AB,918,40427.577,39319.763,683063,683063
binary-64k,3,writer,65536,2687,5,BA,918,38516.249,37020.788,683063,683063
binary-64k,3,writer,65536,2687,6,BA,918,40898.981,40262.731,683063,683063
binary-64k,3,writer,65536,2687,7,AB,918,39039.275,38784.524,683063,683063
binary-64k,3,writer,65536,2687,8,AB,918,39995.138,40531.114,683063,683063
binary-64k,3,writer,65536,2687,9,BA,918,38969.735,39400.731,683063,683063
binary-64k,3,writer,65536,2687,10,BA,918,40263.756,39671.632,683063,683063
binary-64k,3,writer,65536,2687,11,AB,918,39361.448,39744.298,683063,683063
binary-64k,3,writer,65536,2687,12,AB,918,39965.343,38893.985,683063,683063
binary-64k,3,writer,65536,2687,13,BA,918,38385.119,38182.159,683063,683063
binary-64k,3,writer,65536,2687,14,BA,918,41882.054,37482.057,683063,683063
binary-64k,3,writer,65536,2687,15,AB,918,39685.280,37638.181,683063,683063
binary-64k,4,writer,65536,2554,0,AB,654,58450.728,59054.228,1600292,1600292
binary-64k,4,writer,65536,2554,1,BA,654,57539.781,59359.795,1600292,1600292
binary-64k,4,writer,65536,2554,2,BA,654,57187.575,57670.446,1600292,1600292
binary-64k,4,writer,65536,2554,3,AB,654,62464.676,58002.687,1600292,1600292
binary-64k,4,writer,65536,2554,4,AB,654,59062.239,57085.385,1600292,1600292
binary-64k,4,writer,65536,2554,5,BA,654,59769.794,56774.511,1600292,1600292
binary-64k,4,writer,65536,2554,6,BA,654,60977.491,59612.081,1600292,1600292
binary-64k,4,writer,65536,2554,7,AB,654,57698.928,56981.476,1600292,1600292
binary-64k,4,writer,65536,2554,8,AB,654,58617.304,59111.032,1600292,1600292
binary-64k,4,writer,65536,2554,9,BA,654,58278.697,56732.598,1600292,1600292
binary-64k,4,writer,65536,2554,10,BA,654,59545.017,57459.245,1600292,1600292
binary-64k,4,writer,65536,2554,11,AB,654,59835.165,58430.726,1600292,1600292
binary-64k,4,writer,65536,2554,12,AB,654,58742.755,57485.581,1600292,1600292
binary-64k,4,writer,65536,2554,13,BA,654,59937.245,56475.552,1600292,1600292
binary-64k,4,writer,65536,2554,14,BA,654,59907.185,58550.460,1600292,1600292
binary-64k,4,writer,65536,2554,15,AB,654,57121.989,58512.012,1600292,1600292
binary-64k,5,writer,65536,1588,0,AB,326,109003.067,114954.675,2417408,2417408
binary-64k,5,writer,65536,1588,1,BA,326,84598.960,92780.304,2417408,2417408
binary-64k,5,writer,65536,1588,2,BA,326,85628.433,87912.429,2417408,2417408
binary-64k,5,writer,65536,1588,3,AB,326,89803.794,87714.666,2417408,2417408
binary-64k,5,writer,65536,1588,4,AB,326,85801.482,87215.291,2417408,2417408
binary-64k,5,writer,65536,1588,5,BA,326,90325.144,84224.653,2417408,2417408
binary-64k,5,writer,65536,1588,6,BA,326,85756.583,84462.429,2417408,2417408
binary-64k,5,writer,65536,1588,7,AB,326,104729.156,120717.540,2417408,2417408
binary-64k,5,writer,65536,1588,8,AB,326,93466.380,89952.399,2417408,2417408
binary-64k,5,writer,65536,1588,9,BA,326,84088.798,84735.948,2417408,2417408
binary-64k,5,writer,65536,1588,10,BA,326,86387.598,84794.791,2417408,2417408
binary-64k,5,writer,65536,1588,11,AB,326,88504.362,87709.822,2417408,2417408
binary-64k,5,writer,65536,1588,12,AB,326,84981.856,98516.834,2417408,2417408
binary-64k,5,writer,65536,1588,13,BA,326,97769.058,100085.236,2417408,2417408
binary-64k,5,writer,65536,1588,14,BA,326,97030.037,120041.555,2417408,2417408
binary-64k,5,writer,65536,1588,15,AB,326,99267.025,104466.144,2417408,2417408
binary-64k,6,writer,65536,1588,0,AB,319,92130.307,103461.542,1942272,1942272
binary-64k,6,writer,65536,1588,1,BA,319,118009.953,94544.975,1942272,1942272
binary-64k,6,writer,65536,1588,2,BA,319,108057.552,116150.295,1942272,1942272
binary-64k,6,writer,65536,1588,3,AB,319,89438.959,89128.320,1942272,1942272
binary-64k,6,writer,65536,1588,4,AB,319,93473.536,95262.329,1942272,1942272
binary-64k,6,writer,65536,1588,5,BA,319,90273.445,90942.075,1942272,1942272
binary-64k,6,writer,65536,1588,6,BA,319,89776.270,101459.085,1942272,1942272
binary-64k,6,writer,65536,1588,7,AB,319,87705.903,96523.959,1942272,1942272
binary-64k,6,writer,65536,1588,8,AB,319,97204.934,90726.708,1942272,1942272
binary-64k,6,writer,65536,1588,9,BA,319,94476.072,94374.505,1942272,1942272
binary-64k,6,writer,65536,1588,10,BA,319,89196.223,92285.379,1942272,1942272
binary-64k,6,writer,65536,1588,11,AB,319,88279.765,87896.665,1942272,1942272
binary-64k,6,writer,65536,1588,12,AB,319,97700.251,89440.771,1942272,1942272
binary-64k,6,writer,65536,1588,13,BA,319,90884.285,89093.226,1942272,1942272
binary-64k,6,writer,65536,1588,14,BA,319,90830.122,107600.853,1942272,1942272
binary-64k,6,writer,65536,1588,15,AB,319,105888.216,95487.693,1942272,1942272
binary-64k,7,writer,65536,1588,0,AB,402,107234.968,113804.408,2450176,2450176
binary-64k,7,writer,65536,1588,1,BA,402,88026.975,104777.853,2450176,2450176
binary-64k,7,writer,65536,1588,2,BA,402,86168.510,90093.239,2450176,2450176
binary-64k,7,writer,65536,1588,3,AB,402,91689.199,92705.828,2450176,2450176
binary-64k,7,writer,65536,1588,4,AB,402,91897.500,90657.853,2450176,2450176
binary-64k,7,writer,65536,1588,5,BA,402,101538.980,93376.634,2450176,2450176
binary-64k,7,writer,65536,1588,6,BA,402,87711.358,85264.562,2450176,2450176
binary-64k,7,writer,65536,1588,7,AB,402,112292.662,114623.983,2450176,2450176
binary-64k,7,writer,65536,1588,8,AB,402,99007.420,86785.378,2450176,2450176
binary-64k,7,writer,65536,1588,9,BA,402,90214.928,85418.891,2450176,2450176
binary-64k,7,writer,65536,1588,10,BA,402,96952.224,86305.938,2450176,2450176
binary-64k,7,writer,65536,1588,11,AB,402,85972.022,107853.517,2450176,2450176
binary-64k,7,writer,65536,1588,12,AB,402,116024.744,119872.311,2450176,2450176
binary-64k,7,writer,65536,1588,13,BA,402,123440.716,86534.403,2450176,2450176
binary-64k,7,writer,65536,1588,14,BA,402,106520.363,96243.689,2450176,2450176
binary-64k,7,writer,65536,1588,15,AB,402,91628.458,96265.010,2450176,2450176
binary-64k,8,writer,65536,1588,0,AB,371,88354.908,85442.744,3498752,3498752
binary-64k,8,writer,65536,1588,1,BA,371,90473.485,86041.693,3498752,3498752
binary-64k,8,writer,65536,1588,2,BA,371,87868.342,84911.005,3498752,3498752
binary-64k,8,writer,65536,1588,3,AB,371,112857.399,114449.863,3498752,3498752
binary-64k,8,writer,65536,1588,4,AB,371,90595.111,86179.933,3498752,3498752
binary-64k,8,writer,65536,1588,5,BA,371,103626.337,96615.752,3498752,3498752
binary-64k,8,writer,65536,1588,6,BA,371,101314.164,85632.690,3498752,3498752
binary-64k,8,writer,65536,1588,7,AB,371,125991.288,116486.394,3498752,3498752
binary-64k,8,writer,65536,1588,8,AB,371,110390.321,84522.846,3498752,3498752
binary-64k,8,writer,65536,1588,9,BA,371,93730.908,83195.580,3498752,3498752
binary-64k,8,writer,65536,1588,10,BA,371,93190.313,96088.803,3498752,3498752
binary-64k,8,writer,65536,1588,11,AB,371,120246.097,105945.275,3498752,3498752
binary-64k,8,writer,65536,1588,12,AB,371,106134.620,90434.577,3498752,3498752
binary-64k,8,writer,65536,1588,13,BA,371,88921.065,90355.865,3498752,3498752
binary-64k,8,writer,65536,1588,14,BA,371,89874.493,86710.857,3498752,3498752
binary-64k,8,writer,65536,1588,15,AB,371,96268.515,91799.695,3498752,3498752
binary-64k,9,writer,65536,1349,0,AB,346,102145.121,113700.220,5792512,5792512
binary-64k,9,writer,65536,1349,1,BA,346,121902.431,124485.561,5792512,5792512
binary-64k,9,writer,65536,1349,2,BA,346,124983.162,130234.558,5792512,5792512
binary-64k,9,writer,65536,1349,3,AB,346,115446.107,109772.428,5792512,5792512
binary-64k,9,writer,65536,1349,4,AB,346,105853.986,106313.402,5792512,5792512
binary-64k,9,writer,65536,1349,5,BA,346,104557.870,105033.908,5792512,5792512
binary-64k,9,writer,65536,1349,6,BA,346,105708.919,106742.740,5792512,5792512
binary-64k,9,writer,65536,1349,7,AB,346,104329.243,108572.968,5792512,5792512
binary-64k,9,writer,65536,1349,8,AB,346,108952.197,125778.142,5792512,5792512
binary-64k,9,writer,65536,1349,9,BA,346,106677.772,111455.130,5792512,5792512
binary-64k,9,writer,65536,1349,10,BA,346,128384.962,140790.234,5792512,5792512
binary-64k,9,writer,65536,1349,11,AB,346,107447.806,106730.376,5792512,5792512
binary-64k,9,writer,65536,1349,12,AB,346,101521.040,110212.977,5792512,5792512
binary-64k,9,writer,65536,1349,13,BA,346,112062.957,105084.373,5792512,5792512
binary-64k,9,writer,65536,1349,14,BA,346,101516.029,122391.448,5792512,5792512
binary-64k,9,writer,65536,1349,15,AB,346,118071.223,108700.286,5792512,5792512
binary-64k,10,writer,65536,1063,0,AB,26,1487308.269,1489905.538,4143118,4149262
binary-64k,10,writer,65536,1063,1,BA,26,1505281.962,1463649.500,4143118,4149262
binary-64k,10,writer,65536,1063,2,BA,26,1514390.154,1490679.500,4143118,4149262
binary-64k,10,writer,65536,1063,3,AB,26,1586905.500,1572455.231,4143118,4149262
binary-64k,10,writer,65536,1063,4,AB,26,1500851.538,1512366.346,4143118,4149262
binary-64k,10,writer,65536,1063,5,BA,26,1466721.538,1477358.308,4143118,4149262
binary-64k,10,writer,65536,1063,6,BA,26,1540614.192,1577469.885,4143118,4149262
binary-64k,10,writer,65536,1063,7,AB,26,1537753.154,1459050.962,4143118,4149262
binary-64k,10,writer,65536,1063,8,AB,26,1475719.269,1461788.077,4143118,4149262
binary-64k,10,writer,65536,1063,9,BA,26,1482180.692,1491487.269,4143118,4149262
binary-64k,10,writer,65536,1063,10,BA,26,1479553.154,1481850.269,4143118,4149262
binary-64k,10,writer,65536,1063,11,AB,26,1571917.077,1594516.577,4143118,4149262
binary-64k,10,writer,65536,1063,12,AB,26,1474450.577,1509403.577,4143118,4149262
binary-64k,10,writer,65536,1063,13,BA,26,1577479.038,1546955.500,4143118,4149262
binary-64k,10,writer,65536,1063,14,BA,26,1525795.615,1522514.423,4143118,4149262
binary-64k,10,writer,65536,1063,15,AB,26,1574971.654,1526751.769,4143118,4149262
binary-64k,11,writer,65536,1065,0,AB,16,2483895.938,2483331.188,6360066,6366210
binary-64k,11,writer,65536,1065,1,BA,16,2526889.500,2423403.750,6360066,6366210
binary-64k,11,writer,65536,1065,2,BA,16,2512729.625,2428823.812,6360066,6366210
binary-64k,11,writer,65536,1065,3,AB,16,2553058.875,2488409.312,6360066,6366210
binary-64k,11,writer,65536,1065,4,AB,16,2464818.000,2429505.625,6360066,6366210
binary-64k,11,writer,65536,1065,5,BA,16,2562396.500,2495405.875,6360066,6366210
binary-64k,11,writer,65536,1065,6,BA,16,2542877.500,2468931.188,6360066,6366210
binary-64k,11,writer,65536,1065,7,AB,16,2542920.000,2556298.812,6360066,6366210
binary-64k,11,writer,65536,1065,8,AB,16,2512101.500,2576120.062,6360066,6366210
binary-64k,11,writer,65536,1065,9,BA,16,2576558.688,2563673.062,6360066,6366210
binary-64k,11,writer,65536,1065,10,BA,16,2482735.625,2436773.250,6360066,6366210
binary-64k,11,writer,65536,1065,11,AB,16,2646993.562,2498390.312,6360066,6366210
binary-64k,11,writer,65536,1065,12,AB,16,2530885.000,2499687.562,6360066,6366210
binary-64k,11,writer,65536,1065,13,BA,16,2565133.375,2431304.562,6360066,6366210
binary-64k,11,writer,65536,1065,14,BA,16,2503417.562,2469737.562,6360066,6366210
binary-64k,11,writer,65536,1065,15,AB,16,2484582.875,2495706.562,6360066,6366210
random-64k,0,writer,65536,65540,0,AB,1301,14363.085,13647.351,4465127,4465127
random-64k,0,writer,65536,65540,1,BA,1301,14234.631,14491.016,4465127,4465127
random-64k,0,writer,65536,65540,2,BA,1301,14184.264,14068.421,4465127,4465127
random-64k,0,writer,65536,65540,3,AB,1301,14887.657,13685.132,4465127,4465127
random-64k,0,writer,65536,65540,4,AB,1301,14763.553,14162.733,4465127,4465127
random-64k,0,writer,65536,65540,5,BA,1301,14521.547,14127.736,4465127,4465127
random-64k,0,writer,65536,65540,6,BA,1301,14578.169,13733.262,4465127,4465127
random-64k,0,writer,65536,65540,7,AB,1301,14274.201,14701.138,4465127,4465127
random-64k,0,writer,65536,65540,8,AB,1301,15523.869,14788.314,4465127,4465127
random-64k,0,writer,65536,65540,9,BA,1301,14169.220,14342.630,4465127,4465127
random-64k,0,writer,65536,65540,10,BA,1301,15028.075,13900.020,4465127,4465127
random-64k,0,writer,65536,65540,11,AB,1301,14875.597,13861.262,4465127,4465127
random-64k,0,writer,65536,65540,12,AB,1301,14374.852,14104.322,4465127,4465127
random-64k,0,writer,65536,65540,13,BA,1301,14602.997,13636.809,4465127,4465127
random-64k,0,writer,65536,65540,14,BA,1301,14423.832,13804.493,4465127,4465127
random-64k,0,writer,65536,65540,15,AB,1301,14084.716,15031.189,4465127,4465127
random-64k,1,writer,65536,65540,0,AB,3029,12211.717,12240.261,5246991,5246991
random-64k,1,writer,65536,65540,1,BA,3029,11968.280,12445.251,5246991,5246991
random-64k,1,writer,65536,65540,2,BA,3029,12719.233,12405.993,5246991,5246991
random-64k,1,writer,65536,65540,3,AB,3029,12325.293,12215.847,5246991,5246991
random-64k,1,writer,65536,65540,4,AB,3029,11928.631,12245.595,5246991,5246991
random-64k,1,writer,65536,65540,5,BA,3029,11829.593,12213.712,5246991,5246991
random-64k,1,writer,65536,65540,6,BA,3029,12265.291,12521.733,5246991,5246991
random-64k,1,writer,65536,65540,7,AB,3029,11929.083,12219.711,5246991,5246991
random-64k,1,writer,65536,65540,8,AB,3029,12080.584,12348.098,5246991,5246991
random-64k,1,writer,65536,65540,9,BA,3029,12324.126,12164.160,5246991,5246991
random-64k,1,writer,65536,65540,10,BA,3029,12305.629,12424.206,5246991,5246991
random-64k,1,writer,65536,65540,11,AB,3029,11865.776,12498.061,5246991,5246991
random-64k,1,writer,65536,65540,12,AB,3029,12935.015,12638.926,5246991,5246991
random-64k,1,writer,65536,65540,13,BA,3029,12162.715,12442.024,5246991,5246991
random-64k,1,writer,65536,65540,14,BA,3029,12190.209,12506.922,5246991,5246991
random-64k,1,writer,65536,65540,15,AB,3029,12326.264,12362.766,5246991,5246991
random-64k,2,writer,65536,65540,0,AB,1429,29879.693,29429.402,675659,675659
random-64k,2,writer,65536,65540,1,BA,1429,28784.251,27599.731,675659,675659
random-64k,2,writer,65536,65540,2,BA,1429,28083.836,27798.659,675659,675659
random-64k,2,writer,65536,65540,3,AB,1429,28099.896,27745.521,675659,675659
random-64k,2,writer,65536,65540,4,AB,1429,30411.055,36350.731,675659,675659
random-64k,2,writer,65536,65540,5,BA,1429,32464.918,37508.703,675659,675659
random-64k,2,writer,65536,65540,6,BA,1429,29054.164,28806.438,675659,675659
random-64k,2,writer,65536,65540,7,AB,1429,29114.458,29978.891,675659,675659
random-64k,2,writer,65536,65540,8,AB,1429,29133.499,28785.892,675659,675659
random-64k,2,writer,65536,65540,9,BA,1429,28130.598,28486.682,675659,675659
random-64k,2,writer,65536,65540,10,BA,1429,28531.224,28341.625,675659,675659
random-64k,2,writer,65536,65540,11,AB,1429,28578.677,28426.885,675659,675659
random-64k,2,writer,65536,65540,12,AB,1429,30560.605,30596.013,675659,675659
random-64k,2,writer,65536,65540,13,BA,1429,28634.190,31537.600,675659,675659
random-64k,2,writer,65536,65540,14,BA,1429,28134.277,30892.644,675659,675659
random-64k,2,writer,65536,65540,15,AB,1429,28325.451,28716.203,675659,675659
random-64k,3,writer,65536,65540,0,AB,978,37917.742,39248.985,675659,675659
random-64k,3,writer,65536,65540,1,BA,978,42973.409,40140.346,675659,675659
random-64k,3,writer,65536,65540,2,BA,978,37840.102,41305.277,675659,675659
random-64k,3,writer,65536,65540,3,AB,978,39723.298,37074.313,675659,675659
random-64k,3,writer,65536,65540,4,AB,978,36981.965,39005.924,675659,675659
random-64k,3,writer,65536,65540,5,BA,978,37473.923,37437.702,675659,675659
random-64k,3,writer,65536,65540,6,BA,978,37731.520,37290.972,675659,675659
random-64k,3,writer,65536,65540,7,AB,978,38387.259,36831.176,675659,675659
random-64k,3,writer,65536,65540,8,AB,978,36917.090,37019.812,675659,675659
random-64k,3,writer,65536,65540,9,BA,978,37673.860,40955.834,675659,675659
random-64k,3,writer,65536,65540,10,BA,978,37618.959,37369.988,675659,675659
random-64k,3,writer,65536,65540,11,AB,978,37237.504,40939.732,675659,675659
random-64k,3,writer,65536,65540,12,AB,978,37597.246,38462.467,675659,675659
random-64k,3,writer,65536,65540,13,BA,978,38062.643,39272.567,675659,675659
random-64k,3,writer,65536,65540,14,BA,978,43139.708,38334.080,675659,675659
random-64k,3,writer,65536,65540,15,AB,978,38353.066,37577.792,675659,675659
random-64k,4,writer,65536,65540,0,AB,751,46122.770,46017.738,1576752,1576752
random-64k,4,writer,65536,65540,1,BA,751,45998.610,45559.047,1576752,1576752
random-64k,4,writer,65536,65540,2,BA,751,47124.654,47495.631,1576752,1576752
random-64k,4,writer,65536,65540,3,AB,751,45841.575,46935.150,1576752,1576752
random-64k,4,writer,65536,65540,4,AB,751,48538.124,46727.443,1576752,1576752
random-64k,4,writer,65536,65540,5,BA,751,46718.154,46255.743,1576752,1576752
random-64k,4,writer,65536,65540,6,BA,751,46329.563,45793.077,1576752,1576752
random-64k,4,writer,65536,65540,7,AB,751,45366.313,45913.840,1576752,1576752
random-64k,4,writer,65536,65540,8,AB,751,45261.915,47464.109,1576752,1576752
random-64k,4,writer,65536,65540,9,BA,751,46134.260,45835.111,1576752,1576752
random-64k,4,writer,65536,65540,10,BA,751,46119.517,46316.658,1576752,1576752
random-64k,4,writer,65536,65540,11,AB,751,45528.655,47330.009,1576752,1576752
random-64k,4,writer,65536,65540,12,AB,751,46197.222,45824.124,1576752,1576752
random-64k,4,writer,65536,65540,13,BA,751,46188.304,46548.768,1576752,1576752
random-64k,4,writer,65536,65540,14,BA,751,46153.995,49047.815,1576752,1576752
random-64k,4,writer,65536,65540,15,AB,751,45696.799,46011.944,1576752,1576752
random-64k,5,writer,65536,65540,0,AB,462,75719.680,102935.861,2395952,2395952
random-64k,5,writer,65536,65540,1,BA,462,71355.610,80837.071,2395952,2395952
random-64k,5,writer,65536,65540,2,BA,462,70042.636,73551.597,2395952,2395952
random-64k,5,writer,65536,65540,3,AB,462,72417.959,78917.095,2395952,2395952
random-64k,5,writer,65536,65540,4,AB,462,99790.474,88743.232,2395952,2395952
random-64k,5,writer,65536,65540,5,BA,462,81633.939,74061.361,2395952,2395952
random-64k,5,writer,65536,65540,6,BA,462,70005.197,77097.446,2395952,2395952
random-64k,5,writer,65536,65540,7,AB,462,73128.305,78211.348,2395952,2395952
random-64k,5,writer,65536,65540,8,AB,462,74391.944,79486.673,2395952,2395952
random-64k,5,writer,65536,65540,9,BA,462,71104.126,71165.695,2395952,2395952
random-64k,5,writer,65536,65540,10,BA,462,71618.381,75516.842,2395952,2395952
random-64k,5,writer,65536,65540,11,AB,462,86947.814,73899.617,2395952,2395952
random-64k,5,writer,65536,65540,12,AB,462,69699.729,71105.636,2395952,2395952
random-64k,5,writer,65536,65540,13,BA,462,71495.636,72858.556,2395952,2395952
random-64k,5,writer,65536,65540,14,BA,462,69965.812,72285.732,2395952,2395952
random-64k,5,writer,65536,65540,15,AB,462,70123.327,72020.838,2395952,2395952
random-64k,6,writer,65536,65540,0,AB,274,128202.044,131364.095,1531696,1531696
random-64k,6,writer,65536,65540,1,BA,274,123728.040,122543.266,1531696,1531696
random-64k,6,writer,65536,65540,2,BA,274,125797.047,123331.803,1531696,1531696
random-64k,6,writer,65536,65540,3,AB,274,125634.584,129851.062,1531696,1531696
random-64k,6,writer,65536,65540,4,AB,274,126026.449,130378.715,1531696,1531696
random-64k,6,writer,65536,65540,5,BA,274,125714.299,138421.040,1531696,1531696
random-64k,6,writer,65536,65540,6,BA,274,126881.507,124436.380,1531696,1531696
random-64k,6,writer,65536,65540,7,AB,274,127780.974,133860.668,1531696,1531696
random-64k,6,writer,65536,65540,8,AB,274,132619.573,125802.120,1531696,1531696
random-64k,6,writer,65536,65540,9,BA,274,129478.135,128994.974,1531696,1531696
random-64k,6,writer,65536,65540,10,BA,274,126452.985,125320.285,1531696,1531696
random-64k,6,writer,65536,65540,11,AB,274,123930.310,124488.923,1531696,1531696
random-64k,6,writer,65536,65540,12,AB,274,126370.157,129013.292,1531696,1531696
random-64k,6,writer,65536,65540,13,BA,274,126742.920,126082.332,1531696,1531696
random-64k,6,writer,65536,65540,14,BA,274,134410.245,129094.175,1531696,1531696
random-64k,6,writer,65536,65540,15,AB,274,129850.664,126618.701,1531696,1531696
random-64k,7,writer,65536,65540,0,AB,270,133349.319,120416.719,1580848,1580848
random-64k,7,writer,65536,65540,1,BA,270,136479.085,123826.711,1580848,1580848
random-64k,7,writer,65536,65540,2,BA,270,131122.385,120316.078,1580848,1580848
random-64k,7,writer,65536,65540,3,AB,270,126760.233,116798.870,1580848,1580848
random-64k,7,writer,65536,65540,4,AB,270,131759.619,117774.185,1580848,1580848
random-64k,7,writer,65536,65540,5,BA,270,132000.081,128947.237,1580848,1580848
random-64k,7,writer,65536,65540,6,BA,270,135113.104,116572.067,1580848,1580848
random-64k,7,writer,65536,65540,7,AB,270,131338.193,122443.519,1580848,1580848
random-64k,7,writer,65536,65540,8,AB,270,137055.500,122848.644,1580848,1580848
random-64k,7,writer,65536,65540,9,BA,270,138420.607,124884.322,1580848,1580848
random-64k,7,writer,65536,65540,10,BA,270,131319.863,126895.978,1580848,1580848
random-64k,7,writer,65536,65540,11,AB,270,132531.463,122769.093,1580848,1580848
random-64k,7,writer,65536,65540,12,AB,270,134681.026,116368.770,1580848,1580848
random-64k,7,writer,65536,65540,13,BA,270,137503.826,119751.215,1580848,1580848
random-64k,7,writer,65536,65540,14,BA,270,133625.311,122941.093,1580848,1580848
random-64k,7,writer,65536,65540,15,AB,270,132376.422,125101.211,1580848,1580848
random-64k,8,writer,65536,65540,0,AB,238,128657.113,120861.807,1584944,1584944
random-64k,8,writer,65536,65540,1,BA,238,125040.105,116243.962,1584944,1584944
random-64k,8,writer,65536,65540,2,BA,238,123200.761,116901.034,1584944,1584944
random-64k,8,writer,65536,65540,3,AB,238,118474.067,118236.966,1584944,1584944
random-64k,8,writer,65536,65540,4,AB,238,121512.277,120015.773,1584944,1584944
random-64k,8,writer,65536,65540,5,BA,238,128031.345,121489.197,1584944,1584944
random-64k,8,writer,65536,65540,6,BA,238,131910.450,123201.555,1584944,1584944
random-64k,8,writer,65536,65540,7,AB,238,123447.042,120997.109,1584944,1584944
random-64k,8,writer,65536,65540,8,AB,238,129708.139,122219.218,1584944,1584944
random-64k,8,writer,65536,65540,9,BA,238,127185.387,121291.483,1584944,1584944
random-64k,8,writer,65536,65540,10,BA,238,121622.042,115992.580,1584944,1584944
random-64k,8,writer,65536,65540,11,AB,238,118123.782,126885.097,1584944,1584944
random-64k,8,writer,65536,65540,12,AB,238,121017.534,117162.697,1584944,1584944
random-64k,8,writer,65536,65540,13,BA,238,127827.437,113885.660,1584944,1584944
random-64k,8,writer,65536,65540,14,BA,238,123674.021,121837.450,1584944,1584944
random-64k,8,writer,65536,65540,15,AB,238,125732.500,118715.466,1584944,1584944
random-64k,9,writer,65536,65540,0,AB,219,161157.694,154183.795,1806128,1806128
random-64k,9,writer,65536,65540,1,BA,219,164722.963,154319.808,1806128,1806128
random-64k,9,writer,65536,65540,2,BA,219,161107.571,152314.260,1806128,1806128
random-64k,9,writer,65536,65540,3,AB,219,168321.242,165465.562,1806128,1806128
random-64k,9,writer,65536,65540,4,AB,219,166659.447,158701.005,1806128,1806128
random-64k,9,writer,65536,65540,5,BA,219,163058.900,157323.374,1806128,1806128
random-64k,9,writer,65536,65540,6,BA,219,169210.470,150758.374,1806128,1806128
random-64k,9,writer,65536,65540,7,AB,219,163665.479,157990.479,1806128,1806128
random-64k,9,writer,65536,65540,8,AB,219,169396.274,160673.489,1806128,1806128
random-64k,9,writer,65536,65540,9,BA,219,160831.667,153534.219,1806128,1806128
random-64k,9,writer,65536,65540,10,BA,219,164675.457,149805.306,1806128,1806128
random-64k,9,writer,65536,65540,11,AB,219,165294.393,152694.119,1806128,1806128
random-64k,9,writer,65536,65540,12,AB,219,160769.032,156498.018,1806128,1806128
random-64k,9,writer,65536,65540,13,BA,219,166073.767,154002.845,1806128,1806128
random-64k,9,writer,65536,65540,14,BA,219,163080.046,155728.767,1806128,1806128
random-64k,9,writer,65536,65540,15,AB,219,168372.384,154078.639,1806128,1806128
random-64k,10,writer,65536,65540,0,AB,9,4299537.222,4461187.778,3641104,3647248
random-64k,10,writer,65536,65540,1,BA,9,4564140.667,4317244.111,3641104,3647248
random-64k,10,writer,65536,65540,2,BA,9,4358683.000,4305487.778,3641104,3647248
random-64k,10,writer,65536,65540,3,AB,9,4215543.111,4411563.333,3641104,3647248
random-64k,10,writer,65536,65540,4,AB,9,4140423.444,4470840.333,3641104,3647248
random-64k,10,writer,65536,65540,5,BA,9,4381998.222,4528196.000,3641104,3647248
random-64k,10,writer,65536,65540,6,BA,9,4144085.778,4218415.111,3641104,3647248
random-64k,10,writer,65536,65540,7,AB,9,4251713.778,4375294.556,3641104,3647248
random-64k,10,writer,65536,65540,8,AB,9,4265179.889,4247348.556,3641104,3647248
random-64k,10,writer,65536,65540,9,BA,9,4610163.778,4411863.444,3641104,3647248
random-64k,10,writer,65536,65540,10,BA,9,4424645.000,4388282.222,3641104,3647248
random-64k,10,writer,65536,65540,11,AB,9,4116188.556,4524893.778,3641104,3647248
random-64k,10,writer,65536,65540,12,AB,9,4306503.000,4387006.667,3641104,3647248
random-64k,10,writer,65536,65540,13,BA,9,4255786.889,4476241.333,3641104,3647248
random-64k,10,writer,65536,65540,14,BA,9,4216089.111,4590015.000,3641104,3647248
random-64k,10,writer,65536,65540,15,AB,9,4175842.556,4515150.778,3641104,3647248
random-64k,11,writer,65536,65540,0,AB,6,5847849.333,5979372.833,6000368,6006512
random-64k,11,writer,65536,65540,1,BA,6,5893475.667,5932343.667,6000368,6006512
random-64k,11,writer,65536,65540,2,BA,6,6224376.833,6015853.833,6000368,6006512
random-64k,11,writer,65536,65540,3,AB,6,5912920.167,6144018.833,6000368,6006512
random-64k,11,writer,65536,65540,4,AB,6,6432721.167,6068633.167,6000368,6006512
random-64k,11,writer,65536,65540,5,BA,6,5896325.500,6215228.000,6000368,6006512
random-64k,11,writer,65536,65540,6,BA,6,6119184.833,6016561.833,6000368,6006512
random-64k,11,writer,65536,65540,7,AB,6,5795495.667,6443725.000,6000368,6006512
random-64k,11,writer,65536,65540,8,AB,6,6228579.500,5978310.333,6000368,6006512
random-64k,11,writer,65536,65540,9,BA,6,6003432.833,6113746.167,6000368,6006512
random-64k,11,writer,65536,65540,10,BA,6,6204632.667,6024681.167,6000368,6006512
random-64k,11,writer,65536,65540,11,AB,6,5981154.667,6081714.667,6000368,6006512
random-64k,11,writer,65536,65540,12,AB,6,6406483.667,6079312.000,6000368,6006512
random-64k,11,writer,65536,65540,13,BA,6,5894269.667,5954876.333,6000368,6006512
random-64k,11,writer,65536,65540,14,BA,6,6020523.667,5977018.000,6000368,6006512
random-64k,11,writer,65536,65540,15,AB,6,5890484.833,6005898.000,6000368,6006512
random-1m,0,writer,1048576,1048581,0,AB,198,185078.081,184673.429,7348716,7348716
random-1m,0,writer,1048576,1048581,1,BA,198,193353.343,190359.530,7348716,7348716
random-1m,0,writer,1048576,1048581,2,BA,198,183508.273,184995.985,7348716,7348716
random-1m,0,writer,1048576,1048581,3,AB,198,192092.217,187122.278,7348716,7348716
random-1m,0,writer,1048576,1048581,4,AB,198,187341.348,189396.742,7348716,7348716
random-1m,0,writer,1048576,1048581,5,BA,198,189865.828,188258.652,7348716,7348716
random-1m,0,writer,1048576,1048581,6,BA,198,188753.712,191256.934,7348716,7348716
random-1m,0,writer,1048576,1048581,7,AB,198,198244.611,194344.975,7348716,7348716
random-1m,0,writer,1048576,1048581,8,AB,198,193059.793,192525.985,7348716,7348716
random-1m,0,writer,1048576,1048581,9,BA,198,192094.859,192616.384,7348716,7348716
random-1m,0,writer,1048576,1048581,10,BA,198,186854.066,186170.116,7348716,7348716
random-1m,0,writer,1048576,1048581,11,AB,198,197898.323,189802.177,7348716,7348716
random-1m,0,writer,1048576,1048581,12,AB,198,194086.167,186658.576,7348716,7348716
random-1m,0,writer,1048576,1048581,13,BA,198,194632.909,188558.419,7348716,7348716
random-1m,0,writer,1048576,1048581,14,BA,198,191852.409,191609.621,7348716,7348716
random-1m,0,writer,1048576,1048581,15,AB,198,196131.576,191954.677,7348716,7348716
random-1m,1,writer,1048576,1048581,0,AB,182,220501.709,217044.451,8392724,8392724
random-1m,1,writer,1048576,1048581,1,BA,182,228771.407,218855.687,8392724,8392724
random-1m,1,writer,1048576,1048581,2,BA,182,219711.626,221489.132,8392724,8392724
random-1m,1,writer,1048576,1048581,3,AB,182,224727.593,227318.214,8392724,8392724
random-1m,1,writer,1048576,1048581,4,AB,182,220251.588,218929.978,8392724,8392724
random-1m,1,writer,1048576,1048581,5,BA,182,217824.538,232091.511,8392724,8392724
random-1m,1,writer,1048576,1048581,6,BA,182,214051.593,220732.313,8392724,8392724
random-1m,1,writer,1048576,1048581,7,AB,182,214929.192,214706.104,8392724,8392724
random-1m,1,writer,1048576,1048581,8,AB,182,225726.863,214751.143,8392724,8392724
random-1m,1,writer,1048576,1048581,9,BA,182,228211.731,233787.511,8392724,8392724
random-1m,1,writer,1048576,1048581,10,BA,182,214808.841,221908.154,8392724,8392724
random-1m,1,writer,1048576,1048581,11,AB,182,215331.808,222507.989,8392724,8392724
random-1m,1,writer,1048576,1048581,12,AB,182,212560.247,222458.467,8392724,8392724
random-1m,1,writer,1048576,1048581,13,BA,182,215386.714,221697.110,8392724,8392724
random-1m,1,writer,1048576,1048581,14,BA,182,216656.214,226498.896,8392724,8392724
random-1m,1,writer,1048576,1048581,15,AB,182,219887.670,227723.412,8392724,8392724
random-1m,2,writer,1048576,1048581,0,AB,80,491895.688,533179.275,4542828,4542828
random-1m,2,writer,1048576,1048581,1,BA,80,473831.800,502868.350,4542828,4542828
random-1m,2,writer,1048576,1048581,2,BA,80,467804.825,482145.475,4542828,4542828
random-1m,2,writer,1048576,1048581,3,AB,80,525088.012,474556.688,4542828,4542828
random-1m,2,writer,1048576,1048581,4,AB,80,469667.600,486756.688,4542828,4542828
random-1m,2,writer,1048576,1048581,5,BA,80,480668.150,492828.888,4542828,4542828
random-1m,2,writer,1048576,1048581,6,BA,80,474145.925,517453.950,4542828,4542828
random-1m,2,writer,1048576,1048581,7,AB,80,531021.812,506080.900,4542828,4542828
random-1m,2,writer,1048576,1048581,8,AB,80,486555.800,504693.575,4542828,4542828
random-1m,2,writer,1048576,1048581,9,BA,80,512172.225,479854.925,4542828,4542828
random-1m,2,writer,1048576,1048581,10,BA,80,562424.863,489253.000,4542828,4542828
random-1m,2,writer,1048576,1048581,11,AB,80,576950.562,583162.850,4542828,4542828
random-1m,2,writer,1048576,1048581,12,AB,80,584705.812,568163.713,4542828,4542828
random-1m,2,writer,1048576,1048581,13,BA,80,474144.750,519472.350,4542828,4542828
random-1m,2,writer,1048576,1048581,14,BA,80,486729.188,478523.100,4542828,4542828
random-1m,2,writer,1048576,1048581,15,AB,80,492803.412,465803.487,4542828,4542828
random-1m,3,writer,1048576,1048581,0,AB,63,651313.524,628468.429,4542828,4542828
random-1m,3,writer,1048576,1048581,1,BA,63,637178.238,674220.603,4542828,4542828
random-1m,3,writer,1048576,1048581,2,BA,63,623173.111,693099.571,4542828,4542828
random-1m,3,writer,1048576,1048581,3,AB,63,637627.778,675293.857,4542828,4542828
random-1m,3,writer,1048576,1048581,4,AB,63,646570.238,701331.032,4542828,4542828
random-1m,3,writer,1048576,1048581,5,BA,63,671568.333,687148.651,4542828,4542828
random-1m,3,writer,1048576,1048581,6,BA,63,638975.968,630471.016,4542828,4542828
random-1m,3,writer,1048576,1048581,7,AB,63,669382.095,639190.825,4542828,4542828
random-1m,3,writer,1048576,1048581,8,AB,63,626880.365,670979.921,4542828,4542828
random-1m,3,writer,1048576,1048581,9,BA,63,636258.492,639388.381,4542828,4542828
random-1m,3,writer,1048576,1048581,10,BA,63,652322.143,623782.238,4542828,4542828
random-1m,3,writer,1048576,1048581,11,AB,63,652812.270,659256.413,4542828,4542828
random-1m,3,writer,1048576,1048581,12,AB,63,678021.857,641462.508,4542828,4542828
random-1m,3,writer,1048576,1048581,13,BA,63,650086.063,636542.159,4542828,4542828
random-1m,3,writer,1048576,1048581,14,BA,63,626835.016,643255.937,4542828,4542828
random-1m,3,writer,1048576,1048581,15,AB,63,635378.571,676993.841,4542828,4542828
random-1m,4,writer,1048576,1048581,0,AB,31,1130094.258,1089572.387,9113532,9113532
random-1m,4,writer,1048576,1048581,1,BA,31,1210667.226,1177932.548,9113532,9113532
random-1m,4,writer,1048576,1048581,2,BA,31,1291872.903,1276856.742,9113532,9113532
random-1m,4,writer,1048576,1048581,3,AB,31,1235210.065,1222399.581,9113532,9113532
random-1m,4,writer,1048576,1048581,4,AB,31,1211735.742,1283036.000,9113532,9113532
random-1m,4,writer,1048576,1048581,5,BA,31,1222291.419,1270754.806,9113532,9113532
random-1m,4,writer,1048576,1048581,6,BA,31,1328398.419,1247811.935,9113532,9113532
random-1m,4,writer,1048576,1048581,7,AB,31,1226413.613,1236030.871,9113532,9113532
random-1m,4,writer,1048576,1048581,8,AB,31,1221295.065,1227660.387,9113532,9113532
random-1m,4,writer,1048576,1048581,9,BA,31,1217178.613,1204408.581,9113532,9113532
random-1m,4,writer,1048576,1048581,10,BA,31,1358802.226,1212308.161,9113532,9113532
random-1m,4,writer,1048576,1048581,11,AB,31,1423886.484,1348478.484,9113532,9113532
random-1m,4,writer,1048576,1048581,12,AB,31,1303218.387,1239525.613,9113532,9113532
random-1m,4,writer,1048576,1048581,13,BA,31,1249795.065,1328140.613,9113532,9113532
random-1m,4,writer,1048576,1048581,14,BA,31,1334563.419,1401147.548,9113532,9113532
random-1m,4,writer,1048576,1048581,15,AB,31,1386206.194,1262287.032,9113532,9113532
random-1m,5,writer,1048576,1048581,0,AB,27,1391321.074,1385334.148,7606204,7606204
random-1m,5,writer,1048576,1048581,1,BA,27,1388392.556,1371324.370,7606204,7606204
random-1m,5,writer,1048576,1048581,2,BA,27,1467511.296,1456904.704,7606204,7606204
random-1m,5,writer,1048576,1048581,3,AB,27,1504828.667,1413538.370,7606204,7606204
random-1m,5,writer,1048576,1048581,4,AB,27,1483887.667,1416057.333,7606204,7606204
random-1m,5,writer,1048576,1048581,5,BA,27,1338171.926,2435313.296,7606204,7606204
random-1m,5,writer,1048576,1048581,6,BA,27,1790272.926,1356468.259,7606204,7606204
random-1m,5,writer,1048576,1048581,7,AB,27,1631533.704,1926023.370,7606204,7606204
random-1m,5,writer,1048576,1048581,8,AB,27,1378961.000,1392489.407,7606204,7606204
random-1m,5,writer,1048576,1048581,9,BA,27,1536923.185,1620725.222,7606204,7606204
random-1m,5,writer,1048576,1048581,10,BA,27,2910690.593,2295683.852,7606204,7606204
random-1m,5,writer,1048576,1048581,11,AB,27,1789714.593,1348867.333,7606204,7606204
random-1m,5,writer,1048576,1048581,12,AB,27,2396557.852,2809021.333,7606204,7606204
random-1m,5,writer,1048576,1048581,13,BA,27,2484174.556,2563630.630,7606204,7606204
random-1m,5,writer,1048576,1048581,14,BA,27,1753026.333,2028775.815,7606204,7606204
random-1m,5,writer,1048576,1048581,15,AB,27,2115483.519,2973709.889,7606204,7606204
random-1m,6,writer,1048576,1048581,0,AB,10,1700179.200,1584778.200,10227644,10227644
random-1m,6,writer,1048576,1048581,1,BA,10,1896833.500,1541876.600,10227644,10227644
random-1m,6,writer,1048576,1048581,2,BA,10,1785049.800,2630444.500,10227644,10227644
random-1m,6,writer,1048576,1048581,3,AB,10,2004994.900,1600708.900,10227644,10227644
random-1m,6,writer,1048576,1048581,4,AB,10,3128622.600,3943884.500,10227644,10227644
random-1m,6,writer,1048576,1048581,5,BA,10,3613882.100,3740208.800,10227644,10227644
random-1m,6,writer,1048576,1048581,6,BA,10,3602596.800,3670367.500,10227644,10227644
random-1m,6,writer,1048576,1048581,7,AB,10,3613487.300,3395558.200,10227644,10227644
random-1m,6,writer,1048576,1048581,8,AB,10,3448387.700,3606571.700,10227644,10227644
random-1m,6,writer,1048576,1048581,9,BA,10,1637868.700,2538382.500,10227644,10227644
random-1m,6,writer,1048576,1048581,10,BA,10,3727636.700,3035404.700,10227644,10227644
random-1m,6,writer,1048576,1048581,11,AB,10,3619255.600,3684538.900,10227644,10227644
random-1m,6,writer,1048576,1048581,12,AB,10,3722667.600,3161711.200,10227644,10227644
random-1m,6,writer,1048576,1048581,13,BA,10,1891446.500,1596621.500,10227644,10227644
random-1m,6,writer,1048576,1048581,14,BA,10,1703212.800,1776886.900,10227644,10227644
random-1m,6,writer,1048576,1048581,15,AB,10,1642031.900,1898964.900,10227644,10227644
random-1m,7,writer,1048576,1048581,0,AB,12,2637235.667,2721314.833,13373372,13373372
random-1m,7,writer,1048576,1048581,1,BA,12,2670689.000,2622869.000,13373372,13373372
random-1m,7,writer,1048576,1048581,2,BA,12,2551656.250,2691343.917,13373372,13373372
random-1m,7,writer,1048576,1048581,3,AB,12,2500293.333,2780491.000,13373372,13373372
random-1m,7,writer,1048576,1048581,4,AB,12,2559660.250,2669270.750,13373372,13373372
random-1m,7,writer,1048576,1048581,5,BA,12,2507075.083,2750831.833,13373372,13373372
random-1m,7,writer,1048576,1048581,6,BA,12,3191079.417,2607390.500,13373372,13373372
random-1m,7,writer,1048576,1048581,7,AB,12,2787624.250,2588865.833,13373372,13373372
random-1m,7,writer,1048576,1048581,8,AB,12,2488216.500,2988025.583,13373372,13373372
random-1m,7,writer,1048576,1048581,9,BA,12,2482416.917,2583118.083,13373372,13373372
random-1m,7,writer,1048576,1048581,10,BA,12,2634306.333,2585149.583,13373372,13373372
random-1m,7,writer,1048576,1048581,11,AB,12,2779040.417,2866134.750,13373372,13373372
random-1m,7,writer,1048576,1048581,12,AB,12,2559390.500,2612437.333,13373372,13373372
random-1m,7,writer,1048576,1048581,13,BA,12,3490476.917,2564940.167,13373372,13373372
random-1m,7,writer,1048576,1048581,14,BA,12,3386065.750,2875127.500,13373372,13373372
random-1m,7,writer,1048576,1048581,15,AB,12,3171784.667,3254189.583,13373372,13373372
random-1m,8,writer,1048576,1048581,0,AB,9,3601639.222,3613567.111,39325628,39325628
random-1m,8,writer,1048576,1048581,1,BA,9,3995852.667,3490002.667,39325628,39325628
random-1m,8,writer,1048576,1048581,2,BA,9,3977059.333,3531436.444,39325628,39325628
random-1m,8,writer,1048576,1048581,3,AB,9,3170101.000,3243723.333,39325628,39325628
random-1m,8,writer,1048576,1048581,4,AB,9,3262458.778,3051435.889,39325628,39325628
random-1m,8,writer,1048576,1048581,5,BA,9,3238177.444,3089936.889,39325628,39325628
random-1m,8,writer,1048576,1048581,6,BA,9,3443427.000,3385050.889,39325628,39325628
random-1m,8,writer,1048576,1048581,7,AB,9,3063600.111,3343088.333,39325628,39325628
random-1m,8,writer,1048576,1048581,8,AB,9,3223240.556,3074278.000,39325628,39325628
random-1m,8,writer,1048576,1048581,9,BA,9,3637161.444,3382909.000,39325628,39325628
random-1m,8,writer,1048576,1048581,10,BA,9,3313628.444,3170793.111,39325628,39325628
random-1m,8,writer,1048576,1048581,11,AB,9,3391186.667,3061270.556,39325628,39325628
random-1m,8,writer,1048576,1048581,12,AB,9,3317008.889,3663145.667,39325628,39325628
random-1m,8,writer,1048576,1048581,13,BA,9,3116338.111,3158113.667,39325628,39325628
random-1m,8,writer,1048576,1048581,14,BA,9,3889800.667,3475479.778,39325628,39325628
random-1m,8,writer,1048576,1048581,15,AB,9,3489400.000,3645000.111,39325628,39325628
random-1m,9,writer,1048576,1048581,0,AB,7,4706007.143,4700610.000,75435856,75435856
random-1m,9,writer,1048576,1048581,1,BA,7,4987707.143,4877395.429,75435856,75435856
random-1m,9,writer,1048576,1048581,2,BA,7,5029178.286,4735908.000,75435856,75435856
random-1m,9,writer,1048576,1048581,3,AB,7,4849706.714,4775542.857,75435856,75435856
random-1m,9,writer,1048576,1048581,4,AB,7,4711546.571,4977680.000,75435856,75435856
random-1m,9,writer,1048576,1048581,5,BA,7,4790978.143,4867778.429,75435856,75435856
random-1m,9,writer,1048576,1048581,6,BA,7,4744112.714,4923587.714,75435856,75435856
random-1m,9,writer,1048576,1048581,7,AB,7,4682731.286,4858121.143,75435856,75435856
random-1m,9,writer,1048576,1048581,8,AB,7,5196288.714,4914508.143,75435856,75435856
random-1m,9,writer,1048576,1048581,9,BA,7,4624960.000,4639819.143,75435856,75435856
random-1m,9,writer,1048576,1048581,10,BA,7,4706135.714,4680519.857,75435856,75435856
random-1m,9,writer,1048576,1048581,11,AB,7,4950330.143,4831643.286,75435856,75435856
random-1m,9,writer,1048576,1048581,12,AB,7,4943353.429,4752521.000,75435856,75435856
random-1m,9,writer,1048576,1048581,13,BA,7,4812093.286,4886104.429,75435856,75435856
random-1m,9,writer,1048576,1048581,14,BA,7,4934283.714,4795467.571,75435856,75435856
random-1m,9,writer,1048576,1048581,15,AB,7,4836162.286,4754344.429,75435856,75435856
random-1m,10,writer,1048576,1048581,0,AB,1,128577979.000,126540741.000,46829360,46835504
random-1m,10,writer,1048576,1048581,1,BA,1,131314549.000,126843417.000,46829360,46835504
random-1m,10,writer,1048576,1048581,2,BA,1,126561087.000,127740690.000,46829360,46835504
random-1m,10,writer,1048576,1048581,3,AB,1,129366190.000,126112459.000,46829360,46835504
random-1m,10,writer,1048576,1048581,4,AB,1,121231897.000,129252751.000,46829360,46835504
random-1m,10,writer,1048576,1048581,5,BA,1,132789495.000,127251291.000,46829360,46835504
random-1m,10,writer,1048576,1048581,6,BA,1,132708568.000,129764760.000,46829360,46835504
random-1m,10,writer,1048576,1048581,7,AB,1,125141518.000,131348442.000,46829360,46835504
random-1m,10,writer,1048576,1048581,8,AB,1,133504612.000,128138376.000,46829360,46835504
random-1m,10,writer,1048576,1048581,9,BA,1,133361571.000,129265540.000,46829360,46835504
random-1m,10,writer,1048576,1048581,10,BA,1,127920087.000,129305676.000,46829360,46835504
random-1m,10,writer,1048576,1048581,11,AB,1,126758795.000,132040438.000,46829360,46835504
random-1m,10,writer,1048576,1048581,12,AB,1,131463963.000,132094345.000,46829360,46835504
random-1m,10,writer,1048576,1048581,13,BA,1,133073136.000,123235369.000,46829360,46835504
random-1m,10,writer,1048576,1048581,14,BA,1,130326592.000,128893151.000,46829360,46835504
random-1m,10,writer,1048576,1048581,15,AB,1,122698596.000,132739212.000,46829360,46835504
random-1m,11,writer,1048576,1048581,0,AB,1,155521747.000,155252791.000,56266512,56272656
random-1m,11,writer,1048576,1048581,1,BA,1,174823186.000,153071750.000,56266512,56272656
random-1m,11,writer,1048576,1048581,2,BA,1,170109830.000,178427925.000,56266512,56272656
random-1m,11,writer,1048576,1048581,3,AB,1,162728404.000,154394604.000,56266512,56272656
random-1m,11,writer,1048576,1048581,4,AB,1,154011443.000,159588115.000,56266512,56272656
random-1m,11,writer,1048576,1048581,5,BA,1,158807596.000,155992894.000,56266512,56272656
random-1m,11,writer,1048576,1048581,6,BA,1,159661675.000,157620451.000,56266512,56272656
random-1m,11,writer,1048576,1048581,7,AB,1,154840989.000,159075919.000,56266512,56272656
random-1m,11,writer,1048576,1048581,8,AB,1,152684878.000,160953610.000,56266512,56272656
random-1m,11,writer,1048576,1048581,9,BA,1,156425939.000,154604123.000,56266512,56272656
random-1m,11,writer,1048576,1048581,10,BA,1,155380145.000,157586978.000,56266512,56272656
random-1m,11,writer,1048576,1048581,11,AB,1,152320405.000,159866382.000,56266512,56272656
random-1m,11,writer,1048576,1048581,12,AB,1,156124194.000,153883393.000,56266512,56272656
random-1m,11,writer,1048576,1048581,13,BA,1,154858521.000,153628431.000,56266512,56272656
random-1m,11,writer,1048576,1048581,14,BA,1,149767222.000,160220429.000,56266512,56272656
random-1m,11,writer,1048576,1048581,15,AB,1,166939634.000,155307376.000,56266512,56272656
repeated-1m,0,writer,1048576,712,0,AB,197,198356.330,188473.208,6431207,6431207
repeated-1m,0,writer,1048576,712,1,BA,197,188696.249,187326.995,6431207,6431207
repeated-1m,0,writer,1048576,712,2,BA,197,193191.777,183331.310,6431207,6431207
repeated-1m,0,writer,1048576,712,3,AB,197,193336.350,182957.685,6431207,6431207
repeated-1m,0,writer,1048576,712,4,AB,197,196079.442,188400.777,6431207,6431207
repeated-1m,0,writer,1048576,712,5,BA,197,188396.299,183200.635,6431207,6431207
repeated-1m,0,writer,1048576,712,6,BA,197,192831.563,186336.548,6431207,6431207
repeated-1m,0,writer,1048576,712,7,AB,197,194544.772,183353.548,6431207,6431207
repeated-1m,0,writer,1048576,712,8,AB,197,204315.102,184204.523,6431207,6431207
repeated-1m,0,writer,1048576,712,9,BA,197,190733.173,185885.802,6431207,6431207
repeated-1m,0,writer,1048576,712,10,BA,197,190736.523,195874.203,6431207,6431207
repeated-1m,0,writer,1048576,712,11,AB,197,190371.766,184066.487,6431207,6431207
repeated-1m,0,writer,1048576,712,12,AB,197,195939.904,190506.157,6431207,6431207
repeated-1m,0,writer,1048576,712,13,BA,197,188220.096,187069.472,6431207,6431207
repeated-1m,0,writer,1048576,712,14,BA,197,185686.690,185433.888,6431207,6431207
repeated-1m,0,writer,1048576,712,15,AB,197,188963.234,182246.462,6431207,6431207
repeated-1m,1,writer,1048576,190,0,AB,505,69805.489,69323.394,7475271,7475271
repeated-1m,1,writer,1048576,190,1,BA,505,67514.196,69048.204,7475271,7475271
repeated-1m,1,writer,1048576,190,2,BA,505,68635.451,69946.501,7475271,7475271
repeated-1m,1,writer,1048576,190,3,AB,505,68609.321,69141.248,7475271,7475271
repeated-1m,1,writer,1048576,190,4,AB,505,68089.457,67495.956,7475271,7475271
repeated-1m,1,writer,1048576,190,5,BA,505,67383.034,67939.982,7475271,7475271
repeated-1m,1,writer,1048576,190,6,BA,505,69296.576,68691.598,7475271,7475271
repeated-1m,1,writer,1048576,190,7,AB,505,68237.802,67513.087,7475271,7475271
repeated-1m,1,writer,1048576,190,8,AB,505,68194.719,68054.745,7475271,7475271
repeated-1m,1,writer,1048576,190,9,BA,505,66898.687,67341.248,7475271,7475271
repeated-1m,1,writer,1048576,190,10,BA,505,67193.329,68160.238,7475271,7475271
repeated-1m,1,writer,1048576,190,11,AB,505,66658.891,66015.139,7475271,7475271
repeated-1m,1,writer,1048576,190,12,AB,505,69318.428,67433.275,7475271,7475271
repeated-1m,1,writer,1048576,190,13,BA,505,67810.398,67438.154,7475271,7475271
repeated-1m,1,writer,1048576,190,14,BA,505,67413.982,67891.404,7475271,7475271
repeated-1m,1,writer,1048576,190,15,AB,505,68647.792,69009.667,7475271,7475271
repeated-1m,2,writer,1048576,23,0,AB,557,61843.108,60630.364,3626087,3626087
repeated-1m,2,writer,1048576,23,1,BA,557,62060.413,61685.221,3626087,3626087
repeated-1m,2,writer,1048576,23,2,BA,557,61757.697,60385.941,3626087,3626087
repeated-1m,2,writer,1048576,23,3,AB,557,61765.806,61895.251,3626087,3626087
repeated-1m,2,writer,1048576,23,4,AB,557,61909.849,63865.844,3626087,3626087
repeated-1m,2,writer,1048576,23,5,BA,557,63125.013,61107.923,3626087,3626087
repeated-1m,2,writer,1048576,23,6,BA,557,61537.689,59857.284,3626087,3626087
repeated-1m,2,writer,1048576,23,7,AB,557,61552.943,61378.750,3626087,3626087
repeated-1m,2,writer,1048576,23,8,AB,557,61782.792,60767.513,3626087,3626087
repeated-1m,2,writer,1048576,23,9,BA,557,61571.758,60151.124,3626087,3626087
repeated-1m,2,writer,1048576,23,10,BA,557,61003.521,61325.894,3626087,3626087
repeated-1m,2,writer,1048576,23,11,AB,557,61850.077,61713.892,3626087,3626087
repeated-1m,2,writer,1048576,23,12,AB,557,61581.399,59920.628,3626087,3626087
repeated-1m,2,writer,1048576,23,13,BA,557,62275.443,59882.623,3626087,3626087
repeated-1m,2,writer,1048576,23,14,BA,557,61482.334,59826.910,3626087,3626087
repeated-1m,2,writer,1048576,23,15,AB,557,60915.860,61747.772,3626087,3626087
repeated-1m,3,writer,1048576,13,0,AB,585,60709.137,62162.280,3628619,3628619
repeated-1m,3,writer,1048576,13,1,BA,585,61957.308,60772.217,3628619,3628619
repeated-1m,3,writer,1048576,13,2,BA,585,60840.492,63391.191,3628619,3628619
repeated-1m,3,writer,1048576,13,3,AB,585,63357.330,60980.421,3628619,3628619
repeated-1m,3,writer,1048576,13,4,AB,585,61103.766,62109.390,3628619,3628619
repeated-1m,3,writer,1048576,13,5,BA,585,60241.232,62855.347,3628619,3628619
repeated-1m,3,writer,1048576,13,6,BA,585,60737.742,60538.403,3628619,3628619
repeated-1m,3,writer,1048576,13,7,AB,585,61185.145,60671.244,3628619,3628619
repeated-1m,3,writer,1048576,13,8,AB,585,60123.624,61426.974,3628619,3628619
repeated-1m,3,writer,1048576,13,9,BA,585,60272.284,61838.954,3628619,3628619
repeated-1m,3,writer,1048576,13,10,BA,585,60438.484,61343.378,3628619,3628619
repeated-1m,3,writer,1048576,13,11,AB,585,60846.885,61321.646,3628619,3628619
repeated-1m,3,writer,1048576,13,12,AB,585,60244.829,61305.829,3628619,3628619
repeated-1m,3,writer,1048576,13,13,BA,585,60309.342,61462.757,3628619,3628619
repeated-1m,3,writer,1048576,13,14,BA,585,61565.432,61189.479,3628619,3628619
repeated-1m,3,writer,1048576,13,15,AB,585,61132.836,62278.788,3628619,3628619
repeated-1m,4,writer,1048576,13,0,AB,200,166562.655,168128.140,8211295,8211295
repeated-1m,4,writer,1048576,13,1,BA,200,166519.690,168802.190,8211295,8211295
repeated-1m,4,writer,1048576,13,2,BA,200,167930.640,173170.150,8211295,8211295
repeated-1m,4,writer,1048576,13,3,AB,200,165713.240,171157.100,8211295,8211295
repeated-1m,4,writer,1048576,13,4,AB,200,166899.980,167689.385,8211295,8211295
repeated-1m,4,writer,1048576,13,5,BA,200,168092.445,165602.710,8211295,8211295
repeated-1m,4,writer,1048576,13,6,BA,200,170696.310,167910.940,8211295,8211295
repeated-1m,4,writer,1048576,13,7,AB,200,164640.370,166878.470,8211295,8211295
repeated-1m,4,writer,1048576,13,8,AB,200,167551.665,165332.500,8211295,8211295
repeated-1m,4,writer,1048576,13,9,BA,200,164859.360,164393.365,8211295,8211295
repeated-1m,4,writer,1048576,13,10,BA,200,165609.495,170481.720,8211295,8211295
repeated-1m,4,writer,1048576,13,11,AB,200,166724.970,166839.255,8211295,8211295
repeated-1m,4,writer,1048576,13,12,AB,200,166627.085,166679.550,8211295,8211295
repeated-1m,4,writer,1048576,13,13,BA,200,166759.280,168305.140,8211295,8211295
repeated-1m,4,writer,1048576,13,14,BA,200,172098.320,168821.850,8211295,8211295
repeated-1m,4,writer,1048576,13,15,AB,200,164702.455,166488.765,8211295,8211295
repeated-1m,5,writer,1048576,13,0,AB,313,124028.355,124091.051,6703967,6703967
repeated-1m,5,writer,1048576,13,1,BA,313,128487.773,122904.671,6703967,6703967
repeated-1m,5,writer,1048576,13,2,BA,313,123818.064,126750.192,6703967,6703967
repeated-1m,5,writer,1048576,13,3,AB,313,128439.981,126793.645,6703967,6703967
repeated-1m,5,writer,1048576,13,4,AB,313,125966.275,126842.259,6703967,6703967
repeated-1m,5,writer,1048576,13,5,BA,313,125458.930,122681.208,6703967,6703967
repeated-1m,5,writer,1048576,13,6,BA,313,125277.623,123223.061,6703967,6703967
repeated-1m,5,writer,1048576,13,7,AB,313,123998.134,123401.010,6703967,6703967
repeated-1m,5,writer,1048576,13,8,AB,313,124069.652,125314.188,6703967,6703967
repeated-1m,5,writer,1048576,13,9,BA,313,126044.473,124513.783,6703967,6703967
repeated-1m,5,writer,1048576,13,10,BA,313,126481.099,124268.626,6703967,6703967
repeated-1m,5,writer,1048576,13,11,AB,313,126300.377,125834.227,6703967,6703967
repeated-1m,5,writer,1048576,13,12,AB,313,127357.236,123634.259,6703967,6703967
repeated-1m,5,writer,1048576,13,13,BA,313,127515.543,124556.843,6703967,6703967
repeated-1m,5,writer,1048576,13,14,BA,313,128055.118,125872.466,6703967,6703967
repeated-1m,5,writer,1048576,13,15,AB,313,123601.457,123616.859,6703967,6703967
repeated-1m,6,writer,1048576,13,0,AB,307,126281.906,125237.042,9325407,9325407
repeated-1m,6,writer,1048576,13,1,BA,307,125185.655,125303.743,9325407,9325407
repeated-1m,6,writer,1048576,13,2,BA,307,125146.749,125961.844,9325407,9325407
repeated-1m,6,writer,1048576,13,3,AB,307,127109.121,128675.251,9325407,9325407
repeated-1m,6,writer,1048576,13,4,AB,307,125607.274,129283.993,9325407,9325407
repeated-1m,6,writer,1048576,13,5,BA,307,127265.697,127326.619,9325407,9325407
repeated-1m,6,writer,1048576,13,6,BA,307,127683.671,126807.671,9325407,9325407
repeated-1m,6,writer,1048576,13,7,AB,307,129583.208,127147.065,9325407,9325407
repeated-1m,6,writer,1048576,13,8,AB,307,127923.336,128966.531,9325407,9325407
repeated-1m,6,writer,1048576,13,9,BA,307,125306.088,124915.166,9325407,9325407
repeated-1m,6,writer,1048576,13,10,BA,307,127785.528,125361.466,9325407,9325407
repeated-1m,6,writer,1048576,13,11,AB,307,124288.726,125631.033,9325407,9325407
repeated-1m,6,writer,1048576,13,12,AB,307,125522.261,127774.287,9325407,9325407
repeated-1m,6,writer,1048576,13,13,BA,307,124566.440,129847.739,9325407,9325407
repeated-1m,6,writer,1048576,13,14,BA,307,125572.850,125314.238,9325407,9325407
repeated-1m,6,writer,1048576,13,15,AB,307,127080.769,129111.684,9325407,9325407
repeated-1m,7,writer,1048576,13,0,AB,308,126428.205,125707.519,12471135,12471135
repeated-1m,7,writer,1048576,13,1,BA,308,126594.117,125813.808,12471135,12471135
repeated-1m,7,writer,1048576,13,2,BA,308,126191.250,126531.698,12471135,12471135
repeated-1m,7,writer,1048576,13,3,AB,308,124683.834,127440.532,12471135,12471135
repeated-1m,7,writer,1048576,13,4,AB,308,127225.490,128544.214,12471135,12471135
repeated-1m,7,writer,1048576,13,5,BA,308,126021.951,127336.591,12471135,12471135
repeated-1m,7,writer,1048576,13,6,BA,308,124398.406,127465.256,12471135,12471135
repeated-1m,7,writer,1048576,13,7,AB,308,127115.955,125445.968,12471135,12471135
repeated-1m,7,writer,1048576,13,8,AB,308,124674.773,126789.078,12471135,12471135
repeated-1m,7,writer,1048576,13,9,BA,308,126014.769,126744.708,12471135,12471135
repeated-1m,7,writer,1048576,13,10,BA,308,126228.945,126937.032,12471135,12471135
repeated-1m,7,writer,1048576,13,11,AB,308,125901.114,127283.906,12471135,12471135
repeated-1m,7,writer,1048576,13,12,AB,308,125241.562,127456.929,12471135,12471135
repeated-1m,7,writer,1048576,13,13,BA,308,124609.149,128128.026,12471135,12471135
repeated-1m,7,writer,1048576,13,14,BA,308,132719.218,126684.844,12471135,12471135
repeated-1m,7,writer,1048576,13,15,AB,308,125752.536,132454.101,12471135,12471135
repeated-1m,8,writer,1048576,13,0,AB,297,123820.582,124412.882,21123999,21123999
repeated-1m,8,writer,1048576,13,1,BA,297,125190.741,125135.185,21123999,21123999
repeated-1m,8,writer,1048576,13,2,BA,297,129222.626,127027.737,21123999,21123999
repeated-1m,8,writer,1048576,13,3,AB,297,122744.333,126962.047,21123999,21123999
repeated-1m,8,writer,1048576,13,4,AB,297,126441.694,126601.828,21123999,21123999
repeated-1m,8,writer,1048576,13,5,BA,297,125753.343,125839.727,21123999,21123999
repeated-1m,8,writer,1048576,13,6,BA,297,126841.269,128480.556,21123999,21123999
repeated-1m,8,writer,1048576,13,7,AB,297,128187.963,127820.205,21123999,21123999
repeated-1m,8,writer,1048576,13,8,AB,297,129359.620,129003.717,21123999,21123999
repeated-1m,8,writer,1048576,13,9,BA,297,128234.118,127664.330,21123999,21123999
repeated-1m,8,writer,1048576,13,10,BA,297,127357.283,130296.508,21123999,21123999
repeated-1m,8,writer,1048576,13,11,AB,297,126543.923,126062.633,21123999,21123999
repeated-1m,8,writer,1048576,13,12,AB,297,125035.350,128921.135,21123999,21123999
repeated-1m,8,writer,1048576,13,13,BA,297,127276.707,128640.815,21123999,21123999
repeated-1m,8,writer,1048576,13,14,BA,297,128248.236,128543.128,21123999,21123999
repeated-1m,8,writer,1048576,13,15,AB,297,127904.061,127751.003,21123999,21123999
repeated-1m,9,writer,1048576,13,0,AB,290,128326.617,132682.610,40459059,40459059
repeated-1m,9,writer,1048576,13,1,BA,290,125103.155,128487.455,40459059,40459059
repeated-1m,9,writer,1048576,13,2,BA,290,123760.890,126069.893,40459059,40459059
repeated-1m,9,writer,1048576,13,3,AB,290,126778.721,128229.559,40459059,40459059
repeated-1m,9,writer,1048576,13,4,AB,290,125468.162,128990.524,40459059,40459059
repeated-1m,9,writer,1048576,13,5,BA,290,125283.052,128009.276,40459059,40459059
repeated-1m,9,writer,1048576,13,6,BA,290,125724.590,129026.590,40459059,40459059
repeated-1m,9,writer,1048576,13,7,AB,290,129130.662,131803.066,40459059,40459059
repeated-1m,9,writer,1048576,13,8,AB,290,125130.372,126909.262,40459059,40459059
repeated-1m,9,writer,1048576,13,9,BA,290,130665.945,127662.021,40459059,40459059
repeated-1m,9,writer,1048576,13,10,BA,290,124234.324,126918.121,40459059,40459059
repeated-1m,9,writer,1048576,13,11,AB,290,128031.686,129287.990,40459059,40459059
repeated-1m,9,writer,1048576,13,12,AB,290,124398.334,126969.631,40459059,40459059
repeated-1m,9,writer,1048576,13,13,BA,290,129448.255,130121.652,40459059,40459059
repeated-1m,9,writer,1048576,13,14,BA,290,124587.238,125898.552,40459059,40459059
repeated-1m,9,writer,1048576,13,15,AB,290,123953.124,127890.283,40459059,40459059
repeated-1m,10,writer,1048576,14,0,AB,7,5187191.000,4315049.143,46123539,46129683
repeated-1m,10,writer,1048576,14,1,BA,7,5175780.857,4453426.571,46123539,46129683
repeated-1m,10,writer,1048576,14,2,BA,7,5286802.429,4337802.000,46123539,46129683
repeated-1m,10,writer,1048576,14,3,AB,7,5251766.571,4357276.429,46123539,46129683
repeated-1m,10,writer,1048576,14,4,AB,7,5202337.000,4357887.857,46123539,46129683
repeated-1m,10,writer,1048576,14,5,BA,7,5424141.429,4435737.429,46123539,46129683
repeated-1m,10,writer,1048576,14,6,BA,7,5334747.286,4364277.571,46123539,46129683
repeated-1m,10,writer,1048576,14,7,AB,7,5274799.857,4316959.000,46123539,46129683
repeated-1m,10,writer,1048576,14,8,AB,7,5226690.143,4304539.714,46123539,46129683
repeated-1m,10,writer,1048576,14,9,BA,7,5206435.143,4315519.714,46123539,46129683
repeated-1m,10,writer,1048576,14,10,BA,7,5285261.143,4360171.714,46123539,46129683
repeated-1m,10,writer,1048576,14,11,AB,7,5139317.714,4359385.143,46123539,46129683
repeated-1m,10,writer,1048576,14,12,AB,7,5228383.000,4263388.857,46123539,46129683
repeated-1m,10,writer,1048576,14,13,BA,7,5200209.857,4279916.143,46123539,46129683
repeated-1m,10,writer,1048576,14,14,BA,7,5226859.857,4280188.857,46123539,46129683
repeated-1m,10,writer,1048576,14,15,AB,7,5188994.857,4472808.714,46123539,46129683
repeated-1m,11,writer,1048576,14,0,AB,4,8896301.750,7232989.500,55560691,55566835
repeated-1m,11,writer,1048576,14,1,BA,4,8942006.250,7046892.250,55560691,55566835
repeated-1m,11,writer,1048576,14,2,BA,4,8979583.250,7413182.000,55560691,55566835
repeated-1m,11,writer,1048576,14,3,AB,4,8619493.250,7155658.500,55560691,55566835
repeated-1m,11,writer,1048576,14,4,AB,4,8919700.000,7039800.250,55560691,55566835
repeated-1m,11,writer,1048576,14,5,BA,4,9080465.000,6937423.000,55560691,55566835
repeated-1m,11,writer,1048576,14,6,BA,4,8812424.750,7151203.750,55560691,55566835
repeated-1m,11,writer,1048576,14,7,AB,4,8905861.250,7159992.250,55560691,55566835
repeated-1m,11,writer,1048576,14,8,AB,4,8865260.250,6985168.000,55560691,55566835
repeated-1m,11,writer,1048576,14,9,BA,4,8802850.750,7107321.000,55560691,55566835
repeated-1m,11,writer,1048576,14,10,BA,4,8893900.750,7131853.250,55560691,55566835
repeated-1m,11,writer,1048576,14,11,AB,4,9100342.500,7113336.000,55560691,55566835
repeated-1m,11,writer,1048576,14,12,AB,4,8982684.000,7280208.250,55560691,55566835
repeated-1m,11,writer,1048576,14,13,BA,4,9049844.500,7067761.500,55560691,55566835
repeated-1m,11,writer,1048576,14,14,BA,4,8807101.750,7144490.000,55560691,55566835
repeated-1m,11,writer,1048576,14,15,AB,4,8910921.500,7070009.750,55560691,55566835
